id,feature_0,feature_1,feature_2,feature_3,feature_4,feature_5,feature_6,feature_7,feature_8,feature_9,feature_10,feature_11,feature_12,feature_13,feature_14,feature_15,feature_16,feature_17,feature_18,feature_19,target
365,-0.11207411761620897,-1.370471335069091,-1.1282887813415305,2.7657316295201837,3.9824358679035443,-1.6046258962798507,-1.0586137862929683,-0.2717130187638599,0.10910045047494424,-1.1528330209014275,-1.5235300902976388,1.8617885472678128,-0.3118526843293483,-0.10581469714162473,1.8505748191950033,-0.9278551917416482,1.4703590541726532,-0.4452837501526412,-3.156042383968151,-2.2454144007290444,0
1525,-4.231477579965974,2.1730074514619844,0.03363130150983299,2.3019763630787273,2.8269428865489257,3.0205665394764933,1.594146348186323,-0.4737513144737713,-0.36388847713085193,-0.39148523957443815,-2.868417201696392,0.17126967647690197,1.2269424143302976,-3.010067609158924,3.6054732066847626,-1.7521779272483493,-0.14003259947324587,0.18933662844068566,-1.9696921354724366,-1.2492612823393472,1
1914,-1.9281685573865133,1.6015139282569169,1.7369440902069477,-1.440055463088146,-2.1477546907658533,-1.4274306116645508,-0.6178936477303067,3.0431944541966995,-1.6923398219379318,-0.5738442829117406,2.6216434529371515,-1.3306062465101605,0.4252406865273575,1.1951442726233579,-4.0705871321629,1.306855072928042,0.5527822659217791,1.5591020148717747,1.7256137623997332,-0.42215521526037725,0
1957,-1.9533127446933751,0.5325264987136904,0.71267889763658,0.5254199819624721,0.7367296101092629,-2.481833080934866,2.5804696362437074,0.6540657557518696,-0.37564274123828933,-0.9938464305326766,3.2095218490928565,-0.7193505853193635,-1.3726739234720438,-0.7463341263440115,-4.768002901637193,-0.1207875505097149,-1.1242852891689354,4.217588398354081,-1.3730263463050196,-1.6030807521380503,0
1108,2.8985878451867517,-2.257015181284829,0.7008664510548424,-0.950932077018621,-2.8489592206051686,-4.393949622663377,-2.115547353452455,0.07463440753425954,-0.004227497747253465,-0.06860057857257823,5.386707348206449,-0.5752897319410818,-0.3582198731863914,1.0791914898518893,-8.038623237984337,1.5517022352787329,-2.4851830625719815,2.9878918601444315,0.5786026678251579,0.6170935479401171,0
624,-6.749778592306747,0.9618747841763581,1.0133998231900496,3.1138495497681564,0.40030241232047326,-4.766629897804422,0.031481959308703254,-0.34388747732379166,-1.8249604812902063,1.0584100502205742,-5.182603401452537,-2.093848530411529,0.04256386914294591,-2.808134803475754,-0.6353951719931455,2.3745693264246714,0.8372606163420597,-2.891846004910657,-6.46546177986181,-0.1580364093187935,1
1102,4.244001380912275,1.9691782216753069,-0.9924596950201504,-2.384476161346088,-2.4844196850917237,-1.5320306107555393,-0.5711306066265065,-0.716569556240348,0.037337063028996156,-1.0869918160391618,-2.0603852550851793,-0.2910409024265761,-0.47587039645813434,3.2360080021012574,-1.6610398209915527,2.927552387538676,-1.9443197310682856,0.06736066387971551,2.3030469130218165,0.6499755881725213,0
1913,3.938913606605555,-0.19322145176915562,-2.397559221682356,-1.4627588880315348,-2.7833431542807174,-1.4568898733489652,-0.8105094890408671,-1.2923547611745512,0.6542408950358976,-1.132950976978281,0.22119383305190957,-0.5247201694684672,-0.9433629366166872,1.8498305332182554,-2.8403972873716623,1.6945662775791888,-2.4822148857931294,0.21531439555677556,1.413145847599416,-0.02940232008580047,0
1634,3.4419578987291297,-0.5055751949920118,0.176255705574169,0.8755095928902769,-3.5768278249532286,3.9318463792515512,1.436259766798114,0.7802517245045049,0.40026459905800316,-0.36949593020715293,-0.7535277740061769,0.730216129590774,-0.10114035195551595,1.7257534484697554,0.5634274673132663,-0.4863493224871931,-1.9912527665392523,-3.8412914491850367,3.4865787437152678,0.4017144380767703,0
814,3.047523586722641,-0.7839592180903325,-1.1457201474055119,-2.847170247497989,-2.2877731323744026,-0.6562791661295153,0.6177884104387701,-1.0541561264742365,0.7329673163160206,-0.7229879570292739,0.8157233904617859,0.5064140977409405,-2.161187215682365,0.04300868244768108,-0.8860973646314351,2.233874164329764,-0.8426281127745207,0.015067908613767833,2.3950727897021222,-1.7085680830594192,0
584,3.942797917349369,-0.7193223573148446,-0.6705880893400912,0.1835716817285093,3.982790829146678,0.41976030052992364,-1.7899822172186122,-3.8588677362065305,-0.2957137347907962,-0.1891627991038385,-6.991924663871568,0.36466262698102436,-1.2576844615873048,0.2328529795517742,8.205707168022801,0.6354389929726592,1.3526645197312206,-3.2464085750075564,-1.6916027866333807,0.23760516807861556,0
402,-7.852131239750661,-0.2584541715870259,-2.151814789925235,-5.2540290489404615,-1.375667915226928,-4.678834835791621,0.4833027350003073,-0.11082338599336272,0.6255034328668321,-0.6939990367595207,2.5113283139907026,-0.6700402725647422,-1.2050899488800637,-4.568002576694055,-1.0020747727735144,3.1061854104278033,4.557610106909368,1.4732466823640054,-2.1494537467348658,0.007657662765189226,1
818,6.94864452539896,-2.222331873628481,-0.5008161935854446,-1.286594837482474,2.207944841955864,1.0852374456745428,1.9055472583569697,-1.73986667694006,-0.2593111546340405,-0.8112626920285985,-3.7974510988444172,1.4677338069977224,-0.3627132368625836,1.8887565433356543,6.860743318410947,1.2003769537099822,2.0335768905983818,-3.64029700036297,2.115684170471937,-0.5361926457426797,0
491,6.586795955403659,-2.025216929775011,-0.5221585522971769,-3.2234063008853218,1.2590908948304027,1.269232765275682,0.5120933731939696,-2.1779700017262806,-0.38390930787055316,0.9568565970935443,-0.6316050522227818,-0.23077307168842937,-1.4120746478442852,1.976095320783711,4.942894215567776,0.23567167801300215,1.5580285314445215,-0.9202760978651212,2.8296611669042875,-0.19863262636244666,0
1364,1.4033297426238975,-1.5645649566347968,-0.23343234705635227,5.7744809486778275,2.720531089258902,-1.9628308974102577,0.05806098791209053,4.405248830645942,0.43235501926034786,0.16384280472048482,3.952163102224749,1.0602313874610012,-0.24571980225580262,1.5846047325729917,-6.0439937999792805,-1.151636091027369,-1.3142335803652192,2.326347761289633,-0.400784773656371,-0.007190219904026541,0
60,-2.466997870112132,2.3714510642553996,0.5204867263323675,-2.8145883588489347,-2.6917861206955473,2.3559913528779246,1.0051173444612231,0.8243670442688507,-1.9271375181226877,1.0338675490986793,0.537627078711781,0.6471263001112961,0.11000829231405393,0.34224799726572597,0.5460086189961966,-0.2924649122314642,0.6621823662712929,0.03330183971465983,2.1415090292118126,-0.7315361891236162,1
578,-6.63031049925962,4.290975458129709,0.19487758626407647,-2.0418975668393258,-2.4089144129587083,0.781461020419914,1.3581741466094899,-0.4566820761113364,-0.17863568821022482,-0.033812753112964604,-3.206146705608641,-0.21968239662703457,0.7514250585366856,0.2844319651017517,1.6950322119233903,-0.613477599261419,1.3616602842879,-1.1272305734012504,-1.9844066585249647,-0.24681551239941912,1
1745,4.785984260739679,-2.3035678646951427,0.10472982818024763,0.7812328182225794,1.5191072694637469,-1.301215779529831,-0.952779273111743,-0.34158094396302185,1.4923273795594032,0.018337805883243314,-0.2574566956806684,0.29163653719015953,0.9629611461333,0.8102719439149282,0.35512144310584515,1.2085169476277895,-0.205241484729497,-0.6284260198724694,0.7447270248530964,-0.7156177365355855,0
1439,1.4640761121427481,-0.7805820200420028,0.3077739757291822,2.01336065220386,2.3607024527298632,-0.7172457296253723,-0.7499398923777506,-1.2380789620851838,-1.5388820198522517,-0.9979473201720525,0.03979086034121578,0.14774923189139075,1.2730125032910529,-2.476830246063913,-1.096096934495044,0.6813339880928597,-2.416533486913205,2.0988891154635323,-0.8820274712339295,-1.464692720827953,0
477,-1.9428499201844438,0.2931788564164427,-0.7412794173566432,-1.3988291608177075,-0.05861485385970944,-0.4469080729970755,-1.6724862683824744,1.9414012524367537,-2.013193027082286,-1.003867217589403,1.8870036273151765,-0.1653245218334539,0.018104145576921023,-0.35021858311505716,-0.5226838901164649,0.5887708518347855,2.0052171701094625,0.8146361622357157,1.0362212327521965,1.1190646643433777,1
1038,6.944044380880271,-2.60250535545334,-1.473546220838392,-2.7976564654224227,1.9073452458212126,1.5654616400949348,0.6435255219556035,-1.8275722947372386,-0.6291162915610499,0.7717794982943202,-1.781134362470784,-1.7324703296365305,-0.09675227257328221,2.536329206269804,6.911265031704752,0.06570425948838832,2.8975684734841254,-2.6690649503931043,2.7010782836496037,-0.6722173197732694,0
215,3.7019611006154465,0.09760664531070029,-0.44389276913497067,-4.718918117265241,-0.04682268008217294,-0.5574607467361312,-0.6002514431378698,-0.8703210282154756,2.144808850262435,0.47393662245082147,1.364310501898336,2.1648415075700673,-1.168112031665671,2.380812009253649,1.1819485400773795,0.9387155069508799,1.4998136123349703,1.869851897876329,2.7965863287168276,-1.8915283312235691,0
1032,-2.1486480956319545,-1.0150649232348035,-1.3119497264742348,3.8664040284497267,1.4346152348893357,-3.030395025046265,-0.5695283503967594,1.2951933375018096,-1.317228829410069,2.5447860171427235,4.159554595589507,1.5337443406060407,1.0136617030024226,-0.17453248574707458,-6.503474888572772,-1.9957781515754738,-1.7127109543475423,3.678845396260908,-3.395670900419099,0.4631322209693843,1
1260,-1.040226085498071,-1.7662249180116474,-0.15653430549704422,6.691075148687544,-1.035397377708398,-2.853110242053475,-0.7814138970179102,1.701223337331522,-1.362957851679729,-0.8322575714491243,3.357765297512925,-2.530763725101647,-0.2920272262642996,-0.15260172137437422,-9.105496327869405,-1.4699706017141934,-4.551944759786886,1.2784712153936637,-3.413793231124957,-0.20019577174550693,1
810,-3.1856830772617326,0.5184578161404416,0.49500154038506383,2.588446166656894,1.1605156653588409,-2.7761537743921494,0.8393074134880388,2.8694220969338087,-1.592896023491568,0.6486785075675404,3.5884329461570794,0.09262195654440097,-0.5375449156059958,0.13422879929028753,-5.833284669989189,-0.7621287416009355,-0.40935550494808126,3.5150392443496736,-1.8946832332806893,-1.1035503309805343,1
1976,6.502408084987727,-2.1270141382995718,-0.7054382560326399,-0.8932742890867512,-0.28096930286635524,-1.4648314980487882,3.3813795793271875,-2.541533530892077,-0.37812374862479503,0.03370624500240728,-1.5172801977601653,-1.3092257309096462,0.45681416415243303,0.22884586866420453,0.4023221409799524,2.7672631777416923,-1.9025994586272592,-0.9707508610862676,1.385815140930087,1.0511599022711635,0
734,-2.7089399647654226,3.9058925217460385,0.8888866107349608,3.003903559927937,-0.05673959242215598,1.049497669001448,-0.07564960096971216,1.057226164916949,-0.24748718219677282,1.8467304844404147,-4.3247533377882705,1.9701755760465918,-1.3063757016570725,2.1974429077799615,0.17847373085565102,-1.1996180581559792,-1.1651397952728582,-1.3332027901684678,-1.8979676852473282,0.6333684111160744,1
703,2.052247953772737,-1.2963278755629706,0.1892752142897434,1.683693170974943,3.767394856601695,0.24708769977622624,0.6794251648718029,-0.049643046349866604,0.06462211095403998,-0.5655891900492043,-2.469661066948797,-1.3340652187469577,0.28828823761908323,1.1654531292162718,4.422758987990051,-0.8765764142896684,2.2619388379261305,-1.8815828326384128,-0.9917665212974127,-0.5824575900217107,0
1947,4.804692108606893,-2.299203452402805,0.5442112291026963,1.5109506335609135,3.641747475068684,0.47406550416989707,-0.6943103769055179,0.5288068242190354,0.20740217982248593,-0.521565750216128,-1.9042080965944648,0.640528091330294,1.6348162528952446,-0.3930323851804336,3.8645159538549994,1.5219088018233622,1.1698356744402596,-1.864237967095742,1.669440066619875,-1.3612733006316424,0
1048,0.20872750976978363,-0.3122366705949413,0.6339790680887549,-0.4267305108480767,3.2827699273754622,-1.1743849015828813,1.581992151813368,-0.9977635444501057,0.437658260115639,1.8451165502324822,-1.3632252330602979,0.3274321875956427,-0.7315362066229312,0.8312428112797718,3.14356351666509,-0.7160765585735316,2.468242666230847,0.37636816769782944,-1.858787103985783,0.7937871811194738,0
140,-8.618076539555961,1.2997105388554613,-1.021600533021185,-0.5357567740039062,-0.9946806952079786,-4.549559330951251,-0.37813952376788745,0.4225392831345053,-0.9012964058801789,-0.4397616167961011,-1.2381887474983666,-0.415493183859777,-0.45938050737156916,-2.570786480789021,-1.654423788626385,1.7145900916862913,2.6700378012349875,-0.615152332217586,-4.896675009505732,0.011487587487931657,1
1330,-2.65139148186057,-1.1553812362080285,0.5458616176300641,3.784040360611414,1.903404720927779,-3.3604170186083957,0.47827959877458837,2.888007526918002,0.995808419066072,-0.6422434758072416,6.420521437050821,-0.672320377868186,-0.3470418409116887,-1.1243829597009003,-8.208623515686716,-1.3712052560293273,-1.5228945481027636,5.349420218786305,-2.254133320803771,-0.742009780972356,1
175,4.953738309959783,-1.6536698946804158,-1.3843933856291464,-4.82915839992873,0.1216308305343643,0.21575927163819136,-0.3327593727151333,-2.5083696549167582,1.4865067076467875,0.9788633851637756,-1.0550664571851538,0.9255187392739841,0.4170217809065739,-0.587237915310425,4.548807953179886,2.809325260503486,1.581369074857332,-0.9265227627027686,3.1725556562997155,-1.10132188715723,0
1173,3.4649858547994516,-0.8728879797646076,2.547179538505808,0.8395117167913995,-0.06625804110966405,-5.448393442249018,-1.647998407186215,-0.18328954036994716,-0.0421073958397195,0.7629173720325721,1.0919551294571674,1.6302781680119864,-1.1541693425651698,1.6871418604721127,-5.9230509204732344,2.5747494604758208,-2.3268946985215475,2.275250240153418,-0.9978166831666662,1.3130920498676872,0
1375,2.6448504949620717,-0.07300987842371454,-2.056205645264633,-4.212547205014009,0.022418814438621704,0.13453985099495452,-1.8114320773093515,-1.2862828468985246,-1.5086288725636157,-0.5980724635634497,-2.658872510511538,-0.41786853572519367,-1.8329497671006212,3.0431602516386165,5.653230879092425,0.6466566857824854,3.8016642272741206,-2.5750435345107636,1.358652717024576,-0.3538077311477338,0
1341,4.788614197387792,-0.7572230821368382,1.1748140042022381,-3.2341476348879827,1.397093527602185,-2.6605187544829283,-0.5779312352273855,-2.4581166094876217,-1.4714001895404902,-1.0871658818296412,-0.29306344880763635,0.6455131269573624,0.705149197424597,1.2460819202864708,0.8274505881454791,2.0900903192086586,0.3098020061539022,1.9472582946496253,0.7667981777523574,-1.129843980661523,0
1888,-5.168222543181759,0.005134774199542003,-0.1594305572584451,-1.5775388593691475,-3.8542934379655196,-1.153278043519701,0.20037250881476132,2.6829293361145092,-0.8577090491388419,0.6132909469978739,3.370198266297502,-0.3617389128311835,-0.017683140191789945,-1.3465211457773967,-3.618717673928482,0.9640393608406493,1.5850296316153367,-0.4813667676576564,0.48686954586709597,-1.152122300856497,1
173,2.604116489419723,3.12577778982397,-0.18512223145898674,-1.2086304468525069,-2.025542022680604,-3.5558702931358703,-0.8629049171910403,-1.61746426490823,1.4446563025341541,-0.2429572944059196,-3.5528263996765386,0.6602682269677509,0.3881248720218306,3.724534632280058,-3.052754180703416,2.692059194192394,-2.7559035922330826,0.7856713550862262,-0.6394749818475751,0.11465901118537852,0
1135,5.930469125317729,-4.046061350543614,0.2849597398215101,-1.9938141457815726,2.309501678341001,-0.7027718182251349,1.1528429764462822,-1.5962113699669764,0.47282764383999476,-0.6465344627846973,2.027042416664448,-0.44135960575682737,0.6472875880842702,-0.8380906922262794,2.212384357634164,1.2334105661261279,1.1364866813118746,0.6810295355725979,2.0990702357828575,-0.48549117309700135,0
599,6.057691634930537,-1.584664779618992,-1.4021656108376435,-2.1075627584616075,-1.9915638084409228,-3.4467442158649133,-0.5840778706539363,-1.68772226569044,-0.5426523906835798,-0.8192250525950654,3.0175733428540625,-0.8618184662105726,2.1482898919511797,3.3738087677405533,-4.970637508916319,1.0535799521958242,-2.4088419324982846,2.5377005541692244,1.1135253069458355,-0.028294165326547424,0
1750,1.0755259021966914,0.9609736985108273,-1.0351515425146436,3.039240178842182,0.4204979347595359,3.1192768596190144,-1.1315066880351223,2.3422145660741,1.22473058141513,0.6134273052626306,-2.985221154470911,-1.6472821381536167,-2.9939077739943354,1.7189336537611335,2.4343052435093804,-0.7050557243382909,-0.0283852992214908,-3.4025733656068486,1.4962790409282412,0.5583037681410778,1
871,2.4574061450607005,0.514608047930422,-0.3624914267815199,-2.48096879205772,-2.8015781272897735,0.030330890025268113,-0.8246482778505954,-0.7287250115519253,-1.4322611552312137,1.7231774570813612,0.5506258336212922,-0.5057293383829652,0.5532634252012787,2.099069297981603,-1.2391965982819926,0.6660362920254981,-1.0449790199140483,0.11369101532231107,1.9870811342287933,0.1136827732297557,0
358,0.33342355737216867,-0.17742294491697086,-0.860141473900624,2.0475029325396155,-0.4575968759961082,0.13079016267172539,-0.7892667277146216,0.13035522230179308,1.4458524216807396,0.7433968331490837,-2.6960797467621687,-0.01898260191950097,0.6228585221517209,-1.0086223156135117,0.46036228421793435,1.3975646437861806,-1.0909397906608733,-2.5894945620405565,-0.28720833327883566,1.7224962801661003,1
1741,-1.696868856230333,-1.7651764160094943,0.5206892549600692,2.7995807361911345,-0.6052250010339444,-4.615878949323385,-1.0901357753869534,2.5833391251860895,-0.5258108411164967,-0.6268027291420103,3.2411873123192927,1.8674520603242664,0.3893401044742117,-1.2078477421215668,-6.983981395287853,1.8166882408018927,-0.9141702366305475,1.1222291542592644,-1.6805221081146824,1.7896647134111534,1
685,4.03440623151368,-1.3620122050100472,0.6064869055821956,-2.872054363917753,-1.0937797833412568,1.3440806106552123,-0.6485355024042687,-1.291455749049024,-0.03444438892028982,-0.5854756985656424,0.8447676151737663,0.9942825946256293,-1.354758628401744,-0.04821356786420283,1.6481729108466692,1.040792270381338,-0.15612280667742118,-0.3199527767730579,3.187390320451556,2.1540666782442686,0
1824,0.00945836686797392,0.15845683496133645,1.3157046702060489,3.514813039174525,0.4870678315431094,-0.02946592221845274,0.03604621034225015,0.17788925261783406,-0.8549648999284019,0.13046604871836995,-0.5072532576348617,0.25442319634210925,0.05186441103237703,-1.0606296286178205,-2.403806287273977,-0.1499850944281349,-2.9250886727010235,0.4509232715646774,-1.14107221506445,-0.9268597874678672,1
1886,1.6111959829609135,0.8738299520583133,0.506914533802686,-3.135256887510295,-2.6297445839347136,0.2727978635493332,0.19085462576655246,-1.4114221640844544,-0.5038347183878088,1.2288700498082028,-1.1125664186137025,-0.6413316230872068,0.2780610237095624,0.18952400040396633,0.5014183265032258,2.015945331834194,-0.776014251019701,-0.6044668734328786,2.02277050930973,1.0304063167167246,0
138,1.2284180112474394,-0.39479905562162376,1.0632388345999189,-0.12275611228427526,0.8368038846515864,0.9090734507853164,-0.4091045819369358,1.5921408270509683,-0.3818732689796372,-0.6700144454503772,-1.2532220194192079,-0.4324358719390246,-0.22789862167780095,-1.082096954634058,2.3722680618020524,2.160108387028828,1.3045985667683984,-1.7784238395790966,2.4114876956225757,0.32184378933829766,0
1883,-0.564727226907057,1.041340916923382,0.5890866833940317,-3.0175858273530536,-0.44118758990738494,-0.48207559581795006,-0.06088420661115259,1.2718980568759397,-0.21217701847471657,1.1923189134981431,1.282169862573852,0.952945348047118,-0.754584104083422,1.3049534555487536,0.18880745124832535,0.7208516950725836,2.2168666216293706,1.0507360324142727,1.725085412312041,0.37091156273571607,0
104,-6.816431351672114,3.4656350394799613,-0.359766252800485,-0.6321778981178015,0.3675735272942049,4.715530213130587,0.935755439110445,2.538728510705072,0.10056512074462925,0.11138370435793295,1.3060251855365952,0.7481825100698004,0.03761237295599972,-2.5609237428187526,1.8863691774216258,-2.151211957601765,1.4935594232508884,1.7012094928598953,1.3793133420495183,-0.8920026771809599,1
694,-7.781209626430509,0.5943059605195149,2.739024031275078,-2.6650855168543854,-3.3029464377962765,-2.801390602891399,-1.245284493045307,3.769224086622689,1.4508152845045112,-1.3227581795717187,5.013884405521364,-1.2937297362252804,-0.21208868411598827,-1.3952074253226576,-4.782549823993175,1.0368911159640382,3.346539379493883,1.2573476119835814,-0.23633651655532084,0.20368583028505072,1
777,2.2191705540238953,0.3696215107067804,0.52091919755527,-1.1304032263159443,-1.4014697385360488,-3.175266216946446,0.6416019412013698,-0.5318266589781317,0.5158394599482095,0.8291195930981083,0.4486968300187372,2.2285106640378554,0.019201214926769336,1.8337540750260728,-3.6410740704406703,1.892541468938207,-1.495927351825447,1.4534492269438886,0.1000665911573877,-1.137732548801542,0
1772,-4.763494791852923,0.8371796390856705,0.23149298234227872,-6.042371703106296,-1.589922939551896,0.0997593468308156,1.7049218198846172,0.8896439394057754,0.8944147542239541,-0.4078935782407706,2.6047123407980606,0.06593987234314741,-0.09679650419866553,-1.8198397185441557,1.8643092624509499,1.0826635074701652,4.574043842820717,0.9383271081117606,1.779807514664058,0.7470164995431929,1
1090,7.138203318411611,-1.9730098581212965,1.1101502049250835,0.8234901226286891,4.067315503190857,0.6460341479626454,-0.5283885260288124,-2.2585018414587474,-0.19180265743959757,0.35919278448001685,-1.3086872267007141,1.6545274229498357,-0.22035278333867872,1.94022119912491,3.481797026773175,-0.9691829799558362,-0.5086099345712174,0.5105115310443362,0.5573933021886612,-0.2428312870401462,0
1717,-2.1069127078963037,3.3523544225125725,1.3620668440553307,-4.758609733162882,-2.842724085107534,0.6690890538205323,1.2003783380609736,-1.8144039162632981,0.21280175602735682,-0.3921404581243153,-1.6413586810401428,-0.8773589523988886,-0.6713490061722328,1.1187805396798394,1.4986532181769456,0.4006392650129348,0.5830007605040974,0.4304252853228623,0.5866642718195478,-0.8177105570277468,0
1370,-4.354850617649186,1.322935822335206,0.7084231175159456,2.6423516861571064,-2.1121921872107468,-2.3000227162423914,-1.0619252587684773,5.079367525059707,0.27226942158488787,0.9796612898001915,1.4894896389489567,-0.18953724219264123,0.23558016604489726,-0.9480954135505173,-6.170754752939354,2.4861821912716118,-0.4853143184577353,-0.22712528381811992,0.2769921785355375,0.16018579170823816,0
1390,0.30593816117291445,2.318132201033858,0.5472170755488535,-2.8264723998211534,-1.4293058761707815,-0.27705313230823975,-0.4161062454402051,0.08100843971885574,-0.4681896120792473,-0.6198139469902104,-0.12303751737759984,-1.660347275712465,1.0173545216874078,2.3079345329447603,-0.5545777527703826,0.6060440542802688,0.2063228765616184,1.2493517596737767,1.4179255872707641,-0.028669790571495154,0
351,2.7030829955186633,0.5754662220805007,-0.9126746569740078,-1.798573392133386,-0.6790301925279429,1.3466060300789666,0.03221833139810503,0.408761174925548,1.0858585198589592,-1.5510547120598146,-0.9698510726349175,0.5551608476427514,-1.0998584483778429,1.312745205033575,1.830015274818235,1.1989492326692168,0.4111556569297353,-0.9669189953615266,2.9846918142210987,-1.6134089578711797,0
1787,7.735872482914862,-1.9241335141945728,-0.2635640890398266,-1.639145119363742,-1.11489845051124,-0.32036713055322447,-1.0012666736642681,-1.1897458973179338,0.04243883281415989,1.4809574330794657,-0.5090706720362864,-1.3017705192262194,0.16231366600402677,1.5385038962056128,0.27902574092660737,2.7439988940009283,-1.5742269390941384,-1.1575407946350125,3.647165655390102,-0.3070812075120209,0
1366,-3.631684262005537,2.8844529671756223,0.2176102208559508,-4.909230849119538,-3.8854475120138545,-0.12686688797058354,-0.9701134701473797,1.2117214847043378,-1.4025302281175536,0.46233442372997563,-1.4754363452652235,0.2874200236953322,-0.20129239049088404,1.966156991299673,1.608584743497439,1.5529497349084185,3.4484946514734007,-2.1821088026439552,1.4795551989693634,0.5130133506332842,0
88,2.87724490806163,-1.676565748713139,0.8336484538022316,0.8883313064735417,-0.2786598710910668,-3.2334566656026844,-1.6319919703658143,0.9499395568979669,0.3301309182675865,-1.1577282599671408,3.0144303688527976,-1.6261974500956746,-1.329791588532056,1.0196719049188347,-5.19101727392787,1.296249436034648,-1.5729645279438125,1.9405373350005801,0.3816263146382052,-0.05466309089795393,0
294,-2.372036287335749,1.3623731644118529,-0.7413885154844,3.7575446294423527,2.712355035319709,-0.3071297466303041,-0.9267350580828552,1.2631739392764392,1.5043014693530408,-1.1056500718480229,-2.9637921271446976,1.1205180013063423,-0.31990386896582684,-0.5273791506187975,0.772011451497528,-0.25347763923791045,0.0940850333166181,-0.6762463810755457,-2.4042917547855693,0.6902675284837353,1
1459,4.795672288294826,-4.006673174801873,0.48864938654220147,-3.2575340607688243,-1.3804412534494592,-0.6452899777877944,-0.5049850294748622,-2.1451202410253423,-1.0054442168168691,0.007530475743061999,2.208397042512083,2.5880984459493512,0.05779138684893917,-1.9434157949259574,0.6669232128289028,2.4190722476265503,0.011295862837214399,-0.6377650601987552,2.6686021415462733,-0.4552231095254244,0
1867,5.954314499900132,0.3706377890990675,0.34572448583465143,-3.0005124109969064,-2.159649229868636,-1.0311851185441447,0.7825478826289901,-1.885598765804188,-1.414921185182156,-0.6548699435146476,-1.3537784792858507,-1.1291955621870147,-0.7634568558216014,3.8906547243133645,-0.21960588686301147,1.704113965756882,-1.308535536136619,-0.3555396285916026,2.2591668245741436,-1.4164552551139826,0
1513,8.268381235075955,-2.4242217073814913,1.5559798731228935,-3.4690002031839513,1.441015141323614,0.9283878651847741,-0.7112430105947853,-3.149078281262787,0.24828446898066409,-0.41702112434775745,-3.8207708316937063,0.837090129827661,0.9575162624512442,2.5081339132535687,7.733662744571037,1.4844332029208842,2.322403600914203,-3.5721169248026126,2.6666710502753164,1.6157110312813867,0
5,-3.1886600831523526,2.756947919631816,0.7674120332025199,-0.022188556679754865,1.0157101566924869,0.9631918207508605,0.428873904562029,0.04436779733388552,1.2704355302957624,-0.463810041912604,-4.799133852385439,0.5318334566527507,-0.20193134239398638,0.07921548587804628,4.270464758914006,0.1802955946049175,1.9276360244101676,-2.1245952235436887,-1.3315188319744402,0.522207978137132,1
1793,1.5393724154615631,0.24222206133993507,-1.4455136183447064,-2.0201107030996184,-2.2700668375842437,-0.6948544678814397,-0.48718452208235796,-1.4891691947809007,-0.8731290851072967,-1.4210788230155276,1.2566988743160437,-1.0911146485256737,2.1991089449501215,1.5388650492077849,-2.11420407564863,-0.10265453810989533,-1.4377322812304936,1.2286874279357582,0.46984563409428215,0.5157762737305697,0
1842,-7.124804479057974,2.413137326729249,-0.18671066448166257,-1.5968378891511283,-1.6898148456501394,-0.372837880470101,-0.12350386032862361,0.798749558247465,-0.10412761989598546,-0.826347104858452,-2.2257452899129695,-0.29824899915350717,-1.9899069997826677,-1.1086167389673223,1.7534616105947243,0.44382928432893465,3.0298653450400015,-2.0557211700360853,-1.9817258749377515,-0.42577397086686597,1
291,7.885283638680227,-4.424836245448391,-0.4530046339714845,-0.6860425502492322,1.6997600681614995,-2.310122164434776,-1.7102835382962844,-0.6241698499906702,0.4764950955411192,0.35250476637083544,1.3383528607358963,-0.530350812014786,-0.23792798634038423,-0.051849095493381014,0.1360032506399776,3.0838205120679887,0.03206852081664735,-0.22577684037393753,2.595377063192453,2.120004932526291,0
1259,0.9314176689864466,0.40455024173924725,-0.9636009838969378,0.44928128913698806,1.206649792563124,3.4550482982685566,-0.8011956566703804,-0.017388733231277653,-0.9377762386608685,-0.7232068838509071,-2.018497093469365,-1.6897221171868484,-1.3132693571593264,-0.10898614492080916,4.279209316006002,-0.9925746133580018,0.5626353355776448,-1.660651943750156,1.3602197455078393,-0.3470352288724135,0
1529,-5.681052330689205,0.33430753034066696,0.1975312460410903,-0.29811696252696324,-1.786591454734483,-1.839761922941617,-0.16808477572041713,2.3181444800307864,-2.3431064419819947,1.0947674221924517,0.9819815397275148,0.5401159862660913,-0.11811794933221652,-1.4704519533879636,-1.8439266369688583,1.033152533652724,2.270596806907037,-1.1029660552663825,-1.2631239485325643,-1.916488464603177,1
1742,-6.5543207047276555,3.679318127469533,-0.03142619256299714,-3.345800004448746,-2.18188599923681,0.03888128041634985,-0.03178014764600046,-1.3082541904825857,0.07720354264587377,1.4031097816145863,-5.617210459236503,0.9538185270000392,0.6285108493625419,-1.0743636393750884,4.616691401603948,1.5165004616624966,2.9753605877537224,-3.2737809393112953,-2.033798362897978,-2.4519608409485802,0
507,2.57006749583358,-0.3449270587354599,-1.1569358823959361,-0.9434433708524919,-0.7147979443923734,-3.284426843547211,0.4171521189245343,-0.43848578737907073,-1.35504049960876,-0.20207683815552033,1.3531825470845786,0.7845447727103492,0.5404852192317712,1.574486472806703,-3.7338248878826934,1.5995152285620025,-1.2661788321818508,1.9542154523331634,0.09779020474109767,1.9635925937482406,0
1122,3.7105656069075614,1.700237053302581,1.689631096439449,-3.9497012822105164,-3.885009835121329,0.9796095948648681,0.13326966250301675,-1.2837436775702225,0.8055115418942745,0.41026203339127176,-2.7717287037070726,-1.5916079564243364,-0.4748117058504782,2.4732163025036726,1.4628899004912725,2.534043963591184,-0.8657491434620548,-2.148961047861469,3.5393341175265935,-0.839082520200226,0
1305,9.714843980035146,-3.3258621811514333,-0.06385690558600261,-0.4518463571770092,-3.5459350419056603,0.6656914064905266,-1.1206276097766588,-2.1994466978894947,-0.4751678600981703,-0.2109565813768232,2.1357834151680257,-0.969892911653715,0.9990046712568552,4.097512933473199,-2.7003774146704176,-0.5624317466872153,-4.016085369879848,-1.0676288154505076,3.161336753725938,1.083716806625087,0
193,4.8884059770047585,-2.7518144839760708,1.38229936905673,-2.9952944207183667,-2.5498291054852222,-2.498904025686702,-0.3146761438451055,-2.3482326825398796,-0.5408187099753835,-0.6741488885611691,1.0351437738112983,-1.3703302940134687,-0.488764867555384,-1.2887369579284376,-1.7912320084121844,3.913024854077157,-1.6215099518737959,-0.28302464046325704,2.061832438026899,0.716935965993476,0
52,4.638653543498591,-1.0428163195403328,-0.4329771213811381,-3.7010018026935607,1.039329513059908,-0.023143319448515547,-0.27058433429692264,-1.2606869257841833,2.0670962863810654,0.8952201517375978,1.5043633653047197,0.7136309508746214,0.3742812135424538,3.1573503664302254,2.308745013467169,-0.690328533204382,1.9384812631000847,1.3426099178523274,2.0382275885267056,-1.357785663273478,0
1733,4.6294630417482745,-0.9558942340727558,-1.2687668882823135,1.0247622688942912,-2.7291463619678713,0.7564226153567694,-0.3432695223967944,0.27937610477647024,0.8270604627297624,-1.8613019768497334,0.6379439660772308,0.0689645075088744,0.5230594933595937,2.305302971105027,-2.6371757662731903,0.23433690477922353,-2.936801090092655,-1.2959540462894665,2.286950877123248,-0.5201335087903657,0
188,-0.13392045635053382,0.8786882941661227,0.43210525526131544,-4.817075528139156,-2.324816609731105,-1.4957555873529433,-0.6972774795819061,0.5874373102016621,-0.6954749831298971,0.7562889016818478,0.765786703178734,0.6376116436394005,-0.33215641120342004,2.771138587709239,0.32788952343533245,1.2584660408528061,2.998777514914819,-0.26463748915598984,1.6844159539452286,0.11480537065204453,0
1630,-4.8905720916651045,-0.3988269980573811,0.13811592049317004,4.015302512276586,0.5961349412992583,-0.012803343413495406,0.33127315707842,0.6261158332536223,0.8262361015535249,-0.8737368714273831,2.875688793089401,-0.3664108041693234,-1.4955805558715427,-2.0450523824978544,-3.826634018920873,-3.3114957774189318,-1.591108081482509,1.9647033920316201,-3.7006194127800343,-0.02019657538200451,1
1210,2.2149600238779255,0.3138129961176037,-0.4775067462295956,-1.1118697073647739,1.2508281126759953,0.08365270091635671,0.8900568338972447,0.5018762329570328,-1.0293718945890562,0.8362913071382062,-0.2350081260356839,1.122949466701546,0.304446675757575,1.955147013349309,1.4750430529098792,0.16468830885645658,1.2394901105983385,0.4163345884240992,1.3975952561284894,1.071909608686464,0
1289,8.514191716624882,-3.725191849522213,-0.86919835609549,-2.6629189588049065,0.5118611949963783,-3.656994389774921,0.7069898591810456,-2.174875739369587,0.8731760036352235,1.0410175546120044,2.871947187592884,0.5539955657825213,-0.5705511918025902,1.7772289189963044,-2.130632143849531,2.3470227559761483,-0.9242862905739555,2.2078590719310487,2.042093810265593,-0.42316228643028875,0
496,1.0683730691892541,-0.41465469682558853,1.8091422737411973,0.36181715951981636,-0.7059841167214205,3.5132946108758545,-0.015347218177179643,0.9682722310230065,1.4675723892168329,0.7608081653441289,-1.251056359496674,0.4897506237296586,-0.7268206992427463,-0.2551315802891796,3.22868368966624,-0.1990092982150804,0.5554599401936084,-3.1260130235446093,2.4698480599869077,-0.12062548986345994,0
875,3.489891595554328,-1.0984657032985534,-0.5861269980288284,-3.0079121473003445,2.2802650741280326,-0.6462858260774217,-0.9363663439672401,-1.9021883551145868,-0.07388876734385558,-1.5301780122277364,-3.505254566585236,-1.6238900859558503,1.033479516535291,2.439566289370603,6.831944888006642,0.6637943114721107,4.157784767474695,-2.608629713659098,0.13155000655306326,0.2510139791447984,0
196,-3.0220320788617734,1.243732691977398,-0.361293086112648,4.901959953381687,-1.6085410711205248,0.8863600716715566,0.7705823346098462,3.7231332692889247,0.57201791805938,-1.5667725584911076,0.5397717983905469,-0.5248226891958618,-0.18155743117610698,-3.198355926516396,-5.291873054165359,1.5913267636427575,-3.730234219052723,-0.23388912654296612,0.8131393063959651,0.2756061386864746,1
1951,-4.259451067644365,2.1421095393176337,1.030969433782913,-1.6250293724422804,-1.3144732808225434,1.8580926417965662,-0.7072181376683315,-1.4919165505648109,-0.729282663896826,-0.49854474600544024,0.5917914576217302,-0.5641228152067516,1.1536542423961884,-1.5917133071926988,0.1858528502687437,-1.8088488320381897,-0.6235698469935818,1.7676493881609703,-0.9990994013329757,1.0978511994260047,1
1629,-2.076367143296653,0.17339158455896297,-0.6171121901262283,4.265469317469291,1.6918718098889167,-1.3768824233243657,0.18677234332927878,1.6660668691422291,0.2307689919646093,-0.4500844103991989,0.18542383341935914,0.6042807650704551,-1.2501659501930844,0.05106037565285204,-2.7958410504985856,-1.1355867735513059,-0.8615878246546994,0.6700745101828192,-2.701166741114395,1.3185215396031529,1
156,0.22067144463792268,-0.7773771564165608,0.3553138272913729,6.149000738307712,0.5864201440681125,-2.511940860762159,-1.4288581719761153,-0.7438789851968521,0.4903409261276366,0.8430058607619639,-2.565238190611645,-0.725507512945335,2.4052342044704638,-0.8903823481949165,-3.7411163431501864,0.3425298657229394,-4.06473329238162,-1.1378934149502116,-4.139189467109452,-0.4330020000120229,1
132,5.8412197253290685,-1.238293525916181,1.1828427943000406,-1.792388392121894,-1.6413156700148717,0.7195066617614686,-0.6034295720742144,-2.2118922176005285,-1.020962847320793,-0.47213324222090997,0.06171927347562649,-1.4568257394313031,-1.179450439081565,1.806046561785077,0.2914852778097605,0.4634422368766131,-1.9033181434766124,-0.4162697531003754,2.322670637424334,-0.4094314910703472,0
1291,-7.511009773856455,2.2201800392869453,1.3737508281004498,-3.4321276426576395,-1.2363870400708938,-1.2078117788559932,1.1416380644426103,0.8093566715955425,-0.328961256068979,-1.1827499454648511,-0.8845159424442027,0.2236624895805772,-1.1654397366147538,-1.4540058457677323,1.853801800316505,0.9048024467555517,4.329669901352156,-0.7542166984195995,-1.6058876706515781,0.2717509441583549,1
547,2.2817524670693508,0.4548637339516517,0.5810433478437219,-4.465151750440714,-3.371426706066503,-0.46307832925757003,-0.48666635396062075,-2.246980561015742,-0.41415622381518863,-2.9450122536435863,-0.7102966442226838,1.291902284875801,-1.3624690616657156,1.1854069916844376,0.4451167216061903,1.874892086640597,-0.34353511096747225,-0.6212576073674265,1.841989205908165,-1.0939253127259576,0
245,3.4617287077856864,-1.8231843290274563,0.9076908181791106,-2.6978985305275263,-0.9411587033295723,-2.5622250638253767,0.6763974970631761,-1.4392148008422492,-0.6191213827586891,1.8571913498687183,3.7238376066856573,-0.11817246620403069,0.5706984347619959,1.6257591777406772,-3.0657918714289147,0.2784510648156957,-0.5117382239422518,2.7125000149074037,0.6903510505308382,-1.8511866606623426,0
387,0.9510258487907512,0.6486228284019875,0.8045599326908912,-0.27350703489278433,-2.9734276918523164,-2.5214855204410105,0.9595046694616636,-0.08287808925831164,-0.5716978991019733,-0.2463263548524848,2.267524691407113,-0.049612341441400046,0.7572524152338785,2.977624863761848,-6.0150231290904195,-0.22824004865467518,-2.500346780574974,1.9656773486553911,-0.5046830456489491,-0.3129041101240015,0
1353,2.8023794421154338,-0.9785326665582135,-0.21400166879175295,3.636203778480917,0.4035435632531621,0.22038871972498097,0.4105634790801471,0.9368721926513932,-1.1857268398912726,0.3344371996304103,-0.25156908959175933,-0.7627858058346977,-0.9810188183078791,1.4832245923760246,-1.7471386454931035,-0.6888938825460857,-2.058545045414139,-0.9580032868857529,-0.0168489921402748,-0.7458810620216312,0
1828,6.382448896417494,0.3253933939892377,0.04715178899280971,-4.504627451812289,-1.9007949794232033,1.7767152355720506,-0.465424064672159,-2.913126835440381,0.881237905960013,0.7492894447210319,-5.160771695018946,-0.8225700919973454,0.5023519682536939,1.092015718716517,5.9289285288411175,3.69365564402492,0.023190665258041143,-3.747951227226623,4.191089237009785,-1.9638879460766026,0
808,1.5781934131960231,0.7596660633887419,0.5189421565817807,3.3065943870378467,1.0973667711218436,-0.8324651944042114,-0.34993185369178037,-0.36275184700608376,-0.5931787458608075,-0.17861160701837137,-2.8370907161444903,-1.5663289172560755,1.863481854290005,-1.0125434023455298,-1.486253646703928,1.7193247848632467,-3.294804946710903,0.007402986349605678,-0.8326421098706179,0.7158224603580307,1
1805,10.927033151702581,-2.311387500988502,0.5285904097687553,-3.1338231959382807,0.7080313406532661,1.6841120776418659,-0.4985784111036393,-3.6151818562949383,0.9048890028015515,-0.7830305619096519,-3.2420412533058145,-1.8172247430190243,-0.24759844976745715,1.658863966549784,5.817384587676888,2.58893370947892,-0.7644339959141387,-2.30594115994373,4.562063679209809,0.5020535236536959,0
1015,1.6967830178391032,-3.761060732982602,-2.2822880894734414,1.0781196656006957,0.06397625802345153,-3.0437465878907837,2.6049050989892018,0.6920663000752574,1.215371861686353,-0.34081408394925233,6.996498219117089,-0.5830010285719037,0.19618643561543384,-0.5948004018058874,-6.628863057567137,-0.6564499557395818,-1.4159129739791931,3.6818556294603155,-0.37717227780128115,0.6766776205031251,0
911,1.1505227982237982,2.66560158961506,-0.15545574201623238,-1.7112706047400774,-3.392189160386753,-2.580992742345695,0.8984335252313036,-0.6961073572684162,1.1832511708601514,0.8465914655267327,-1.0174519371736004,-1.9148762255399605,0.7885581695694629,3.6905226395111588,-4.090250487301719,1.4065352615540057,-2.2437424431432524,0.9839414959260021,-0.03563760579088915,1.0143992027139832,0
1905,-7.478671764597692,3.1925943385750193,0.573014058780548,-3.4271700479831013,-0.15811556600778143,-0.6100708298152783,1.767287860975322,1.3807525234338005,1.5911290953277297,1.7987012882974809,-0.8746033054813003,-0.6287197772596562,0.5028926972087077,-0.16401232687902445,2.461844300674807,-0.05550568055263305,4.868807985773003,0.1313290439514625,-1.3840832064245383,0.6691747789260627,1
1306,0.004048679473008439,-0.5048988757448583,-0.8536952688657533,-0.5650654485734421,0.5725598900643842,3.762485806885618,-0.5785797595054224,-0.17576071328329768,-0.8138051750389169,-0.06319357406075111,-1.7195136731484717,-1.0233773550502694,1.0036738079663186,-1.81102664762243,5.373117948265199,-0.3128711900323988,1.5483376142810443,-2.6763192651722902,1.7598142901537006,0.8545225779343316,0
1079,-4.390632837143303,-0.8327671337977873,-0.4183096350616152,-2.5193775868078365,-0.9025763991386775,-3.5501689837117065,-0.632837178960256,1.0049157300840046,-0.7724420967779023,0.9369484073429033,2.9355234977223743,0.1344660430178024,-0.9853543993261249,-2.857245486219939,-2.4172962084017757,2.2884971870389155,2.509631382263452,1.3393579361425396,-0.8755482607310875,-0.2918148099018141,1
789,-0.22328950322669358,1.2792753547290416,0.4816747836604477,0.7394958266382491,1.5415929423058703,0.43361392432374424,0.2502406725318682,0.256047522379093,0.5603496876983626,-0.09118201076501652,-0.7349363894691894,-0.5527060891198171,2.138700816846175,-1.1023183101208298,0.06730462551527064,0.5841267021221281,-0.9162144357578274,1.479866690957942,0.28480722194913644,-0.22528794779291517,1
1657,1.0476679803994613,-0.6647332356083875,-0.5196423781766992,0.8196947793838162,-3.935011201383027,-1.679572586780215,0.9869170286800079,2.842153961215972,-1.0994282700525544,-1.5538193716109276,4.150621936053231,1.3678377511084956,0.8617024982765981,-0.6047068119705032,-7.912431183926131,2.6741258400479833,-3.286341755587048,1.188061701214766,2.789083884837951,0.21605946760094982,0
629,0.7108793656161752,-0.5156046318782183,1.451471853052345,0.617378347752005,0.08191215057405188,-1.6431790446396715,-0.3925866187314255,0.3491259506587925,-0.18329880028824153,0.31979557059213826,-1.464040583664611,0.8944738560874181,2.103252952816242,1.495141683125091,0.2492349616240967,0.6512440775467532,0.9516134155854264,-1.7632228773825585,-0.8939378899019972,-0.014464408964078839,0
1184,-2.346404347794072,-0.029923707113264753,1.985545495024325,1.421494677445263,0.941166452414561,-2.322364105425974,1.6972826181407343,2.732487079542616,-0.81003947719747,1.620915400780888,0.05861413036576287,-0.15941442007806603,-0.5932461465835873,0.3519351074624344,-1.216634788346335,0.8956230482581046,2.1121768413485387,-0.6782384068698912,-1.1306010529022226,0.12797687582395045,0
1225,4.356337145759684,-1.99276370698769,-1.1404129827696436,0.39166252449686145,-2.0807137490764642,-0.845607833621722,-0.6128358490064855,-0.3754076273543788,-0.7607494966897355,1.8956903182804907,2.7815608879989866,0.4107551015924723,-0.25073606886201966,1.275292549579293,-4.159486822577901,0.2791647038681706,-2.8798361090039077,0.7351844479257528,1.4710856946145374,1.698237972744223,0
1678,-7.768697083601303,3.3837854890470798,1.0974305829436677,-6.5809502909304,-0.5113051683746331,0.47291994465386666,1.3201071663563835,-1.6188972562976387,-0.41386994053743464,0.5946652109966838,-3.043104770968194,0.5999296923149906,0.6223362120433905,-2.3692956054393477,6.6169385745507965,0.9630968166932582,5.615619984472725,-0.7268733335775917,-1.1881486986385876,1.1810498043768927,1
309,0.3806435841020933,2.2515181148540475,-0.18109662894636744,-4.826566442560049,-2.2778402171745746,1.8216776125430012,0.33681918177328835,0.3021854055149389,1.7122881639303404,-0.732342381146086,-0.3707371885180952,-0.707741009804063,1.6011959829417433,0.07894616014290345,1.865156008847546,2.217755423322398,0.9200925458951351,0.15510568631835397,4.193433960249738,0.21333729894785644,0
96,5.442717810898359,-2.5813121472832554,1.0073413537425129,-0.6702673138731834,-0.9798599299208447,1.536786137693627,1.0389544610051678,-0.7841138822884858,0.7140991240430434,-1.055472503320272,1.7564454419128948,-0.29060039440314794,1.0819729306834607,1.2255837974195705,0.3585812093997003,-0.42469276252292665,-1.0140555824221502,-0.803126485702762,2.7475547479359914,-0.13597274675346546,0
692,5.379963212505692,-1.2308355693729567,0.039973982269354384,-2.234283115894941,-2.1427098943216,0.8793123919316737,1.3987081778890587,-2.583991088965689,0.8925015639852971,-0.8441790939326205,-0.12693614235428452,-0.17215152469670458,0.39209885827573193,1.18389699358319,0.5636750273431285,0.719317313897843,-1.931331831438873,-0.7037724947406756,2.3264600403136875,0.6961999837452795,0
980,2.5534470178039554,1.6823535238037057,1.7635637583373702,-0.952741361338589,-3.745027203443093,-4.536448746889157,-0.5019185349972028,-0.46043126298608716,0.9994755214110022,0.3588762216680578,0.46035864875884946,0.05944390599625863,-1.2593210754256263,4.567994303699188,-7.101791912962541,1.7289954035814796,-3.2333376151793574,1.8152084663761334,-0.43837760304232454,0.24396423338221787,0
1133,-1.734421744384185,-1.3774600959490786,-0.31776299066133906,-0.35906440898053327,-2.8029765420670256,-7.75757517519808,-1.3636375891717187,1.5504744277154692,-0.6847192286004424,1.1433147227428075,9.037702388113427,-0.271759086702658,1.0591434500116879,1.2190301580556409,-13.556970800444628,0.5252327105130974,-2.2608562668012926,6.743082167151062,-2.2575941668967823,1.9497160160406677,0
1944,3.109869417096658,0.06881103529601162,-0.07679507855601805,-3.356055610486851,-1.4985515842892432,1.9220629983875126,-0.8973882300464945,-2.029932217457983,-0.42642433043596456,-2.237244416480796,-4.399394136729873,-0.659697615824639,-0.4175981505287407,0.3649956309718888,5.952278753438694,2.206775074945331,1.2831135014676982,-4.121137024153094,2.525954934080388,0.7112221889888268,0
1880,1.6718974626491445,-3.4397084880291335,1.142451036591089,0.8775024923136934,1.6503056327898165,-3.0175941816254586,-0.24252779710344127,0.6183863248333477,0.41985292044805095,-0.8931499573861587,5.588802801413603,-0.28261056676334106,0.056315553706701625,-0.8007377564772364,-4.4771608011227775,-0.2740610404574373,-0.2571525691616806,3.430109549345814,-0.5383466521468423,-0.010200390105902664,0
1308,2.7680612846477044,-0.1991343785298546,-0.6117555065064769,-3.488764685478114,-0.2513292905151805,-0.1590218917350149,-1.3001777147670568,0.15676457552606182,1.4878088155671576,1.951639835950973,-1.0980840205651308,0.2396044349401742,-0.8474261335386531,2.6932130529037925,3.394396171426128,1.2306477575533519,3.0769602708782875,-1.7266378046884614,2.306190222014933,0.6031087555797148,0
195,7.319368842990573,-1.5574630067831043,0.9366627827504643,0.5469061245733946,1.9978091803973632,0.6324751045464411,-0.49186387287153505,0.25126185731466344,0.1914049958409851,0.5026005562840669,-0.26092836825482046,0.2630985753020406,0.8146192557922224,2.887507621681257,1.399727559003373,0.3569934912562327,-0.45551165180032194,-0.26183281210557396,2.8460545409857287,-0.0440692738864805,0
478,3.2427383623350723,-0.43291081586570557,-2.0820629462851286,-2.659215416599685,3.2851329225203014,-6.03386671118048,0.7209307885864006,-0.46383453538057284,-0.024865045610980734,-1.0256136423070807,3.578801567662218,-0.03544002246677714,-0.6914927445300206,3.3882123000667974,-3.6283691992647396,0.772312750647884,1.3608278300817038,6.151373965692917,-0.9703586970002531,0.2907496814910315,1
1724,-3.9974820144324714,0.9566279897201732,-0.5972592791239608,-1.402409160886545,0.153192333687727,0.8090317628666809,0.6893736108108183,-0.5860228479668519,-0.27896304237581393,-0.5160051153502139,4.107352430598751,-0.3022304553413658,0.6828683597368673,-0.3604001602951261,-1.612356543699495,-3.577297580860907,0.36022971881251276,4.131960504782656,-1.475277714880616,1.6906522774921198,1
1930,3.4048475302798376,0.08047593742650139,1.6659938306394646,-3.665304920476391,-1.3296639373125114,0.9841024187171241,-0.5028224306075724,-1.8762022321189251,0.5319277585308271,-0.9442253919701656,-0.6939022193194041,-0.27805965464760685,-0.20607040330819448,1.3587535609929902,2.3521774763872147,0.8193759722417044,0.23132400312166213,-0.4201574424931125,2.414816914986072,-0.7273200602139105,0
425,3.2826983093512787,-3.5527528940635227,-1.446325470263694,-3.1276295942466534,-0.11213578522848588,-1.226441245946664,-0.8430684868277285,-1.3406494927542627,-0.7229206329797552,1.1105220477553606,3.8072081609402897,-1.0461603601278084,0.0281918559427058,-1.2289785538316345,-0.18200621348084745,1.0714131312569948,0.9781646705730505,1.2627303719713787,1.7744449303764125,-0.16262471659310127,0
339,12.864274007244621,-3.8322644662666034,0.7736101867097966,-1.1640662346074897,3.823656763430061,-0.7236287145760749,-0.5092062307649818,-4.244385451697807,0.08572764847877809,0.2391647222495797,-0.944748358867247,1.6079285921846642,0.5316534205161187,3.538134976913149,3.5289879660308068,0.3616886427461109,-1.2082888214389529,0.7812511647003668,2.045211533712351,0.056975475619199335,0
877,-3.091800562015145,0.435908570485564,0.23627205323503242,1.891735092621618,0.8394398279959492,-2.7060706071517933,0.3515719903717413,2.1056748204957842,1.5486736920009299,-0.715359820821235,-0.3776812565795614,-0.2685049520783437,-0.4771418923375012,-0.6121162562491864,-2.051678751571534,1.2101673985952033,1.001881021277896,-0.11406219971712372,-1.9312622257888834,-0.6798064788993182,1
1876,5.117378115415942,-1.4912869677493017,-1.3655671513123364,-0.767291649191004,1.3393994459584568,0.06771433717959699,1.4101880058351464,-1.7658356084054074,-0.032064178260131936,1.6985217907273509,-1.7946439453791658,-1.586004330952035,-0.5293552976800832,1.5105438822437147,3.0770903316776996,0.5462867063878701,0.3088571408159453,-1.2311554835977416,0.9539621244551649,0.4759730389893418,0
1778,2.7738541855188212,-3.6413650860060067,1.5526382145083115,5.466588984151241,5.242806123460222,-2.527866097610568,-0.3996007533417567,-0.7918022453589216,0.09899746145627279,-1.7974648927781527,-1.7987634203950393,-2.0735479857326227,0.48813797597722847,-0.10071990865119562,1.2200687247180655,-0.9783161690110318,0.21684555714852694,-1.282234172989608,-4.109829646387419,0.4870576425091323,0
1730,-0.39275807216031816,-1.0146498887674036,1.4656468756597332,3.06881077197741,-0.4091396496066566,-3.0742370043787397,0.5630011999519446,1.9310893049852584,-0.7144224350100342,1.0725958570665277,4.3716457315385036,-0.24716532419483678,-0.9796289512496689,0.4582299288169853,-7.684343599233027,-0.48195667497089134,-2.4619027807951506,3.00645237852418,-1.379791318556706,-0.7921754138543321,1
1139,1.8773352138913582,-0.3511074298828778,-0.02064068128375489,-4.369918249816084,1.865238259050308,0.11127271845506548,0.23922124853308174,-2.8586746161467294,0.3169529600955973,-0.5024963920205537,-3.530012905298348,1.295635686849531,-0.3095288275906351,1.858353357849205,7.840041411229054,-0.0040787733420302175,4.53540559995224,-2.1364409059145006,-0.2336551816741279,-0.8688664038193183,0
1645,-0.773511455080744,3.7425349261354723,-0.2316583943322018,-2.58577982648712,-0.6003092281486567,2.5935559703834627,0.48027405791879335,-1.7442066951155044,-0.8190152275169363,0.45049292977406985,-5.095593842346197,0.9482118215373757,2.1481226489291574,-0.10128283647318614,4.821474092020043,1.0932247395344006,0.05823325387400824,-1.2391929273017936,1.1218792148100731,1.2582556547407744,0
307,-7.772999448066767,0.2488030466876453,-0.10167024033301042,-2.87405455517646,-2.0978430127864556,-3.7613515204499084,0.8847302616799363,-0.2764061187742015,-1.6068786195305196,0.7209692730489158,0.34391327551982154,-0.09928566178417907,0.564047963227714,-3.7924469225701607,-1.0031000232944605,2.3217708885177957,3.0182905294780937,-0.4503521116413961,-3.1182515789827314,-0.2070225042100857,1
632,7.977113883716347,-1.727799960207319,-0.48106649447798705,-3.3930337800746924,0.40428196484317913,0.5958414804759695,-0.04734443864550788,-1.4154441678513074,-0.1438117210178046,-0.9024884362052148,1.0677937564818936,-0.2652032098187265,0.3152337923269874,2.441655776724308,1.8867026089050234,1.1338894018972205,-0.011489880925053209,0.7684739342196056,4.241549672776047,0.30466043436934864,0
1313,3.81131382119069,-0.37578224673204497,-0.5200480711359917,-2.711466090398982,-2.3192671803511287,0.9484863467682676,-0.7233456426822515,-1.173273145400313,-1.9705826958362171,0.5818146493366673,-0.5259794320267857,2.238852557656178,-0.983395412338567,2.1470971928590914,1.3240642822348025,0.6664946073588458,-0.15802654383975012,-1.5159362708070052,2.5285293143481637,-1.3926641950592464,0
566,5.142876859239018,-0.41044578772161,-0.9430292765895609,-0.7814165390885004,1.717911399615123,0.37247033905808374,2.5970224200271828,0.08178347550004927,-0.8404395305574562,-1.8443547259611888,1.3330744842617295,1.5899372161614092,1.0758399094753321,2.74028639148867,0.19186785555100833,-0.42799887484070775,-0.2966558324588171,2.000437904103701,2.351236890545513,-0.944831253946696,0
1086,3.9762551388426193,-3.8983681934585137,0.8947850461694066,1.113977539031219,-1.3525271153271587,0.11469071802871215,-1.0999461212393586,0.426883308429691,0.7223668329553372,1.0615779010992563,5.365776858829584,-0.5679440423895539,1.1019394161365137,0.8764038650425645,-3.9204187558156693,-1.601038438292926,-1.7383307415568625,0.7552997795333853,1.4857683234933288,0.2234117876367547,0
414,-0.8072209324352044,0.9881418106469841,1.659280472419669,0.517661901920886,1.4355451154090844,-4.321176375959295,0.6318359672133611,0.8742862755092979,1.1432245129077396,0.6897793660395938,1.5061620607856006,-0.6934251388504971,-1.2461566091979228,1.3201971224377596,-4.494518290550268,0.7435867359258933,-0.2923989162267444,3.653903354102163,-1.966465982353962,-0.40710013292433467,0
816,2.164892221592821,0.9661752209202017,0.7975349007660236,0.48921376048647763,-2.631377603254058,-1.8556445131226698,0.27377014647959175,-0.06543946743318563,0.19393081986737956,-0.060139487670050375,-1.223655864412165,0.4335173427211565,-0.8727440936361965,2.086026089327296,-3.612643069042205,1.817516227172463,-2.727016045511209,-0.5159854549071881,0.3322756966926944,0.04206485590314439,0
1844,-2.0843852451795923,-0.23341014619753797,-0.9465692186511687,1.0762306412254905,0.346580919292493,-2.8081332606465597,0.8491415037968398,1.18771017219522,-0.6227687773682248,0.19069348357950744,3.929146963542351,-1.2435385648251118,0.405414163784907,1.7728018964937404,-4.9410660975538905,-2.0896462732199472,0.12903984480472142,3.1488240441789186,-2.435426619833598,-0.4497424442863179,1
323,3.2423278769371056,-0.7309037588079503,1.042849496671788,-2.381573287924778,-1.0919841852451397,-0.2085858448179357,-2.309939117171512,-2.285375490291827,-0.16194140655570807,0.47044318346156333,0.3322778391557604,0.4445810199560972,-0.14901524156857934,0.01625549686961303,0.08271464662091144,1.0406770756878096,-1.225904358415678,0.678636766554553,1.3182497268726006,-0.7857839608194436,0
1007,3.5488546615129484,-1.2423263438475989,0.6351902625508647,-1.4399140950801461,2.456918255602846,-0.6951668156762308,-1.4068469623725048,-1.0420833938356506,2.493094301633722,0.11849419829633474,-0.12981901072587293,0.2586360581965041,-1.6382457845605445,0.43054809052819865,2.3304411312464746,0.787484575981844,1.1902462801268232,0.8305257886920818,0.9093925467730765,0.09264993881323086,0
1034,-0.9592442492923268,1.6564012523735836,-0.88916019067724,-2.8064054067071784,-0.6632194827851761,-0.18713762557689104,0.5873214547957435,-0.16057966098184395,1.3108169769908247,-1.7263243756618742,3.0958486852022733,-0.793857060526921,-0.37797521982175075,-0.4647151673607779,-2.56138063676372,0.1457301879853624,-0.8183140547031444,4.341067578011995,1.3384141262543126,0.261397225298031,0
1520,0.26427989581463984,2.1419027051022668,-1.4366319757647465,-5.306074418161512,0.03416193501763365,0.5619217357164289,0.806089457250695,-3.0225368348051296,0.17354100119616298,-0.22370027708494683,-3.544668564851682,-0.8042890318775138,-1.6112606478000489,-0.1831348983974488,5.400870833684573,1.7500235872025716,1.8865309024301657,-0.13906931934182865,0.9331317942284445,-1.7544198370458943,0
37,9.75865723103529,-1.1356503599817922,-0.4968178451940197,-6.492381492348648,2.0962615855850126,1.9051956276799011,-0.2983473817961149,-6.191518284535143,-1.6018538248899217,-0.4289403446436058,-5.3532989790774215,-1.2362285001257776,-1.1138731508294184,2.9293492061615085,10.791874804882383,1.1919447400199759,2.231264665002791,-2.1813357887498075,2.9863559563595103,-1.1945698086003365,0
709,3.976748303845297,2.192352326596749,2.0982178469701322,-5.117694496493392,-1.1370965178095507,-0.07385936555955622,2.2637964685223575,-2.86760720878948,-0.6309335332729602,-0.13674711948232948,-5.757209832708461,0.6069819128915258,-0.29158685848170124,0.9688772124380425,5.002379148494427,4.377533470612725,0.45927668452405457,-1.9351739089439723,2.7438215171004616,-1.8032824270234165,0
1759,0.16861772405803685,1.7878674079228887,0.13526869696912075,-3.329137881434512,-0.7306542869654991,0.8062586298573173,1.6219276581757516,0.5441371234219397,1.070887846510637,-0.672355534961406,1.2095765939958119,0.7324300154656929,1.104665649508924,1.943457994104579,0.45506551792126665,-0.19731757019909368,1.221595112757733,1.690053372906632,2.2079287530014042,-1.3419006822497541,0
412,4.111935639405323,0.4253327462955645,0.1783354133716108,-1.1062630928935788,-0.44052287216461394,1.9185680815714854,0.45478387797034925,-1.3088512765506048,0.1923975285798624,0.6901955208274076,-0.6980121362451696,-1.2559729628949468,1.4755529967374992,-0.8876059108971897,0.6179051290769585,1.6600163073413583,-2.7022625718601905,0.7912034823932206,3.1901799550441226,-0.716283473590109,0
1251,-7.618860721218951,2.103184164228074,-0.9133354453178063,0.8206506674185299,-0.6191315384831203,-2.9323825694013457,-0.02468564198198109,1.7099992980114789,-1.56696722864842,-0.0632052416138856,-2.1820217925259113,0.8516061478807012,-0.12456020936456849,-0.9853260057757778,-0.9237580189476053,0.9680043410894492,2.4467539086336307,-1.473908997889459,-3.875781687861179,-0.41605184105330634,1
1096,4.534807159926549,-2.747844474860261,-0.6644462044556899,-2.059898069546944,4.655621199032403,-0.5579928455160182,0.9315754484045524,-1.477793706234487,-0.01344684674858648,-1.6771735277360742,-1.2530666582768437,-1.3978646117134548,-0.021781416944361726,2.7857426318637817,7.022937942747212,-1.102429054161286,5.0457843059160234,-1.2473025270703881,-0.17537376546518924,1.326672182808827,0
293,-1.882880676167934,1.1971112851688996,-1.0238709028525244,-2.969189914648915,-0.9935779242935512,-3.0456984708172046,-0.9757888285134994,0.21018717438642742,-0.39807058028057607,-1.5102341496996292,0.8928339794564248,0.5329330164966369,0.6727296307532983,0.7058583806299736,-1.8454676899026465,1.6108053038193035,1.4833447899398202,1.6738241303762287,-0.4294456779289384,0.6224377988584902,0
648,0.42034336790556887,1.0946829900326023,0.8403591248418671,0.8069593639811047,-0.7433988338994741,2.351219320326087,-0.6420114957308605,-0.46135326065240134,-0.018936808803570303,-0.48476381611782676,-1.3415493072733222,0.33943681200031295,-0.45027031466577583,0.9558877813901141,0.9506084041257091,-1.4101715140243747,-1.3229830558212077,-0.8535018994291514,0.3371650553465988,-1.028007505647068,0
1211,-7.63803081257331,2.0209825729858153,-0.6101873919429762,0.2654853507716067,-0.5030635810842818,-4.1804364570409085,-0.22147818261451108,2.205818293619027,1.0676923484919871,0.28826659101296837,-0.05986931986657629,0.7368545216136447,2.141653117921718,-0.9167020018539268,-3.1677228327708313,1.2219485531913497,2.2827511567439847,0.5959814438522602,-3.6587295997849187,-1.3367266439289422,1
761,1.6837360228672054,-0.30143214894433257,-0.004810019795605723,-4.51001928925632,0.2933270762939624,-0.4919845450825997,-0.5418764739670893,-0.896713894539621,1.900154831874988,-0.4608586423454262,0.3123104126128933,0.4976642997000384,-0.3452396932676489,2.471687296730582,3.3128548267741986,-0.03122138338571201,3.5456737682205426,0.019993480685689402,1.2161154302358779,-0.5187357818941535,0
542,2.0754449346344055,0.046411864771357614,0.37582556271605727,2.443640303729084,0.7878282061607136,-0.7998406599388744,1.5315935966320038,1.269498025006368,-1.0061198806646605,-1.9614331316798574,0.9028691956215146,1.5241681548280592,-0.3457451151276948,-0.049202949873871304,-3.4698657684669527,0.9721363138350195,-2.6063318978140293,1.7103430144618095,0.7856922670925945,0.07021425977177577,0
401,-3.3646910475314673,1.5443786085672548,-1.4546728713383783,-0.5966734414675583,2.0625829786780674,-0.7774714315228859,2.4535888723081674,-1.4689586977666804,0.08796747757594679,-0.2616775609000074,-4.045191691688559,0.2714407695150493,0.2642261504164252,-1.3217348748232478,4.074984554396773,0.47027612435627675,2.1945559402485197,-0.9153625109600076,-2.8445882194794025,1.1597794290428909,0
1959,-0.48089323162883413,-1.6202127049931256,-0.5421953387133547,12.900834101355638,4.008149300261666,-0.046019687427885536,0.23007703981353192,2.813577787641373,-0.9806199198337113,-0.6602524574782513,-2.0221072288314694,-0.8269037117846394,-0.05491073504777564,-3.5449812643287144,-4.602272186356612,-0.7670236712657569,-5.667031986088991,-1.3331832673952015,-3.9527458483244606,0.10564850151831917,1
1234,4.035883762331283,-0.7795364919383929,-0.023163059930495125,-0.8011115067554542,-1.4457928359120427,0.8828489317351174,0.8596337220730407,-1.01563964391453,-0.2907439578441629,0.7579605108228462,-0.31237872983028103,-2.4665167047740346,-0.13590355072246235,0.9175094037535344,0.17703576222101836,0.7700847628031703,-1.5562200950555218,-0.9103964650470655,2.1032522804091554,0.8475711019342512,0
492,-0.7366470765294376,0.9703472091465933,-0.28527540406170343,-3.1985394728632364,-0.8299231371363307,-1.675488227414337,0.02421163575056612,-0.39379852582459307,-0.5079521250216441,-1.3486702365927017,4.0355820800094495,-0.1250151574995459,0.9406358232375355,0.5282235087839331,-3.5966721848391074,-0.1492083753299871,-0.31891339097543236,4.713918805791421,0.5083353496249698,0.5260753923563114,1
128,3.5132854537805605,0.42391106834405945,0.6374564774267807,-2.4642560335554604,-1.3719870998735715,-1.8506372982309782,-1.175154986617708,-1.595358785730805,0.8186946047127965,-0.6257988990528227,-0.03625588496464289,1.0802398170159198,-0.3521470393670286,3.0171680495838338,-1.3875659688054285,0.8741057390105276,-0.8990602082633783,1.0784232804985272,0.7019415796039815,0.15439235688882597,0
1939,-0.005760689499546634,0.8940176490975804,-1.051688708302988,-0.14904888294677518,-1.9457605640758624,1.5927026782880707,0.18318588702434746,0.16265604581331194,-0.11548869710397046,-1.395597371301137,-0.7892344127274377,0.8051693641395945,1.2275166597636378,0.5758321981668217,0.1134852468621103,-0.14161632929953027,-0.8627116884338082,-1.2675856432175387,1.0503377823450142,-0.11703229919583119,0
549,0.9837118534874676,-1.9521874700303279,2.065377059411285,3.5161253216109465,0.8877682912609504,-0.4156869866983849,0.3757610237728932,0.049462433577425635,0.24318066056315896,0.17670866601992732,-1.132577587272428,-0.26299041095237885,-2.4395625358823523,-3.1482793032612824,-0.7161519760652069,1.6537913157404174,-1.9732829976311979,-1.5452682149970212,-0.6241607454421036,0.37873818476455917,0
95,-4.188801100162754,1.6643206115192828,1.39030795606736,-5.336839900456666,-2.645632206859038,-0.9822687882136325,-0.09000834274534995,0.6542679701123626,0.5659015299355458,0.04065091763234516,-2.1275898640147,0.3349977649747901,0.8366046459836011,0.8480006016498416,3.6968263817027087,2.017536638506416,5.317212764302178,-3.1133152533581736,0.4775688469705789,-0.24143893471669725,0
1150,3.217693318170491,0.04272175403160827,2.1754371274933018,-2.1612268119044526,4.644167567291386,1.3612123266052716,-0.7412930792006133,-1.6067650972587357,0.4900388191982532,0.4174189613392861,-3.264488615803281,0.1476463787743379,0.2651364651786618,2.222531711856673,8.077569304707938,-0.9900176283463951,3.9154842425122154,-0.6680680330328932,0.43051499407970617,1.6258261935829403,0
1878,-6.142938527139699,2.8433366219113765,2.531400562358217,0.14106921314792661,0.59980211153978,-0.8485151776897398,-0.2812738587644529,1.4277490351939996,0.8446622067172258,1.726409454722669,-3.4906224692960994,-0.349210430191688,-1.3048963151611177,-0.07648401589726073,2.2492944467739484,0.2852666227482358,3.117363564448267,-1.7385575676240215,-2.591943433294894,-0.9745086603831311,1
1381,2.970009945379979,2.069376434288299,0.3968341033097008,-1.2277711763691643,-0.5594783829474284,-0.079698215451492,0.23779943541414664,-1.3575534610203455,0.19153874315331876,0.3040092025445329,-5.2769821062985836,-2.82663544308005,-0.9510349767206324,1.1038733447999036,2.5107148943475575,3.0552507579521304,-1.0020609184188964,-1.9324429839990023,1.32680201704337,-0.22817332858348527,0
260,7.673168579148128,-4.714357722386014,1.62777844860897,-2.0969278373299525,-1.7907831909172405,-2.2614246224931485,-2.539930218185445,-1.6668603233893804,1.3941779315753051,0.2568244678293859,4.896835928324142,0.2924530388977485,-0.5376872851798463,0.8827223226183498,-3.7856229297393824,1.4571092412086935,-1.934353137439634,1.41899279978648,2.703174796382469,-0.30169383954398205,0
618,2.5465651279575576,-0.1903715419180172,1.1165466253683183,-2.468400486861088,-1.3516002698939342,0.9123991183845528,-0.5039411902263405,-0.01809925513792332,2.9801987703037676,1.0307369423673018,0.09025902308506611,2.1068765030306222,0.30806458583221263,0.3189948534265391,1.1038777968761357,1.6142572943142062,0.25242857577438926,-0.6814700615225919,3.067278109333012,1.9710056440153756,0
1532,7.05239604354554,-1.8582212958684754,-1.0328181958739027,0.4258025660853148,0.32406755593989733,0.32334962224990815,-1.6763970640701624,-0.6729959808980768,-0.6023220602384457,0.6515006150549276,-2.4959866054679036,-1.0990485872310563,0.5130820653036061,1.3442923112591512,2.0812100872221806,2.2547914747290125,-1.0349038559246435,-2.717386317743159,2.6364824784652683,0.5541974800742471,0
1979,4.24720076561081,0.8869386322123063,-0.6922812063857501,1.9707604658401328,4.010341039646088,-3.3644911873490733,1.196695392797247,-0.19448901240721228,-0.4708292437975045,-1.6127490396288597,-5.446153994435487,0.7134020249798674,2.207894515957888,2.5447743450333418,1.735264803480495,2.767878663241854,0.15026204663726794,-0.7220419632779076,-1.2278639693956475,-0.8282801357852552,1
1069,0.44821408461203105,-0.20361140734719263,-0.5513152324909234,3.898550819751267,2.7499051456710037,-2.8505163642060602,-1.732968249024216,-1.7725316433166531,0.08109388408149387,0.07164194010393185,-3.3757481888701633,1.4301504370833646,1.0111418592643149,0.9983621036687416,-0.3354474497791527,-0.7433466719152435,-1.2565972567132149,-0.3446561918003792,-4.844155934009805,0.8269310992954446,1
1024,4.687602724919156,-1.6383234951652952,0.6404117421303592,-2.8406020797240403,3.906838988765505,0.38922247922549785,0.9006326157774305,-3.3886371320812643,0.06277371518713877,0.9688308928731962,-2.007823751760731,-0.1197583040784114,1.007261902068488,0.43457149600241174,6.714021009553826,-0.01863419179355863,2.4224227625858674,0.09317836648378619,0.4080219308155584,1.5047994596836685,0
1230,-0.9036302449665503,2.0033772522294475,0.05268173510907388,-1.355064806434244,2.2841079889997626,1.0626619459467603,-0.7969770927268142,-1.311331989776709,-1.2051121871254749,-0.026271784930133872,-1.9307405499784094,-0.6391851789040599,-0.8249485785398418,-0.6052864103806426,3.2911844401083643,-0.3192724688135128,0.7675640588130135,1.5271911563499954,-0.3384990522053981,-1.3211388328233349,1
1782,-0.08315296140513467,0.9285611828035806,1.2546063264417964,0.668383555996789,1.7115775307099308,-1.8672448019216983,-0.2802826323276849,-3.0014408257358296,1.4485642367851637,-0.624866803909115,-4.583906680407298,-0.42703715797209213,-1.8216683392548112,2.1558200099676528,2.6550769456844225,-1.0925979997276787,0.4906473235775881,-1.1090871558099202,-4.309167367840267,0.613487000578178,1
258,-3.841051310141294,1.645873760790532,-0.3758995690112373,-4.512136967940156,-0.021141421023946116,0.4932586627668715,0.14943175759724436,-0.6300065113075057,-0.8542915465272234,0.9187926645202459,-1.0113099821606775,-1.257409122089934,-2.177820168607607,-1.4975237303726183,4.138547104101802,0.8389026526023042,3.7132142550361573,-0.026670067360774707,0.29179992383878806,-0.7791287913575714,1
969,3.465713741027083,1.2566457048238475,0.47796201803522964,-6.366160262210433,2.2918221746425886,1.147700454707227,1.735698756429408,-4.515210480633366,0.28204355777026446,0.35153955112495067,-5.9970477875145995,-0.4499079384275991,0.5650867182713325,1.346898243748849,10.413218947292743,1.473137646930779,3.91745138389107,-1.697609018212341,1.1667476523671725,1.685889304231964,0
560,8.22945512862001,-2.184528698136132,0.3448443725572967,-1.8230392870200711,2.102505738302062,0.914808321840259,0.3042351039199904,-0.6479441213775052,0.25135536820217336,0.28506360443171724,-1.7477253725829356,0.6503463977503416,0.3913194954941978,2.4397026080905615,5.003792427191165,1.6275291710964659,1.5972452797721663,-1.9746104663877166,3.8266308656502663,1.2206280389963549,0
1456,3.4127011493563315,-1.128063611906727,-0.6152564220707043,-3.443856846675993,0.7424103216199196,-0.9374800247399849,1.0409046692035941,-1.639690043010642,0.01779358291512141,-0.12452965330502795,1.1596512317758723,0.07672092036279071,1.6263080739711264,1.0832018074813246,1.4499669432444093,0.6195522995274207,1.2637531808495173,1.4186190256327254,1.3554726396460561,0.6502193454657009,0
1148,3.1923909232347625,-2.3734349432150745,-0.26463632265490306,0.4622584649493286,3.220853671232499,-1.3060085797651029,-0.7928736163930102,-1.7185407151956105,-2.1107285859644085,1.9611983657870038,-0.33757469354419906,1.0894677493041982,0.5000424516395995,-0.6046211040578771,1.9132806761823975,0.25094108051764896,0.5195985954845301,0.4899458051857726,-0.9343793658421429,0.9809357868164426,0
1099,-3.512867573256243,1.275698578735764,0.4786023881600399,0.7699686865094096,-2.595743855228122,-0.19425215503277,-1.339569310045982,1.5711717002342094,-1.5693164854535404,1.264048990795241,-0.212789354475022,-0.04232290197115502,1.5268377611705872,-0.09031739884949508,-2.1918655911597575,0.23987800009578253,-0.27099198673798663,-1.3105507371891705,-0.5938742248284091,1.9471668809260385,1
749,3.790022738375741,-1.8969909523917048,-1.3563855396423954,1.5575462101605095,-0.1696832403862505,-5.0688824450980485,0.1676378923239801,0.5579430546962518,0.8877055933070742,0.44254625289788724,2.521798813725946,-1.0877386764381725,1.4157374221502066,0.6286144619109229,-6.873578222921034,2.7354858647520506,-2.7696815242261486,2.366208597919786,-0.2227150519767187,0.3395066473944687,0
331,-4.661847159552025,0.2671514778102565,-0.15673079240869497,2.501931996297944,-1.7438790514943094,-2.9566870935930565,0.009111038299566816,3.2959740546532585,0.8011843580398635,-1.5476960884705206,1.583558949819113,-0.31829923409925026,-0.8851120332597888,-0.49466313923175687,-5.389813481440701,0.8740237218487148,0.0923754007471107,-0.37542723921138443,-1.9040206699292814,-0.43134262709497745,1
1831,6.200462157000613,-2.594461471588289,0.061740013939070436,-0.694710149991501,2.75559699675479,0.5602755795922866,2.118582833252136,-1.3656093099088606,0.4775767837593592,-1.4417620509821536,-2.277079254848118,-1.1428358852495233,0.08420756556731537,0.6155290476097518,5.293567756834955,1.2603730739203969,1.5430334374182069,-2.2134652747805372,1.8345093598206517,0.6301053552361735,0
397,-3.3545846779714297,1.0885539030527487,0.20907567082331452,3.0538677099983733,1.3750510027570393,2.241854144333899,1.3928704007314694,2.3722926833433506,-0.31343525263360245,-0.718041219970882,1.6296896475701002,0.48204080217382056,1.5579693788933244,-2.339096021221426,-1.4557921392934656,-1.4916930321122182,-1.0660756877748352,1.7020939427913562,0.04246950303983299,-0.007912298170418814,1
863,2.3199051562782143,-0.45710566515070816,0.9119540916038311,-2.057397568094149,-1.6555234215761057,1.0431803306362606,-1.4420421068066305,-1.5471283880127695,1.018516934494271,0.8054990250386199,1.4462978609302597,-1.030618735115818,-0.6311671322260928,0.7854815361527685,-0.2638363160490109,-0.5823769941463501,-1.0935496185626739,0.7464439756215079,1.5121385528436817,-0.6660541478874822,0
807,-5.843822694996407,-0.4524899211747211,0.1610018600409276,1.9850597077478567,-0.8296012416864715,-5.246968528233434,1.1976841128103604,1.6949393860105026,-0.49952269419915735,-1.029826219659998,0.23802078741458904,1.1479739821643324,-1.1284155245907292,-2.7087147446389963,-4.585230216049754,2.5061542683776565,0.7780132725934557,-0.5448238298225879,-3.9594242595612665,-0.27574260487702873,1
395,-7.304366380554682,1.565722109222936,-1.5763027954833435,0.4477137478626383,1.3887546417521945,2.2175171435956877,-2.946245154149205,0.9259969685646363,2.2326040845495165,0.30322127220725165,2.8334887931786574,-1.397919447070453,-1.0733761026135105,-2.554713569524443,0.1529993744272667,-3.7285696731591598,1.394420321131367,2.893958677099008,-2.06064278939788,0.0769995017036708,1
24,-2.481787415957667,1.5414726806580372,0.9746242940265415,-1.8663739641462171,1.8336367349499867,-0.8963305849097535,0.5258780892723087,-0.3186408859458988,-0.03521966435918249,1.0572968090382535,-0.7579613280033913,-0.9684977017487041,-0.01055949044531903,0.7287386471221555,2.1695951957508215,-0.6373297614228715,2.7231522297175266,1.2861013423657859,-1.4743279749506417,1.43433450333906,0
990,0.3585344521745688,-0.31056964673734044,0.4668381424926544,4.25959563232507,0.8131350774396723,-2.337994803759676,0.5137807381238452,2.1629835379738935,-1.6905354055657837,1.5328063265323826,0.8177928538929659,-0.3817847946797223,-1.8036554101051412,-0.33926641914202027,-5.094049836950685,1.1062000291506275,-2.5030483813710385,1.0864053492181898,-0.9367228074857814,-0.16616217972748584,1
670,6.610887320690799,-1.9643901024675332,-1.482110042526613,0.4565911479021243,-2.114830701972773,-1.4643597158329922,-1.344956508803809,-0.3733166652272001,-2.076264381710022,0.39625617810825214,1.0842542050383797,-1.8895531414227689,-0.047424180956160154,2.1984921042133316,-3.7306397047486817,1.7663393867606767,-3.184050522350563,-0.35039571325782704,2.225026028423328,-1.9143270839131807,0
859,4.186012742384042,-1.7573271549198115,-0.13904710058734795,0.31826343044730615,-2.40346703726709,-5.111118558755651,-0.24046314104919422,0.18424616344933242,-0.7223322600309007,-0.43185753335589777,4.89727922012865,0.5100436975837161,-1.5965158912774164,3.216284745515506,-9.239543075112097,0.872536843686275,-3.376813364844523,3.4200521303313485,-0.12701796074663485,2.2256850745015075,0
1765,5.796060523746016,-2.7450350067250593,1.0939686761425615,0.4347893210091147,3.028721622174989,-1.9701870543330608,-1.4307279409313516,-1.0932519632420579,-1.251999137591175,0.253852698182366,1.102889538255867,-1.0380254552404853,-0.4991774060474132,0.48713147837177007,-0.20558293554745907,0.9203797134865659,-0.546906146443151,1.6754023637825481,0.5325886607698216,-1.6166829641522835,0
457,3.9069526813804685,-3.4107937058173907,-2.0722999513254003,1.0247766815064205,-2.2890013536614098,-0.8856353445546964,0.8339960287971909,0.3040220696865532,1.8088123609426798,0.41144442582184354,3.95545846845746,-0.946432566361181,-1.0459023940169583,0.4602839421172642,-4.529234847091107,0.13249724590301992,-2.3412591024839786,-0.03438318649620187,1.4369836416145803,-0.5825031536530639,0
1204,3.1145440265747424,-1.1343151486443834,0.008169672411433088,-0.3284142633534064,0.9203323471796108,-0.18073003689147496,0.025676765712406104,-0.3082747504729978,-1.3658792428828017,-1.1277227216312034,-0.040257099970085704,-0.5483072806960441,0.1551311377912751,0.5376891934016704,0.9038626024142062,0.6811897144838994,0.13297098401979124,-0.13741083809971566,1.1295421292271806,0.7817330772881919,0
765,-3.7268479870155944,2.3956568229526054,0.03586553766555412,-5.056297542395597,0.0655412434878524,-0.22009532361964426,-1.0888868896976225,-1.0217938361419896,1.4360664957487566,0.09514954582527986,1.0772834969651341,1.6448488047522158,-1.1358724058200154,0.8208956978750677,1.9382126132160227,-1.1647675240861155,3.2006535513464396,2.7451533242654325,-0.5187066837053265,-1.0815778884221507,1
664,3.6765443081633706,0.36424643779130517,-0.17180321087538408,0.17625299620012738,2.33525645688903,-0.6074081048957511,-1.21152470935636,-2.7477272744706123,-1.5116527428713986,0.7150577891960315,-3.8683200079795435,-0.5455063684192655,-0.591602638287027,0.44740127006615893,2.704472716621384,1.083114935138335,-1.1612478322374753,-0.006011134891693581,-0.7389938107234393,-0.2734138256853603,1
514,-3.488219540795298,1.3317012788104974,0.4813395216551637,-0.34878800097495116,-0.06570805442447891,-0.5658031724976456,2.2119648786168273,0.4126110591310548,-1.3710252012362423,1.8132287800020883,-2.0280825921097656,1.0054094316337818,-1.0050638517460175,-0.6914294736605476,1.3939116244663514,0.6335358256843706,1.6841000538780055,-1.2260985492487522,-1.3649224567998242,-0.8577219382520456,1
1990,-4.063762507462387,1.3277307931386155,0.1330291370753208,1.038976324434139,0.8547996464397872,2.8329353485029394,-0.007302502639780494,3.720290491054025,1.6618627577344143,0.35513414811050315,3.5087124765969535,1.2908485407112584,-0.2547512739266078,-1.572504961848586,-1.120347961101808,-1.7699736871634926,0.8378739141795069,2.2049564835527424,1.6808435415803706,-0.26658900257942353,1
1490,-6.710280058159186,-0.7189492803854667,-0.6952424657573153,4.385281406502147,-2.315096815693349,-6.230418335069191,0.20274796671454173,1.7483856905368336,-1.001096231835809,-0.8758343857790163,-0.5933975663934533,-1.8863337716095605,-0.9113915951435096,-2.6725141761511138,-6.927966051256475,2.485489003252742,-0.8833792794856747,-2.0172719713069682,-5.723303419784918,2.1643885692821,1
856,6.325953346382455,-1.9686666658364302,-1.1019993057250108,-2.08861423528361,2.7264253325085432,1.213096220439416,-1.8166193747924495,-3.6582987260903432,-0.8611996144035481,1.4230305466754598,-1.657383672759464,-1.832283655564173,-0.08691821519186169,0.4236091664345555,5.41305895628015,-0.0038975398313159104,0.38167663214946335,-0.08982208273416004,1.3037319405083472,0.1869328561271292,0
1001,-4.975743160459188,4.474174435700812,0.16201681717093558,-1.219114926840035,2.1052802954083254,1.4064239360628892,0.6376729949939887,-1.9367143344858682,-0.20096943210730234,0.055999615583429536,-8.710108350420754,-0.39645540086336395,0.22029383097782157,0.030913329072437268,8.58545819406208,-0.08572657608381085,3.4024718054689407,-3.212243073896716,-3.148685864624684,1.7468795877392658,1
932,3.0327259211251016,-0.032612322726028764,0.5667864092573832,-3.0390645950855077,-1.7957682838389748,-1.018260433445994,2.3188392102871482,-0.5316397737373546,1.8366587836793513,-1.5003269775328278,-3.2272998640778767,0.9213076678946788,0.5690433110782606,1.5773640470127415,2.6899704658501045,3.3925129439819637,1.5473035498082828,-3.329863375116464,2.0986841249162818,0.37341081560165,0
1051,9.423229005317877,-3.2727091838115556,1.099410103767954,0.49487554252627214,2.791177208106352,-1.4894655392114635,-1.9686722238291563,-2.6497659407196315,1.3534356507598646,-2.1452554053579056,-2.895150087287417,0.23890172825891998,0.09630716444967113,2.760707549150113,3.2869108340208477,1.3087612240445736,-0.3378811956091645,-1.9397408698110579,0.634486067667301,1.853274247632429,0
287,-3.146684513579547,0.9143489262661104,-0.09255716731799263,3.4230148202065718,2.0768000567462455,0.616707507389131,-1.0912801472247038,0.35398236716631093,1.905532710037848,-0.2679749532673471,-1.9907518244326292,1.0957000189333317,-0.3871857962828725,-2.9819183251493495,0.4580792208172583,-0.16542361257685922,-1.003426221789015,-0.04815985596575634,-2.1500196789065047,1.1826022130923521,1
241,5.537890747669782,-3.529882020269441,0.3781185013662163,-0.7026791240622694,3.3044043956584055,1.1490143218508182,-1.3789195068518454,-1.8360460354284789,-2.290672640641116,-1.4120210046318065,0.7590043189580168,-0.2676791981114591,-0.6911796728973779,-1.061201543847699,4.024958228768335,-0.07099671835241028,0.8520583764645489,0.1447883270674306,1.6935051408753965,-0.6897000161977677,0
610,6.1424419871365945,-1.530298892070891,-0.26214500752260816,-3.767931378730857,-2.7670785083009664,1.2027753976386142,0.3415624554193389,-2.8635754513807403,1.1918329732574287,-0.41029613731020853,0.92330786189958,-1.4211795207466411,-0.3501455004515279,2.617213251998755,1.0107801709519917,-0.14309538166899594,-1.0873411034436589,-0.571083285775239,2.9447928409729607,-1.3866983063474212,0
168,3.7057370105919296,-0.39355382397554095,-0.6307404863413046,-2.332404490518159,-1.2394822694740117,-1.2154272204472438,-1.1585780123729406,-1.2319053102663267,0.5631820914969866,1.3464970772908118,0.779835142605673,-0.10086617738263491,0.7717856074143586,2.098870353740476,-1.1176618377585708,0.9104878486029616,-0.7257205098608406,0.8911671055117386,1.3941590984930365,-1.0227225951529921,0
1893,8.556353966769777,-4.3589824115749884,-0.45915345640605276,3.5121287790742164,3.4868650671838597,-0.4234607014227535,1.747045417466271,-3.1873581548119616,-0.6985381448367352,-0.9448597661667368,-2.950231732807497,-0.45672761126672157,0.21700223408386063,-0.36619370731706136,2.7649956780343197,0.7836294218494126,-2.4203024029131055,-2.1986117809844856,-0.5565033752354249,-0.04701686262416978,0
1062,5.210366740026158,-0.8347843479213939,-0.21982330828311814,-2.869245244860003,-1.096660877444576,0.5647875011196499,0.4022900839892919,-1.9483752023387746,1.674250716114807,-0.9513024397295905,-2.092610188368449,-0.01692650496978931,-0.38839069468661275,1.2705271771777469,3.0581642239986975,1.996910196601386,0.054971509062982205,-2.0267520145129057,2.6734970856724285,-0.744197095450458,0
455,-1.8653990415777353,2.1652160523630997,-0.566387387506137,0.7715454941685298,-0.3960700211506336,0.3428102002306403,-1.1637156527212595,-0.20208010932075315,-0.6277778725983307,0.2862351673332695,-3.5870462051011476,0.36751496352259666,-1.2295295863682438,-0.4184548347912289,1.1001820039678138,0.8735319813004196,-0.582806948013108,-1.426855581523117,-0.9252699515014626,-0.6967704780358606,1
1239,-3.986445149069153,1.9986613337502133,-1.5323068695609259,-3.559073488922981,-0.19583851047838852,-0.33137023305738245,0.30622318173537943,2.0916447334861843,-0.5634020797653276,-0.13744106119815497,1.8399938850656756,-0.3531727227602528,0.34729527183857056,0.03818782779868424,0.3937284457675298,0.5113631204393464,3.475400668650947,1.7603113374729853,1.2117326256212935,-0.42191747962185905,1
571,1.2131340868915599,-2.7398104272994557,-0.10447819941847547,4.313077358377347,0.6937600032785869,-3.6969632075286754,0.5512419640949184,-1.2916915998283895,-0.4467552834584543,-0.08969215700143744,-1.1821724407536773,-1.8047822825953,1.0113458390730692,-3.1400085835002747,-3.4784059165210666,2.3858509370271577,-3.213812761296337,-0.8642666121588941,-3.124705039672156,-1.7038886458388751,0
1152,7.565440033482699,-1.4040280682627473,-0.5143454876816882,-1.0573830685950614,2.8861475924472555,-0.4909692834507693,-0.940949156126611,-3.8063030396432866,-0.5972358707869894,-0.305813898418128,-3.3304026341957265,-1.209094732420971,0.1891341702834456,2.642765218168752,4.455089043314958,0.2819527020092558,-0.20870888316425074,-0.5010294989418399,0.13575134726584615,1.4630977317376204,0
1382,1.9243001276025742,0.15771905168798983,-0.046429687593596086,6.619989382047543,-0.629939738751036,1.1370902266412384,-1.107043066330851,1.4489687400921123,-0.30266074112908953,1.0106321997591854,-4.232298051933691,2.117685793345024,-1.30504920437731,0.570809179879501,-1.4021646978130389,0.500452927533902,-3.88741524764683,-4.150312456873389,-0.5834696939186124,-0.12245696920443594,1
450,1.5621018478620425,0.7110796160061323,1.2434241567248043,-2.432279697526757,0.3590816054088797,-1.7511655472207674,0.30969601147303916,-1.1631439693866006,0.35495151430125155,-0.5471341947832659,-2.9784667969425174,-1.8296846054759102,-0.8006775890824672,2.652703963594922,2.8092345973906254,1.185063939085599,2.181335239735433,-1.3197216647435563,-0.3935913320718769,1.267469743538978,0
1155,-1.691464364077265,0.6492708942071586,-1.913563059926975,-3.8223526474810954,-2.2605888623304393,-1.03625081593015,1.307926981826074,-1.1604814028033121,-0.210811343859175,0.957443625233879,-3.8209794688412835,1.0356255252295226,-1.2428084134429631,0.42936802710432875,4.101454969491708,2.2661308138629908,3.364049398687086,-4.023260165068347,-0.2896364120345152,-0.29516024180883715,0
1350,1.897023299670815,-0.5071840484085264,-0.9168528824787038,-0.5963996972031324,-0.08029980227730071,-0.06627148921618645,-1.0973201753873143,-2.7584805911540986,0.4139198280267242,0.8628531391521705,-0.9222074516059348,1.2879893689595137,-2.1331941749849404,-1.5642131272742423,0.3984298858027767,0.8440690805106242,-2.020156970097552,0.5573767718779854,-0.22523675030985002,-1.3625220282529884,0
586,6.411501082811324,-1.6606935992405978,-0.45944538255589723,1.1535934858101335,-1.4847783286670286,-2.4810416321715465,-0.34871006004989447,-1.042431822594888,1.150721323175292,-0.5538139560200259,0.2426580319742237,1.0717848006435142,-0.5326002826103684,2.3493921441953303,-4.154764800760978,1.721358163331324,-3.683788250015183,0.0636514703559018,0.8112812904377972,0.1651917368719475,0
147,2.421749533285667,0.6985430294238255,0.6307227972259505,-1.2950068953436815,2.2484183426321094,0.9566264848060283,-0.009384734262578463,-2.0654488757717124,-2.446745414204028,1.642549516474395,-0.22569992976977496,0.874187151688144,-1.1238631234589627,0.5359412352533369,1.9236691969827386,-0.9417041919867182,-0.601069055134765,2.6093008277205483,0.4183174374132014,0.4025020456362833,0
713,-3.354101388826137,0.016249077298228665,-1.7638547636340034,-0.36678663985834753,-0.1944641374425623,-3.170820185761352,0.37958565878551215,0.744437325421009,-0.7636771142659079,-1.2362240605195531,0.7919630836844159,0.4047052948831001,-1.418624193434131,-1.708645259116785,-2.299432339358131,1.7367321996713505,1.038444812077271,0.7961101016524343,-1.7108892527738733,-0.599513586886266,1
399,-0.2623809696614601,-0.36643645626557775,-0.9626625059356851,1.863023553840813,-0.1380419931667014,0.1769283055681441,0.942385505252837,0.5097374599255853,-0.8918247590968884,0.30754645984678636,-2.6968278332559072,0.7485761269171023,-0.9161685663871603,-1.6418953496073727,1.1161402958651456,1.7186355870706302,-0.30913734724551056,-2.886185165247043,-0.14227726363826965,0.15929712860065903,1
503,2.3680481841854113,0.5110411346705843,-1.1154829853672448,-1.5089219251858532,-1.3447779917560014,0.46682829267642295,0.25364494942132426,1.4209903966131066,0.020801858354567576,0.29324758291345077,1.7811364398022216,0.2829911666196496,-0.4342524611897027,2.3866492234844605,-1.4953279290936912,0.3371424709057117,-0.16560362757669678,0.8234834876880825,2.936471916533039,0.3034725320207299,0
745,-2.174408995278429,0.6501489741590074,0.9933297898187843,-3.5640715264883522,-2.8596475297708093,1.2822300794727075,-0.07622660065532202,1.0638754696961887,1.10250871480145,0.2526049590952261,2.4639411874783694,-0.21144711453650442,0.5379308549332638,-0.5589753929574726,-0.22769503905964106,0.38583650976106565,1.4765380378684085,0.22609771580400007,2.4949578162961195,0.03508727794805727,1
224,8.697499931952176,-4.075326771834587,0.00461845626788845,-2.063837016148293,1.1827040401517657,-4.023595995511752,-0.38944477644161185,-2.332215416352849,-0.7565175287002486,-1.4298072533749895,3.4957724975354956,-0.38875518882863463,-0.2524523141345286,1.4176061003525593,-2.8464057005827974,2.0982580291133592,-1.397373595879972,3.071783995069266,1.5938183415865006,-0.3478365700015013,0
1154,5.629892346480145,-2.5533433798801672,-0.8174805184269095,-4.112772303920986,0.9804687939491249,1.0659285211050609,-0.6372755613052302,-2.2955126208000394,-0.84366791014077,0.02212702039679649,-7.19284554360297,2.142961622878052,-0.013647399087569676,2.0894958612211227,12.086103197784642,2.6095495408125675,6.047245611091012,-8.27109900683476,2.0727374702277963,-0.037620251319372626,0
130,1.0289058383462253,1.2645283814684283,0.6350007619385851,-0.5400429789642135,-1.0875831544115564,3.5195471370811933,0.4229187386046139,0.06673977297166256,-0.3371886916892867,-1.691548619683604,-2.1518424011689357,-0.08127646066369042,-0.5750554104032825,1.3834942917046502,3.236208824865837,-0.8346540451561126,0.07173771862168654,-2.271051577110683,2.024776548971171,0.23885109753379455,0
663,-1.1678696630562588,-0.6439371374881797,1.4421228483420496,2.14533809306938,1.3689753846476838,-1.8004177684095999,-1.260781914167689,0.22518083424561453,-0.5743654241798712,-1.7919990858793242,1.2664022804507564,-1.7144917756603075,-0.19020682848329773,0.8355475012526186,-2.1354862748503916,-1.7842054621776295,-0.016853014603487093,1.2452373295095325,-2.7933852770838956,-1.0566002709298579,1
935,1.3477331575386122,2.8789663572849458,-0.1160562895574552,-0.45130099950609515,-2.6006619875419807,-2.4694177309356795,-0.08871820766718935,-0.7391522823034629,0.9191702825030519,-0.48646694250107025,-1.512152570748351,-0.9084149065254007,-0.204906544209683,4.450520208552512,-4.112568258148151,0.4705827171813579,-2.644035415979866,1.096080097182229,-0.8709512022544104,0.31041615594915695,0
829,0.9278821067470081,0.6553980083556646,-1.0648630521371414,-0.6494524599904871,1.4330831063466476,-4.634410754685802,1.1174296927159801,0.5699948238247915,-0.34823356004290584,-1.620625717634383,0.37155728221068546,-0.09754225262227974,-0.7362609491707967,1.8481793428682485,-2.9552901127450157,1.9816586723640959,0.5135598453030812,2.588887661031353,-1.0277301365804314,0.7995053406603201,1
68,4.848470479986014,1.09948591462558,1.2669844367415883,-5.37268323289207,2.5756393863067073,-3.8318519834326543,1.2581352470695275,-3.5296379192038874,-1.2734628061663544,-0.36302199789381223,-3.2364195876167026,1.1948011557384983,-0.31113095732059376,3.479492376659839,3.692053289139209,2.5131009513454132,2.3209237816329304,1.8918257771990465,-0.12676153679668645,1.0293668553864546,1
1720,2.139474393055928,-0.16279745331188722,-1.2596168439479332,-3.5239917472778326,-0.7857098840438479,-0.24532315647938932,0.7463413427365472,-1.8564621838656206,-0.7582468973771361,-0.21187202983007764,-0.21998981871423812,-0.06718026813653634,0.5874102166487073,1.0104628393799762,1.768110798786778,0.7175030546244878,0.8577535978111721,0.12301129860869153,1.1598200335501627,0.6524096483370567,0
937,-2.0868630862762534,1.736890294129457,-0.5652533161299017,-4.969999882350041,-2.5764287154021406,-1.4524686087247878,-0.3932395613653467,1.2216984234792383,-0.04598687736424825,-1.28825279921019,0.92016968276651,-0.4181038248491142,2.1414933909638028,1.3804242673951588,-0.26125681684305296,1.9584602922746135,2.9478393058140115,0.2777401997448603,1.8197018667283094,0.28407792820031624,0
1361,5.92974384436033,-2.507790915984933,-1.6324859109175758,-0.49595595951332677,-0.19995873584912616,0.6669576024390551,0.36371810662296256,-1.007510395899493,-1.2439437897566645,0.688710118744604,1.1027966702247243,-0.022669793215295116,-0.1730281614224269,1.2533258455178453,0.3974843954119698,0.17558889215204987,-1.0416103612026295,-0.5160097306771192,2.34774849984493,-0.44455721426026784,0
317,1.1425110477165656,-2.627851327383203,0.4986328024135276,-0.6292738866590132,0.6707072372430223,1.3373135800880664,-0.14495298197325907,-0.4032219507025647,0.21467629103939656,-0.4222499285181096,2.5922933747746373,1.6386677152643117,0.8632886689985354,-1.9611154066848964,1.2389032138261782,-0.6582284673200667,0.7094039317931979,0.20869562633809746,1.1971588738494847,-0.0681371334610108,0
1696,4.7412477282205625,-1.9202776405652542,-1.1270269229520713,0.15885092013802976,4.53313739754782,0.10514057059960413,-2.2617088801506124,-1.1315183978929697,0.16246880465099453,-0.3061903211432882,0.9527307522305424,-0.28629058558927406,0.3395285177933212,2.0758083560198655,2.725117999589163,-2.0369785256630912,1.236990414780013,1.8985332420779155,0.01942808818958297,-0.19891656426562473,0
867,0.6552957395793332,-0.6082211232583068,0.990462106514697,-1.5680366052380257,0.8510641650362925,0.9211011651727474,0.49609996418530633,-0.6424327719597004,0.19658703775219424,0.32229581398780816,0.17820527806404024,-1.1234788551092223,-0.3514999009366703,-0.5803450209621914,2.5180096646428765,-0.09522647140965335,1.3419890955518623,-0.004822653868310489,0.8602747189325268,-0.5901487234096637,0
742,7.491786072229652,-2.6990343119065168,-1.278681477270299,-0.919207669185758,4.343701396076357,1.564323057209187,-1.1271078970092394,-1.9156225047447846,-1.503828993467092,0.521131781411106,0.8217997891634594,-0.45233283345671316,-0.9584949807009107,1.828305886838396,4.40792382028962,-1.5370992105646506,0.8859966954462951,1.3506288046636676,2.0350467570955404,-0.8707516594937902,0
1941,-0.7260422496851576,1.5369288244546304,-0.18129394553734685,-1.0079841831648717,-1.5534548244528699,-1.715259141824773,2.349454721126919,-0.7111592980824153,0.489582798054199,-0.1098881887429221,-0.31219584005657725,-0.6320086562526032,0.04801579641336082,0.18733604230521617,-2.5429009821744333,1.2728791515497604,-1.4652445069322484,1.3134594030318207,-0.5211619826421183,-2.007438920381732,1
731,0.764965067177302,-0.5874230948597163,-0.5259069350052106,-2.765511484631344,-1.8306618328629525,-2.721268401314337,-0.6249881231637977,-0.20405882106477657,0.0750702083267847,-0.5907472023779973,-0.4292987960710999,0.9892367277006774,-1.2503995668583645,1.4657427482586471,-0.1486152932154306,2.1688559760850925,1.8546019927265136,-1.4440921452774582,0.27599171008479073,-0.3090745778983042,0
33,0.2012459370371175,0.3090338117961843,2.180342919445103,9.634615793689655,4.8029035828243,1.326461392061749,-0.19261617188225505,1.4769741378012549,-1.3245433563008469,1.430782283127893,-6.975058414178414,-2.517943311355973,0.48967577696739223,-0.979394622282333,2.5055009198776013,-0.5942655778361623,-2.1770198340110163,-4.086062703089852,-3.4156476288863185,0.5151529642164694,1
1859,-0.8325214240188273,0.40994971385886636,-0.2203291372925375,-2.715335743780012,-3.31356114157131,-2.858168602006478,1.0848129596092466,-0.08255998136788945,0.3948446366674525,-1.1945567680483293,3.682830063447732,1.2496812453509554,0.3929147184194179,1.5295741710262587,-5.396469501697252,0.4253852969707047,-0.7373502758328583,2.6335219384597743,-0.01469907429983075,-1.2674820270609348,0
139,-6.193041030582101,3.5866002718144205,-0.32133952195453325,-2.626594339208115,-1.6189500349465757,0.5981938318685974,0.39786057068767416,-0.3090225953934278,0.2001021012260269,-0.1268190136365506,-2.887794461216578,-1.1161320157862697,0.8150548576444485,-0.36611972997476905,2.625755623118987,-0.020906091021376083,2.3185382192855206,-1.1129175674949845,-1.4648941138449518,-1.3019321773234884,1
16,7.602717212773167,-0.021061523544921412,-1.2660568494605315,-3.591736312571743,-2.1185505829267397,2.4048506317330967,0.5732455156794246,-2.272286389489498,-1.121309981184517,-0.045996992139055934,-3.0550686051489078,-0.6473310563348214,-0.5203704093593726,2.774032801102279,4.043823688641652,1.9227079177414397,-0.9211556526891036,-2.668453252814506,4.646467704912842,-1.457098350920409,0
947,-7.282255868601271,0.8532981696844544,0.4201785334954354,-2.1077165389217734,-3.698224392932419,-2.930364165177877,0.7888422090440984,0.7395981103164548,0.23896400941770177,-1.7648245359864978,1.4889177572024932,-0.9212263303092031,1.7459084717024271,-2.692042725743029,-3.41614638465477,1.7740042506183902,1.3696290977811267,-0.09967559461270092,-2.0364970995918705,1.0269614306784582,1
203,-3.8126609755494947,1.972434202489541,-1.6751971912265249,-0.9898808852280069,-2.6887566430613097,-0.286717522223267,0.7528131079856085,0.2998383060808799,1.2968978700367755,0.10795101691296498,-0.31179350773443537,2.893231074057347,-1.0158188765430818,-0.8519531565295742,-1.7213588479738255,0.7196355047512386,-0.43588238978501437,-0.10295702457999101,-0.49785184865402377,-0.9566404522903682,1
819,-4.573175313692671,0.9351088969575576,-0.2385633091469469,-3.995577197292145,-0.39439061710727685,-1.3646042297868424,-1.393791584011557,-0.9406554461409398,-0.680849824393095,-1.4690567561189625,-1.3022376595004121,-0.21872092850512267,-0.8558965416289002,-3.1263074689652615,2.775420546736526,2.4078077489766434,3.222591818293183,-0.3656005818170497,-0.7760248992244173,0.6117479356947653,1
1302,0.11977428985359675,-2.91875440201312,-0.6151195483325458,3.009210646631195,-1.3597620606120473,-0.9422978382652584,-0.42320621814069387,1.0415704986059455,0.10675192235642607,0.13108384298170275,5.9782800044026665,0.07890829852172988,1.409635531143309,0.26544962729274457,-6.546143488678842,-2.7318228224366448,-2.360929775433144,1.885163967831015,-1.150530440598632,1.9353973495673695,0
951,5.157734064619866,-0.8818740338985551,0.12352372375472982,-1.2968517556983465,0.2736618863736975,-0.9690943497393724,2.1903922607975383,-2.3395046092528125,-0.5922215274581517,0.20659536344555718,-1.5125735096743975,0.6036579246410294,1.0816733754918653,1.3693550378968504,1.0344482324396325,1.389153200759118,-1.0679347590442068,-0.15410411406925317,0.8481818212815869,-0.03191139059175382,0
1961,2.9460577194020194,2.693341215508682,1.666795975303454,8.893794048347164,2.236170548662569,2.435390278378734,0.17372848189776383,-1.9259895314535451,0.271712808848698,-0.44659018880351403,-12.517508239137712,-0.36145579272313005,0.4178505224977017,1.435161748722602,4.367621607459289,-0.08362734006336381,-5.112011356260223,-6.485067452861583,-3.6389125988362,0.972593328412595,1
484,0.9890735949154355,0.44883587067400743,0.784732800584411,-0.3080734675872432,2.2666300927685965,-1.3251125738119156,0.369039749616112,1.4042681162634554,0.5942044307433966,0.2468064237404626,1.8262807209533578,-2.0558979801675434,0.8539883242327805,2.8443368580817046,-0.8852869808176322,-1.0588965257453955,1.5101094467379201,2.5851743115571924,0.0908241111649466,-0.5016283895508289,0
1508,2.772774982225506,-1.1948911755825877,1.2351202867966704,-2.7694169888074964,1.5126091575220606,-0.2643907155053809,-2.356610219966883,-1.7638031894121684,-0.0559638066271929,-1.701948140897949,-3.4437792178115973,-0.8327623730454179,0.7971995176578133,1.4740193563816244,6.491620775185997,0.9592961664654461,3.745043320188691,-3.107808745195333,0.28672187200081556,0.44087600944542793,0
376,0.8579296072058956,0.6656560482797802,-0.5824882023864734,-1.9002690245633664,0.8846836350465714,-0.7354089886710489,0.9819245835531599,-0.5610021723728584,-0.7005788031859587,-0.43262556126685,-2.8034888053484606,0.596243444662551,1.3432174624543132,1.2732709314344164,3.3836561961762732,1.260547258228215,2.2405347219508034,-1.3577549518357426,0.1364860803386957,0.5283426435025449,0
1035,3.839324169832393,-2.5301103899173567,-0.697228276515119,1.2713760734718136,-0.12514462383464964,-0.9556321601237538,-0.36827360293433065,0.24235405674124033,0.4520736564410719,-0.25537925368780307,2.89824629748888,-0.738447242354204,-1.1866632120008873,1.048452428482928,-3.0654535024751928,-0.3379150557319346,-1.5834704887908295,0.8364906672118504,0.7816550336576363,0.2415206318503041,0
100,-6.236950541032286,0.4155166729260742,0.14670076157887274,3.2384567475111865,0.23377147357639183,-5.666378980114136,-0.7326620862568937,1.646277420288968,0.2819650886272224,-1.3042640244047912,-1.2989261043414666,-0.2977221628768234,0.45557549418651444,-1.7320447953983558,-4.268508712282046,1.9286838221862757,0.7015555909201177,-0.6018580038209913,-5.349965083231101,1.7311075287979765,1
1496,-5.309682485188912,-0.736388202595945,1.1333416817767181,-4.202020665528053,-2.7529071388126933,-2.0754682732681133,-0.6346792678346143,-1.0667802946212692,1.3810694126566072,-1.261429823096108,0.5260451123599335,-0.02088477946105659,-0.33006534572456625,-4.752436047895372,0.5818883617219016,3.0994294269233094,2.5696457644340835,-1.138285640767266,-0.7859952836132658,1.5992898778510727,1
1468,-3.7240071227175084,-0.8842965239791676,0.9420980522478951,3.473597618451097,0.7939609218076839,-2.4066342196049857,-0.2060668436123337,1.477675421858893,0.6766045190871911,-0.6287623156456115,4.592371715137688,1.089800358890783,1.1105176016776819,-0.06345731520426612,-6.075814611622891,-2.954283546670955,-0.9094567283280035,3.2394197573821004,-3.717676134074397,-0.5790143222891386,1
1582,1.497741757196366,-0.060082242193449265,0.02991907871104618,-0.1918880210519799,-1.3046199120247315,-2.806713184214018,1.589711265110633,-0.5200803181014253,-0.4596658336390388,1.0482384365552304,0.6943983683636855,-0.6134777455616367,-0.15076404507031288,0.3852862552156523,-3.9518920575885748,1.8509880286766855,-2.0761183954382627,1.3695311401895807,-0.21681185266812664,-0.23529717626298158,0
334,-7.365426365253681,5.208944965203362,-1.893032383097945,-4.274437381197851,-1.6402142470034649,2.051963555186757,-0.5771535959804087,0.13676418904985077,0.8394990709274314,2.2474989272806307,-2.537856626438405,1.8896043740503272,-1.9760704530898234,0.9235971498118887,3.946942612694333,-1.290349224044557,3.5715015594591515,-0.2924434861991262,-0.6679388796462489,-1.3029693958580844,1
489,8.140348262625672,-2.8406250102455273,-0.24973415453194853,-1.3694471414662481,-0.5901967931886023,0.8421930328936406,1.0431032059394492,-1.3444100102057186,0.8471882727915604,0.29878950193877113,-0.2696561721291557,0.00866169918567123,-1.1865565340828028,-0.34439737484979305,1.3772475516698477,3.025964403792278,-1.7459433014974248,-1.4728850676257017,4.432881282780182,0.036362383392571446,0
914,-2.921258403650345,2.2488621778936007,-0.08026333540446975,0.440207966166249,-1.4548070830692135,0.6527614194670434,-1.4892577264357583,2.0038524576311016,1.1144237086247755,0.9447876347199794,-0.533389408976619,-0.9197356546168608,0.0376425580147265,0.9869715707108866,-1.0329414509607768,-0.282595836522467,0.25314139031728755,-0.5725102203712622,0.1581715703020099,-1.9770948733488973,1
1848,-3.595057393317832,0.14190798734947707,-1.0366911327439357,11.433176492233805,2.4826046046436874,3.290622342939918,-0.1816464797466772,2.6668675056940296,-0.1972606142427434,1.268766894307468,-4.140569202264445,1.9153260973331505,0.6950428700817242,-5.09650454809989,-0.9279341220999671,-1.005020214736832,-4.650273391810895,-3.4984321111369123,-2.9985327350744315,1.6021780552819118,1
715,-0.12851463530921314,1.6231968651732527,-0.14451071514884561,1.529667212386871,4.148005938991001,1.1330391189982847,0.07448695207294047,-1.7426431043260209,-0.1275355768329389,0.20684034677977203,-8.640850884438288,-1.7373203959792096,-0.668142879426139,-0.7451420497418504,8.418926787426505,1.0156557491135516,1.9482914859058726,-3.89724057592653,-2.1399107052527313,-0.5972799547945723,1
853,3.528617797443646,1.6406722369595106,1.1791292820083885,-3.785214695846491,-1.840708089259115,-0.8190438673311198,-0.010162021119034574,-1.8542437511751024,2.076193976040113,-0.10713734475957798,-2.406415089700644,-0.8878884969235571,-0.08046056798848203,2.8507349205806554,1.0848071515111146,2.076260185937393,-0.3282033447871684,-0.2893869701039289,1.8113063515437624,0.7808584977291442,0
419,2.692182594026059,0.11053547872114255,0.18335257309937236,-4.493156634705602,-2.1077030107304093,-2.380717551086218,-0.7195004792401325,-0.8414225500755167,-0.017738548685851747,0.8790457427643641,2.007294543540325,1.4593419673188008,0.6587108776579286,2.920160850173132,-1.924486336424277,1.2974162364761685,0.5829353704619231,1.7776666670107235,1.6801343260933268,-1.3976183661101913,0
226,-4.0892113629818345,1.9368964674020446,1.7518149565164576,-2.2159569879970333,-3.585309608773955,1.6628010779384848,1.4643730458760116,-0.4328043397652708,0.15551481247445947,-0.47221050324431907,-1.6646331782484376,-2.6373501209078896,2.5596648730686455,-1.5193483240606036,1.307500729891206,0.6717715679043246,0.40900462139144533,-2.1278344426489353,0.3343063128872865,-1.590625983020901,1
924,2.733844335422593,-1.8018901471113078,1.043705515027235,-1.8766936785401533,-0.26781875307055036,0.19115531395391888,0.7976722009754144,-1.9570849333434803,-0.5801201134615906,-0.843419292388995,1.0524803847454574,0.9473392825044348,0.3604215926597703,-0.9926771383481301,0.8634998421459701,0.5737226148500701,-0.39909501432408845,0.37520791091385275,1.1437474483209182,2.2906691551179597,0
1615,-7.805819970578916,2.2544949121716726,-0.7104578200128087,2.1363000468564355,-0.40780200983529713,-3.5701822560953285,-2.2378358148443005,2.6774389859904804,-1.069292174745191,-0.06755746043972953,-1.0699038190788814,2.8439344266985755,0.40091779140389655,0.1033731013189989,-3.0548790076916825,0.14301634190618118,1.915197936005349,-0.5458702629279831,-4.430337720483827,1.7327202039276166,1
1755,-6.218396193034793,3.1984369413343448,-1.3866300674983503,-1.8461400819819636,-2.013885610959651,-2.0284627316599324,0.5234847562701875,1.24687438022971,-0.2675472276955513,-0.8872680876419791,1.6186871919179837,1.4723896641695065,-1.0688281565336195,0.5553261762431907,-3.6551301405735632,-0.2882496771007823,0.8853341568282128,2.5467779931428796,-1.7219750054317968,-0.2437314751775113,0
1738,1.6951584092223921,-2.3459271219157927,0.09011295748952812,9.635676141347174,2.986789313515227,-5.168229189564707,1.1107229845505922,1.2125945569811145,-1.1004842313448724,0.7211933664192856,-3.355444227266899,0.3858984416935215,-0.033075112611558606,1.2120379725375834,-4.578680318459999,0.437522497537558,-2.8903042027588355,-2.5549575082868388,-5.873620183100598,-0.25274157192776586,1
686,0.19693155910268412,0.8920833556186112,0.3053154398891211,-3.6353832001850863,-0.458231237996219,0.003938806193891491,-0.833553421625501,-0.01925882302511095,-0.4964511246871572,1.463573941203628,-1.4642978589991722,-0.4885971250417076,-0.13164499491031645,0.14698926641424004,3.019900752933337,2.139718602334197,2.4320682620328684,-0.9453718872218485,1.9439290512271252,-2.2927205789164353,0
225,4.584175947392584,-0.8150595760210231,-0.1753195100015062,0.7493517424147843,2.2266610150085944,-3.0735104210899395,-0.939337252622244,-0.4406977337863377,-1.7300225781821716,0.8422945354706007,-0.7580239827126428,0.06362812983092814,0.6290928032385573,1.6249258869724748,-1.251517160456274,1.8531022846178054,-0.8564675984224773,1.2574634247867817,-0.11400658740968872,-0.9836206871912332,0
66,-5.246421520509287,1.8404519700715998,2.626511972756831,3.9501724781083296,-1.5981776680355066,-0.8538438340544803,0.5668186794006341,1.863880440533083,0.5342718588295636,-0.7743051112289333,-3.5352207756014975,0.64610425384397,0.16585768840890194,0.006006028984806511,-1.4543434188532325,0.010637536706875506,-0.3254963707669074,-3.501149703360825,-3.327466036567271,-0.8023185194560265,1
1125,-1.9705978257727133,-2.535471561481474,-0.5942568219175317,-0.2978726258459435,1.197891754238471,4.845985787104396,1.2265094695409047,0.7377962446471786,0.977858181729461,0.1825356754260411,3.1919946385929348,-1.0521552916112158,0.8816074209523784,-4.0717451014007136,4.096902680301804,-2.4055330339741254,2.2707169466983257,-0.7001196409285892,1.8981886094894889,0.24783580599787125,0
851,4.3971611311356025,-3.2907838329098733,0.06578279703183615,1.7257619217146822,0.4106628906667398,-7.438461742376228,-1.352813065583351,-0.5870356053069103,-0.8578882561276344,-0.23647149496655853,4.911770062628008,0.6382528947561467,-0.3937826372023433,1.382033874728755,-9.474799116762911,1.582832932411724,-3.239294144974784,4.543987355166537,-2.210683971048645,2.3690238242359034,0
1356,1.6357800293454505,-0.5719322412139489,-1.472064365798295,-1.5640943284959612,0.5668357702285527,-1.5455477481334023,0.5854754400470061,-1.9416205440937389,-1.7427263272718463,-0.5657377879982383,-0.3359357543611714,0.16218244386618785,1.266987108311881,-0.2899579945386126,0.4288419677659919,1.0493645675487462,-0.08867507943396546,0.9268809393201405,-0.4121560848368151,1.0955815338750055,0
1000,2.7353607292974274,-0.4726629632831144,-2.4673772218488232,-1.4914404999445616,2.532266228970906,0.7956883488743965,0.9391766728105948,-2.430427605095063,-0.1688121471450563,-0.3941484206350584,-2.737569179108783,0.4060673244425426,1.2067366087087859,0.22548588358573163,5.312472272462456,0.022941209937512475,1.4149279841324396,-0.7227636419664454,0.03230648426952165,-1.013130369614984,0
754,7.489292391489078,0.08910733377283386,2.581448154649424,-8.730476129951127,-2.1549668255895504,2.7470438282098715,0.9296098049176917,-3.621581525937689,0.22489467894622897,-0.8869098670556126,-4.7808144703061854,-0.5218743265642953,0.282550383555709,1.5980812218191502,9.421802781104043,4.147394369449375,2.7027472818939073,-4.00874478862872,6.401134176546575,0.4194620704783184,0
1425,6.845343616220045,-3.553128154952911,0.4683103126774213,1.6245337400255038,-3.5360798765011023,-3.5791765586254893,-0.9734570710194326,0.4198831635592717,0.0939378352113697,-0.16769069111983778,4.850675879488445,-0.05280163096857653,1.2516036872665837,2.909373931431766,-8.997541087510909,1.138389881992812,-4.566958160479565,1.1034091089581242,1.4815347446970861,-0.23957597789652627,0
1071,-5.361881737134631,0.430412573226428,1.5021354078272673,-3.1980360656702307,-2.274497081404129,-2.529237204370317,1.0887639631732924,1.476174745083917,-1.4377853693669596,-0.24675300522288557,3.367205205482407,-1.3539319357462962,-1.6257283236677365,-1.8145291071218188,-2.9519789121219113,1.4691360546065648,2.3392385131110123,1.555848241884589,-0.2725962741125242,-0.1525805373188409,1
1500,2.8553572328760923,-3.010724453362732,-1.0032279507057253,0.020114200028328467,-0.49732293572106423,-0.9706845018509576,-2.00020030039895,-0.23137641021961008,-0.05117206802084364,1.0211508507148785,2.4451115221867314,-0.8631923866270075,0.09525230798803433,-1.4675462111805024,-1.798632268942621,1.321225884357711,-0.9126006925011572,0.09420238204008802,1.23689291326526,2.3662458944986065,0
179,5.778240153972612,-1.0737689297567503,0.49723830587357565,-3.329851121935511,1.6173853530716444,-0.12701571699343658,0.16414699499719118,-3.28050978075915,0.9367617891338422,-0.5381297856132602,-0.4666122617362801,-0.513938525608857,0.07728969241842326,1.6498909968682962,3.189377857079905,0.2718022862768813,0.33534944861105465,1.2912597209764773,1.382539504643004,-0.4538008329843431,0
1872,2.599962382909018,-1.1200090555136972,-1.14855243423977,-0.536778287331402,-1.9942816556177663,-3.4275759856915538,0.2979207879329441,-0.7029645563281766,-1.7847229473757455,-0.6419357207303763,-1.0597515569848561,-1.4255582041549253,1.372932317411671,1.2897931070670134,-2.1947415983994114,2.717038368695905,-0.740106273232886,-1.5684530012777245,-0.2797116253200347,-0.30986762493566367,0
529,3.253953173440705,-3.5021934704240185,0.37979369677137453,3.82512123881997,-0.346533182229673,-3.9749110403873833,0.39597993910132445,0.9887395688402669,-0.3260329659595626,0.24156462676238674,6.530265649633298,-0.6262068778455122,-0.2966924348160388,1.9620182272942743,-9.492026309178987,-1.6148012102072276,-3.6068618219268775,3.5865961726370466,-1.5782135268192512,-0.14539309803400471,0
684,3.6449009778675023,-1.6670928815539068,0.03753799590452933,-0.3986985755452085,0.6293044707442459,-2.6440766609497337,0.24394079814184,-1.0944804476078622,-1.5275215243854778,-0.025519688062069803,0.8333036224480936,-1.0261547989532962,0.8000147736994304,0.9970502078656798,-1.6074617743123842,1.1274322498163512,-0.662563288319397,1.0742686585779804,-0.14470261327162137,0.8352561371255042,0
977,-2.4820530674856327,0.6033532548574676,-0.9299088984938685,3.9355413956217085,1.7253562690785462,1.6458162760349178,-1.9909934706713557,3.1625265062707584,2.386009702441097,-1.0634904314832314,2.461516777337498,-2.0234578086353228,-0.9551127977019274,-2.7407020490926652,-2.989979174336872,-0.7494666965153811,-1.7884986285282254,2.3081226075944095,0.574135469757356,2.6704922162012896,1
1762,3.0808388130587248,-1.7003397816480104,0.5509599592027822,0.3612490218097738,2.5348553159280622,-0.9475388987688655,0.7870610387307967,1.9049232920180277,-1.9204154210169946,1.2329677510228196,-0.24644496692923484,0.559357309437659,0.8653143056214744,1.7142000283708638,2.064762575074163,0.9492575702115967,2.7634128390584474,-1.3037171208001515,1.3217933975932503,0.3857924496153543,0
461,3.468999592026131,0.5246274232840604,-0.5102939438702953,-1.3305761462555428,-3.1210476501416484,-4.52755027840959,1.4375492908265213,-0.15758517338258993,-0.5341231330596575,1.4885504334671982,1.1174375106958343,1.5125796943108474,1.2216698808051176,2.6024982750913503,-6.6296543154387555,3.2512889810794796,-2.9782689246638236,1.8711441700456215,0.8812322003059375,-0.3373539038717117,0
784,-1.1529415769266886,1.2285257144802786,1.793165185167964,-1.5438682899111587,1.2105876342583393,-0.9054342840805368,0.6962162452534475,-1.619647910000511,0.15667961923104168,0.722031054784529,-0.6894213683434316,-1.585489150700804,-0.3178965957862398,1.8436684584624974,1.4274793631643867,-1.6820002973174022,1.4102247356776294,1.4390385373906933,-2.154759079886177,-0.7796931034734367,1
288,-1.124750083022112,-0.03166612770397936,-0.7917649804361718,3.5404095599270824,2.526621240546082,-2.3477248081134676,-0.07171196625341286,1.731319018583568,-1.370199111682553,-1.4477081363565594,0.48070787131602466,-0.28369509038604834,1.3707330853638662,-0.4042854286057813,-2.9289719218045747,0.13848263929214233,-0.5984422655879447,1.6033890275982818,-2.0834808194421885,0.13579500470417155,1
1873,-4.450172384899069,-0.39073508067789486,-2.4994817630222173,0.6411671860208508,-0.5409845369198579,-3.453432015617706,0.21162624090176446,2.6982358294295126,-0.13674674935220335,0.16667613854986973,2.361426671858844,1.3190270064335339,-1.1797403264416924,-1.3958609036033254,-3.9491294850465968,1.3883843546235508,1.6041104100213437,0.624316180514864,-1.5605897321312254,0.41772009701701635,1
1593,1.0890709017312867,-0.5448875800240502,0.3013158209578173,-1.6998070754809373,-0.439183632583246,-1.6942206097678567,0.11983017800697758,-0.31540837624536355,-0.5670388967193081,-0.5657742857835347,2.5722708424632765,-0.7899136789880058,0.7588647498316211,1.020728130665038,-2.249634682529699,0.07372111787019564,0.013988361468115773,2.173247153801209,0.3124422838158041,-1.4448638192797472,0
8,-3.2924844985177737,3.122595616562914,0.7596728891125129,-3.3121044937399873,0.05169696692838688,3.614929525076513,1.4093462775778514,-1.3761454808037379,1.6223995409215184,0.25589683939149016,-5.43979413104686,-0.3280544880080997,1.0972947448785748,-0.6737504016057085,8.262374167520516,-0.03595882838012088,3.2636706178683683,-3.062644095211321,0.43885891984105996,0.9967833100056325,1
500,-0.20458326814076372,3.5477070475637675,-1.7366198582755727,0.50057467702985,-1.2085712202898,4.884607597966059,-1.8673988874984158,-1.7479518539781944,-0.6396739089185961,-1.05279413973019,-7.691507492409294,-1.0599801432777414,0.3976482699558727,0.6424973612569627,6.32180426952136,-0.37386970361239347,-1.154469310126752,-4.621100794596879,0.5162963347788418,-0.6634216619485546,1
874,4.179996921046204,0.13393541564233824,1.1854811450207678,-3.933899409369455,-1.2129795565733377,1.2941453203340496,-0.9121687634853204,-1.9916109523896695,-0.3449060302301413,0.326846295974679,-1.5083753477531576,1.997396167987976,0.674386481928087,2.0882017442665948,3.481651971184907,0.8197143562892835,0.6671309828390237,-1.1351595582236405,2.7203618930608053,-0.3497173974626966,0
1599,2.6802551562219774,-1.604073412732666,0.3686755056095949,-1.6517607881273983,2.288093940098581,2.0340233806791566,0.9387339113474469,-1.9390212368765227,1.6521171057309259,1.3215101902596698,0.08829841433231558,0.6423003513248503,2.1570983854792587,-0.7441834607878828,4.595206575116393,-0.9847779804669115,1.3249173362552304,0.19079407830880946,1.0993097716765323,0.32986944793945483,0
1506,9.096297384917612,-3.2139876847810562,0.43981716757775596,-1.1253117497792546,4.488938775952139,-0.5621965882350538,1.0063072233354815,-3.029312259170807,-0.03606980778555142,0.7942857888526053,0.7069527197548274,-2.4162169370343376,-0.23052260258585153,2.3674284125504266,3.068432515961919,-0.6768540568965635,0.11456352488539678,2.105741920637344,1.206962104853418,-0.8883357091230859,0
1714,-1.8613545384442038,0.8531937507858036,1.3909238438919962,-3.435304506826944,-2.240612928382916,-2.922830967058632,1.1325410946491246,-0.6896158592080505,2.4801464031896945,-0.8101114166888898,0.9271791787061927,-1.3791885917172344,2.567973647937957,0.25296877624785485,-2.1181899871358225,1.6897923596705757,0.834855565534592,1.2044803775214166,-0.5318364555542756,0.16980635846067035,0
746,3.959887317727636,-0.21437839329600983,-0.5931056323206425,-4.63824888853464,2.023967987618694,-0.07340808011024463,-1.4169056379040506,-3.6019647079369017,-0.03260142884978714,2.1633296290718675,-2.8748387817176293,-0.6149588468653919,-0.1808945658619259,0.02223792085953702,6.080680840531296,1.85061719239107,1.9567259153241925,0.04415064341971309,1.2679820896431213,-1.1214153888397715,0
991,7.644395251265939,-0.7583231723319146,1.1143160997942014,-6.941346441912991,0.6598342034349512,0.3591396927503886,-0.5507576499010134,-3.1052910033989254,-0.281827216252615,0.005920653753199576,-1.0986281445502764,-1.3213726486624042,0.4837944060861783,3.0008310112880254,5.7889343242470845,1.849766104790422,2.4463042824115395,0.17697378596117996,4.191690969868938,-0.4950257695926416,0
390,5.635605603461413,-2.071175200699441,-0.05708251558117896,-0.27679027968966746,3.5397916729939456,-0.5410345008042337,-1.2477478089796377,-2.317591703699197,0.3367939598914307,-0.5719072532358698,-0.27087486460868626,-2.112942864290805,1.927236247435589,1.1294613812491168,2.512096271960408,-0.415606178212264,0.08049041584487249,1.2397217727255025,0.09854961121084427,0.4782251939493007,0
824,0.9347975632419537,0.43782163810574004,0.8819485715591566,-2.022111280756837,-5.140248352696678,-4.067322909741973,-0.44813748649511614,0.013952099867309498,0.4111261070551705,0.14514104075030287,3.1484552840965514,1.2244056595238832,0.5291710792188287,2.464776454651381,-7.994709978146029,1.840491486962031,-2.711919729790017,1.963614032439497,0.39425391362023254,1.7936730653404984,0
939,1.1396099227380199,-1.3401220395133917,-0.432601845506382,7.341292171880114,2.9188246343608037,-2.4646824666918428,0.6002694088754347,-0.5332797521027237,-1.3570156242813924,-0.12409232737299698,-2.6112852536498035,0.6560968120538998,0.3499771670452141,-1.1912919383953549,-2.882852842429889,0.005875556085786826,-3.8022338563883085,-0.504374573814681,-4.389556817340057,0.44446758014478277,1
659,6.492665981304467,-3.297113410593768,0.2992626011021709,1.6180914391969048,7.073583634468759,-0.6471306606504973,1.387363393393158,-3.4085768539704207,0.7147481173621851,-0.5760626351579979,-2.1465401754336164,-0.5644883152089208,0.14677125624409681,1.4474502896934065,5.815339018979955,-1.968208517957835,1.3879674008204765,0.4207381748837957,-2.2288061589121257,0.5089362936998335,0
1373,-2.399558289211795,-0.9374909737824808,0.22272880928684158,0.7686712896298029,-0.18274308941787987,-3.515590812454638,-0.8065154517837645,0.6088118116537428,0.25856739706620196,0.6010960146401298,5.1433273322772735,1.9668530695264288,0.20236880097311102,-0.7253477879988053,-6.597200891483817,-0.7867968982054834,-1.078611242070496,4.212613437391448,-2.268431853888896,0.23635009254749373,1
246,5.029968856182787,-0.4407489635766786,-1.3984049382999375,-5.229578574116125,1.0985034838466667,1.5503926144612659,-0.8374723242149534,-4.074990939887884,-0.04132250076567298,-0.8098272883566772,-2.5198752811892327,-0.060379263590996095,0.23225011053865138,1.23518625445024,6.997803396353971,0.494226140145108,1.88450961987953,-0.608086359917301,2.0662324924018898,0.6648527248669294,0
1076,3.7623964419939977,0.20867674972215244,-0.3729361973122284,-6.064619732281714,-3.2177003063859178,-2.2939668174891303,0.48921316571669227,-3.570388050317608,1.605998360041356,-0.7388465000085422,0.768605441925599,-0.11873922598294835,-1.0764834945501733,1.921269761948602,-1.1904697975624112,2.113305975792036,-0.8672208243922506,1.783643055039887,1.574108735070966,0.8158597038960489,0
678,6.668544518803009,-2.5429247461147733,-0.2602925923384811,0.07169906810794581,1.6543373309809675,0.029653104898801772,-0.041525923102935014,-0.7836150910512923,0.24487767615538641,0.01903521646879262,0.4457640677521235,0.03964389869531132,-0.7525533544953407,1.2281275752766059,1.0749194118127703,0.6588569709118285,-0.6152685721254694,-0.049142359498517085,2.1381526874553645,-1.0102080150685993,0
99,-3.0254478928208357,-1.6943009886304283,-0.5252663166367184,2.8287320110500183,1.0598626295975229,-5.2168169713402355,-1.5119877413472733,2.4358137933712296,1.6402432656048063,-0.3713481925479452,1.049303120297208,-1.0374483603036964,0.24451838889986344,-2.4120642107423382,-4.323668274118049,2.752536931885151,0.872401949735321,-0.003873659003418406,-2.7604335071024586,-1.2785991872912792,1
480,2.7301349952152103,-1.3472627897132006,0.06584625243532438,-2.6218726017117087,1.0910480774972586,0.7346176519510401,-0.8109256882724596,-1.5084634782058233,-0.29927409775113234,1.0664520694926103,0.11530245298458655,-1.1649490493856587,-1.828052468824351,0.1076028226575213,3.5094835625352485,0.12435389944169317,1.6794793818783473,-0.11162134960196313,1.4208159915599137,-1.7434313373466372,0
1616,-0.6375172446302376,-0.6547357677148005,-1.1359212835477575,1.4050592386557483,-2.7830602007411205,-5.442641308792611,1.1522699338427456,1.5280485122938456,1.3035729154208218,-1.538656319525048,6.056363288317788,0.43125978874807624,-0.04313151394224499,1.48978886014226,-11.389284510283884,0.316602623602828,-3.3310881041282885,4.432919047617286,-1.668259382374774,-0.163081811086737,0
15,-5.295837097029797,1.5431132526976339,-0.09015887154906813,-2.2455631221015318,-2.1706641521728547,-2.367820853316372,0.6780639597198693,1.9256683488055701,2.0409467840794413,1.1731883754451768,3.2958576866813556,-1.599755536309266,0.6130373458648736,-0.48354195920566,-4.152059989631296,0.6669933668332426,1.3833364149988538,2.3855486999758817,-0.5060480010256159,1.4662623457766397,1
838,-6.373895767905593,3.710997343615548,0.6711548004080395,-3.2094587740795775,-1.1836475730972196,-0.4757022866134048,0.41339034596292,-1.2685114594172,-1.0077141145777477,-0.6684999376787611,-2.63131102010215,-0.6114183398017042,0.8667548060987468,-0.7885428089289122,2.0369461794949113,0.2096586934180753,2.016774610111013,0.2241990466742385,-2.2743453671962524,-0.5311851228256694,1
1124,-5.889324707406226,1.1411005024020189,-0.7810500477054947,4.6519245304777295,2.25224106889093,2.3480446470952585,-0.4989281678232939,2.5070249879012896,0.4781017347270486,-1.1749063715838868,0.8045746111028171,-0.8153870263833847,0.7975496639206877,-2.910166750716373,-0.6392992464629241,-2.7405025302776647,-0.3234334220340439,0.916184604031645,-2.0803726663321433,-0.13990766389220488,1
864,0.5565958410589151,-5.210964221375055,-0.7967382091035372,2.7101969542015576,0.22146329626169714,-3.011220187586582,-0.9328191441857391,0.9909204296884577,-0.5133062685982339,0.7137702840264349,9.364681594867056,2.4758685935381934,-0.4874467697334085,-1.4646791839285402,-8.364516692992686,-2.322133483499959,-1.835721750221098,4.295869179529989,-1.5531004661115149,-0.8250714706975154,0
1740,5.373572126874905,-2.162720781269324,1.164320465889334,0.707012893400758,0.3715564378239926,-6.414152636852618,0.42248980039924394,-0.042281608428979434,2.7042156133694366,1.0340992560050806,2.2916273332935537,-1.459726996300819,2.145256246235866,1.9711281322557377,-6.706086400616844,3.096106124320255,-2.2514700328697312,2.745734185924019,-0.43374741243340886,1.933659287709613,0
1226,-7.132088088340744,0.6810273853430899,1.3757877922057997,-3.3957323446970964,-2.4505870182515626,-1.3456238140406878,0.3378412793115016,2.623645649717262,0.6547242433084663,-1.7449013540976732,2.3902625436206684,0.5605078349949147,-0.7105734010448863,-1.831228091550779,-0.6324771913709929,1.222068383059065,4.396812600227136,-0.5230235801215122,0.04161095460133546,0.4072436692444846,1
662,3.067688395341072,-1.6246521851047406,-0.22145647144687675,1.621444488691302,2.194595894820742,1.1079260351977664,-0.3706740168843618,1.099702995660731,3.3172819743670785,0.09808940664565614,0.7312809199631598,-1.0068213539640032,-1.1927992812254589,0.40376683081696296,1.1142281069250528,-0.4995693182100889,0.26962459811656636,-0.2130271966446564,1.439091324934561,0.9809198217592286,0
346,5.59494097967561,-0.7639219174259995,-1.2688819189193736,-5.308676939177886,-4.387328099257454,-7.560682444493542,-1.0474188338516726,-3.225095949508934,-1.1326698658478165,0.8437484722860025,3.110088864156704,-0.7780037200113454,-1.2722902818484363,3.3254877904356723,-8.147880852621995,4.097914818522375,-3.0080290868832162,4.018142815262166,0.3964139831030157,1.4229016614814831,0
1547,4.880608377759037,-2.273070625394122,1.498231778830318,1.7050339286593383,-1.8070390975877388,-2.0689862238462533,0.23049965621202778,-0.11787031697902295,1.6322293289420506,-0.5537854370524424,2.5089959699731343,-1.0127435753340228,1.9001142903656638,1.6622687066755881,-5.5200745422848465,0.6487668545559133,-3.5404173213762196,0.6863872880343802,0.7059172411997932,-1.1287685558038667,0
1297,2.352272784248523,-0.001808834240386581,0.4652768889968813,-4.193976611235732,1.121920002430679,0.5382466517593043,0.49737848273822816,-2.9904347722568416,-0.23755385804743337,-1.946883187085163,-2.3328795482422855,-0.3935489261636347,0.14677544501619522,-1.125200675741187,5.2403544846064385,1.8534735886263267,1.5193037861773795,-0.13606195776254904,1.402439870470403,-0.35952229990110174,0
1248,-2.2402557253084225,0.5043531439463809,1.5516742454372043,1.6822978206116692,2.1137653001958565,0.3293556934222378,0.7084212913570925,1.6717109968727968,0.3556422533951331,2.5842622637363784,1.846142355266399,0.7512859122676202,1.1486153867698996,-1.7209697718271766,-1.3270820863415314,-0.7036729394587964,-0.08487832198322309,2.4359410421352665,-0.3170514638242493,2.000109344353354,1
1838,5.825505400574844,-2.7417720284289104,-1.1916287273858162,-1.3783594549858214,3.3953603005385484,-0.7462940659244861,-1.1078653129470757,-1.8840006354204304,0.8400486093263567,-0.7964915211388198,-5.051573248266442,-0.8682240629513632,-0.23446128502667438,2.6347776476862848,8.440813614299078,1.1408634738697145,4.448761941404257,-4.800420263423343,0.06259883267668953,-0.08474271781658094,0
1694,0.5218889198918136,0.3083753647287929,0.8493591421197036,2.081750769622225,0.33198491323560164,0.731647409352819,0.4341168745612439,-0.4303455412509696,-1.1171245153733365,-0.373288991597191,-4.2210117884558915,0.12350839139884803,-0.7243052188817761,-0.8332982798265842,2.275698105899136,1.1764095544720727,-0.8033085119769632,-3.06166717489833,-0.5561535916069126,-0.3219748519883812,1
961,0.7315508888518739,-1.6709392698816514,0.37748118791946916,3.5435061878759186,0.6994989740157451,-1.992538834438819,-1.4140464928568144,0.1143929676223775,-1.0193389267816335,0.3192513668209926,-2.2173892619762783,0.5570058299354135,1.0026146049474862,-1.9049638951927337,-0.9976194569817185,2.0995133873741976,-1.3473267666024045,-2.2637574214153977,-1.6780938392371179,-0.6720039080503223,1
1098,4.2085690126229585,0.14771662717137057,0.13425373588690348,-3.3156290938723894,-5.563654946841939,-2.6332301301021683,-0.6931928458773453,-1.2847438662570105,-0.3980375656866883,1.4534338253911,2.17852972003256,-0.3788319821301127,1.6783763504090512,3.475132977769035,-5.940076198607444,1.9474788284619886,-3.1573814266395273,1.1374745028277975,2.0990727954899295,-0.3752183822901276,0
1620,3.8320514513184674,-0.5397522940376995,-1.346635513266223,-1.1712291679976565,-1.9431439037992888,-1.3957788167499336,-0.09317178659238669,-1.3734922595995895,-1.9278687351863453,-0.3569011223738077,-0.12131952271214029,1.0499036505816326,1.0454312663968097,1.2043369095958965,-1.9561499849348316,1.7677713520814526,-2.0638161084969306,0.0180619621546535,1.1601762216041671,1.807543993865617,0
643,1.5362064647141445,0.9688709542724399,-0.04395003476192343,-2.2704100524822177,-2.236544562558612,-0.12157471546679481,1.9187351950306497,-1.3383632262237164,0.22731868857971155,-0.736896491155516,-2.216965332380835,1.5190662683794982,-1.6895383889052504,0.32600189087569154,0.7456156408438507,2.2255736834880433,-0.7898367357539653,-1.2693941549963532,1.3606769782588506,-0.47030606211475484,0
562,-1.8163660485129869,1.4852002560311184,0.619891355166518,1.0535474744461137,0.360312681784554,0.7277716304466313,0.09232155131050733,0.5614220063670019,1.544000364195677,1.559317422487682,0.008724961084651418,2.9488712981952467,0.7748196564831411,-1.8634554128583285,-1.2247165668944489,0.325851442413327,-1.5223150859276422,1.503338298612519,0.0649852123019854,0.9173595810606601,1
750,5.910620569847166,-1.798735066353472,-0.5220306651961412,-3.052044002297209,-0.1999847591970687,-0.9818189692447845,1.7448997548712732,-3.470264851805742,-0.472276183632968,-0.5438289324940417,-2.855422323500926,1.0768456451194697,-1.1698698778818701,-0.472206383957944,3.3754190547362843,3.446337388482372,-0.28724967261369727,-1.7780782188260011,1.732783684575475,0.19692806679320043,0
1515,4.942030288089807,-1.0474489663546052,1.1354160739390249,0.09566466140842808,-0.21439893058851445,-1.5739308862457044,-0.46436388463693357,-0.492459255812441,-0.10057361070702601,1.1682105916889833,0.7239361263656975,0.23923675652665083,0.3312126013393525,2.408903672184394,-2.227005741167951,0.7570749741627285,-1.6982907456505896,0.7815668667359543,1.0259615044148258,0.9245263578384526,0
802,-4.5976770692686335,1.6292024440532313,-1.4809632699237998,-2.4109199420362417,-2.1860659594937704,2.6424759583465582,-0.716143727891473,1.889264566527199,2.244831174514562,-1.6678629196935726,6.483857355469288,0.46992165297202665,1.1732040381334914,-0.23764707040919775,-3.232435632390977,-3.2707005954898998,0.31669791582718854,4.217797807600119,1.7354614892346438,0.5447366930439312,1
200,4.31683957313535,0.018134363974267487,0.21143895750286165,-2.001409556965828,0.7293575477161898,-4.837445525117524,-1.8479788045344046,-1.7042498255679805,0.3260410887223331,-0.402303203169684,-0.0598301274148303,-0.715091405469553,-0.38287695234676394,2.20607720513091,-2.784412338437569,2.7291602479440598,-1.0339428884585113,2.867091655726316,-0.28134542541056784,-0.1716384093582853,0
1555,-1.386459219690696,0.4065477624421261,1.5616730398503385,1.4867059676540246,-2.226550877906778,-1.474513617206967,1.190514703855692,0.7216847208683291,-0.3341990977406916,-0.3969017670503971,0.3540581786778288,-0.06107995759959876,-1.0839576367226103,-0.9824081891307217,-4.217835034232186,1.3748507287497778,-2.311864670939025,-0.024304896928037056,-0.6042077651488851,-1.395715193200922,1
1668,7.256785583044504,-4.316392136900724,-0.6229528491576378,2.323354768429309,4.36759620737466,-2.397605343150788,1.413413096227861,-0.03657425219693888,0.6052506222128796,-2.213266906286816,1.0123788752144032,-0.8573570389639246,-0.9903681076178631,2.7797887485203496,0.5993869922931074,-0.458141501278164,0.9265657421174659,0.01732557714907479,-0.25932991701626307,-0.3298879895104819,1
537,-0.32179781280248226,-0.12439224673792182,-0.38989667176668147,0.28781317113335914,-0.24360604634523253,-1.9649668790206496,-0.014658647959978443,-1.8609014601551461,0.7971648037339448,0.4148812616827085,-1.7304731031439315,1.2588543181898313,-1.3300834980344127,-1.2005651851674752,-0.6201730003239972,1.2905999650172824,-1.1290564719335898,-0.2592671345537533,-2.0076595502459518,0.3339225828130965,0
880,0.10074220689273687,0.6543276952605541,-0.11244748912604491,-0.26422768099316196,-1.3091612939167179,2.3917645743633145,-2.4293789654157183,-0.2343261876694076,-1.621110488352499,0.6730786234384276,-2.7400972940901482,-1.0813675002869674,-1.7029345470976376,-1.1466397201881016,2.762007090146972,1.0788284658124074,-0.3096750355355269,-2.8029332003603527,1.5165616597111806,-0.2930657675554553,1
1600,2.3030050219112015,-2.003193516598115,-1.7040871797814543,-1.5440430927411521,1.5688361879391648,0.9862503400270403,-0.5778822647532773,-1.4252293905281195,1.7765296363736733,-0.18015338312511825,1.5261164861254255,0.32893578818136626,0.17921186112363705,-0.9855903168745617,2.4008359679783235,-0.5932007460436663,0.9084283665978354,0.8463853557746395,1.0311350427458512,-2.4716096939672427,0
1344,-4.7555695388440276,0.7130572293906612,3.0417049458617655,7.55482444497202,2.927231909176939,4.355865515487302,-0.751450193716798,2.597541215760154,0.18077909467674982,-2.1479655641712503,-0.48891372933816185,-2.2093169704251365,-2.2915064494917434,-3.2318104245479833,0.23581842478553167,-3.766200308240774,-1.850453107678927,-0.5075242336925652,-2.1170761715092343,-0.1738085183793373,1
921,4.208771014010275,0.8202424092263774,0.920863447125207,-3.710420116637414,-0.6347775595596175,0.9651885999668149,-1.4995850281081429,-2.712792754373444,0.13757647999288525,-0.14413754589277739,-1.538190019497584,-0.7040808895171409,0.9634322766755724,2.696241708460585,2.8691826573404677,0.062407674835296856,-0.08127004571172214,0.2143101591195432,1.8269430309953032,-1.0866114066616566,0
1017,-5.560668464826711,1.4100407356128535,0.09133787565792292,8.230112692235371,0.7649302162538487,2.7243400100861894,1.0795800660164652,3.4114944139027594,-0.14909724067342733,-0.07427438290215896,-2.6916446278028543,-0.5758106173280328,-0.9333860109233065,-5.691499480305915,-1.916826470774215,0.511484837445831,-3.587900662164888,-2.245709883194823,-1.4824180809763847,1.3118435686496521,1
284,5.717822656753642,-1.6984866131115621,0.9679634357078463,0.9706293053212964,-1.9728212891215586,-1.2543215523100453,0.28536931945915467,-0.9542075214745664,0.805861268073769,-1.542121119974274,1.5317659217477404,0.009831813688712013,-2.0766729582825127,2.5924625682551667,-4.203251386104895,0.2029334385237962,-3.610298367937572,0.40578322783167875,0.990376842940187,-1.3203696230235895,0
1435,-4.882579279280054,0.8917445506517221,0.7725570465690128,-0.7546355929033424,0.2559200490467093,-3.1047437771409028,0.066215947140241,-1.8796112414939077,1.3219973659801718,0.23704914501325225,-3.6472339966400678,1.3204353566364184,-0.1702621323705414,-2.991229469674609,1.4861032017845461,2.215523826093565,1.4784890022113895,-1.2199844773445299,-4.007789668669178,2.739627907503663,1
1604,5.627858233113369,1.5455810309119231,-0.024401462618001864,-3.5452128459325216,-2.4942759453050956,-1.24204399002471,-0.054537012915357855,-2.983614718704307,0.2717847274161086,1.993359331527333,-4.948625721399547,-0.9063086512669257,-0.9141450545483026,1.9582368056640485,1.5033881460572731,4.402896459274116,-1.9427158342659334,-1.7437431663941014,2.321691091715615,0.7740199448279499,0
142,-2.240493633496853,3.316471759871002,-0.9234468199770375,-2.8811697148439204,0.701711181776709,4.043742715035147,0.13246266569588389,1.09103090387752,0.23015521511424408,-0.9563804537957101,-0.5665080268059507,0.5500775494299662,0.19157103833958095,-0.27812892471109285,4.081741687854565,-0.6937300025334432,1.9537584994257915,1.1177988881481833,2.8886890335705475,-1.1911143083918847,1
1281,-7.5775928164266135,0.7399578375975194,-0.47302322778300626,4.217050584093065,-1.5760990322134487,-5.78703682000372,-0.7311529300058116,1.3659202357426017,0.3830350776656009,-0.9618997631771465,-1.9838905977821857,0.2835858384860304,0.07726965694378839,-1.8731319034091138,-5.636501921764167,1.7434937498470373,-0.510014246072561,-1.7132241346502264,-6.443406159293306,-2.5811323392031897,1
1776,6.960306291585009,-4.749291192045862,-0.44455443711523795,0.9523848599267036,2.5184608119725587,-0.5185637032620614,-0.02459600790658419,0.7644084047687683,-0.2193743197170874,-0.9846178047349617,3.3283431587737082,-1.2148042720219512,-0.48483671443650106,0.2069295520579335,-0.19250551423795248,0.6406803083790815,0.2171319349520313,0.3926698288344478,2.6903453753192847,1.1540589932658014,0
794,4.92772430752001,-3.5683611260192016,-2.1962663697674176,-1.0636868840884568,-1.364064168195697,-1.377265528996113,0.17015441647134508,-0.6140607705888177,-0.37346212475312335,1.1269855189978877,4.649419267893618,2.0979030103187846,-0.19119091607990238,0.21113117812951088,-3.6293499776630593,0.6680199304810712,-1.597635243756995,1.5236819176578553,2.0757033103801494,-0.41221056339772816,0
1021,-2.7727109543069037,-0.24404547272507804,-2.0051687257227075,-0.2947781565159299,-1.5930886335109453,-0.9952273698279883,0.0994977729431745,-0.49920899311662525,-0.38364325138178,-0.356448302843141,-1.8762479598757695,-0.625589086464356,-0.8623615559430609,-2.855035315424839,0.5075045274193172,2.184103809408037,0.3997886584065946,-2.3508600911897597,-1.0907652989900432,-1.1041488371499941,1
1702,2.7062924929872736,-1.6328716277558453,-0.3229010950272988,10.95471263568259,1.7475423414256928,-3.1448793869222205,-1.4043178139685641,2.191746207230672,1.3459682929682417,-1.3799063065667865,-3.009466807885633,0.24403060915058566,-0.369630729307892,-1.3356316531876808,-6.681222746166458,2.2187348579193245,-6.359131911972483,-2.004570013732705,-3.0700388772001475,0.9776014472906162,1
1945,-0.8402491567104139,0.6585562682650986,0.20252289307746743,-0.18788639950792993,0.09414517763752617,-0.6443405057915539,0.8123220428768517,0.11762045246469288,1.8459643980374065,-0.35597193195839505,-1.1112742444079522,0.20851632824241723,-0.5972999824301526,-1.1719660796013702,0.09488446622754551,1.543740646721992,-0.010861954707068744,-0.09803126379172711,-0.029742189723118928,-0.05900452524077622,1
751,2.6342982868759246,-2.9591612824284645,-1.566941003687866,-1.2569256139054579,-1.0927225318205056,2.1431618782442263,-0.9026577775511164,-0.7391997926411826,-1.2106760599034432,0.7344395236011572,4.482636921219692,0.5790203775060309,-1.821583118632158,-0.22761224208751218,-0.3081005975827772,-2.0480045757780325,-0.3613859571706177,0.7172617975053688,2.0986424643241044,3.437375866665668,0
1928,0.37429827742199007,1.1801895925701773,0.3592743159160216,-3.012142059118725,-1.1164539885537574,0.04828951481202607,0.6809092703610022,0.2036076296009428,-1.8815539539294432,0.5280670408046773,-0.6186514276064107,-0.366036967600365,1.2251952396373194,1.0341933761127962,1.265571714510888,1.3782885122590605,1.3596099916468485,-0.2856450924987294,1.8531099007363867,0.9774885582674617,0
28,-7.917998936602596,3.95162193587035,-1.4575973785704937,-4.08806321692289,-0.6904625659058043,0.11298275620413815,0.17252759834397108,-0.6765496959655437,0.755872711594515,-0.9785368306807651,-3.2756928247817334,-0.23149651987020517,1.1309654755389833,-0.9198505501504106,4.415909474172521,0.06388119588035224,4.264286352450156,-0.8062598807031468,-2.1954109546299403,0.69164943025639,1
1188,12.41788908787153,-6.0229991205238855,0.4359884384734659,4.79464799858199,5.37884210199048,-0.8747390137175775,-0.2153313513725021,-0.9630617417630524,-1.3478332157956954,-0.12590324326365618,-1.2971227200573183,0.6484579300570956,-0.43951824530107597,0.6551622507700938,1.9184880865967826,1.6562301695330621,-2.1172891348359104,-1.7399486095567576,1.7014451475743826,0.43439855759475315,0
71,6.223492101581637,1.0971458089660846,0.0561826272021137,-4.490823218696635,-4.365551174625258,-2.5190787310210663,-0.7977415690909615,-2.4693750974328195,0.6481391528469409,-1.5630579581335415,-0.8474309109182069,0.822646238748182,-1.5234600048280869,3.69942737160544,-3.01684735063347,3.511736401613652,-2.912491223111886,0.6810646248894996,2.833334452466145,-0.338899363308088,0
1498,7.546955204762304,-3.7194027417106215,-1.9861724916191796,0.7947496602870713,-1.9918260343318746,-1.935387592383797,-0.3069929585210501,0.5594496997268783,-1.4701989468259193,-0.8782791165676284,3.925628261203447,-1.6613207270536823,-1.1857046582282749,1.8637224999725523,-5.49939554481868,1.6269929372355536,-3.121381720340583,0.46531341993454123,2.976520484082637,0.3905737696070759,0
1294,-4.214024776569384,-0.8851467280300127,0.990740153685733,5.811881047599567,1.5734267019335022,-0.9566862192037255,-1.406431474984372,0.7762462630746529,-1.197364947779305,0.6948121287290009,1.5920845360224023,-2.113155354413288,0.14874174485074254,-1.1791070177958367,-3.7162548546175356,-3.4385823690695125,-1.5406070635335034,0.9504768781566754,-4.976823332566225,0.43803405456837635,1
501,-2.277895482852893,1.9578502818423869,0.706918038387953,-1.060244833167971,-0.5863366940172863,0.08816300049050187,0.4762703750908994,-0.1226045669163377,0.7611689294055586,1.3214779178635672,-2.0846892534214847,0.13501516873444586,0.7171025361638355,-0.587180963894314,1.1553650548654761,0.999190394526423,0.5316095859013543,-0.516643774225868,-0.2659564361470208,1.1261109949504964,0
598,-0.47859691968477375,0.6292649484399275,0.7370949127709976,1.4788021243488383,-0.6530288618123468,-0.6870902569968748,0.34051422008894866,-0.2771998389677539,1.4036238720356387,-0.43809796658446737,-1.3111916809305393,0.32542341276736336,0.07205914578281596,-2.6128454386472213,-2.044778865811308,2.267509443436817,-2.712119999891698,0.14240737576827622,-0.22107428843422472,1.5532962478949157,1
780,2.3388338249401035,-2.0389632781228535,-1.38427437129602,-2.4012494787041354,-3.280436436977846,-0.9563374535939608,1.9182130317884887,-1.2983218634683353,1.3175347776032729,0.909106121904479,5.182080037552116,-1.5372923665051268,1.9891355370790025,1.1454893478702008,-4.429213255998885,-0.8966136754636875,-1.674014247858813,2.1746728752682714,1.1176247088481823,-2.4496767458765336,0
682,-0.12186406047600117,2.2417431628521998,0.012536388599599732,-4.26828059091284,-1.2676319067241102,0.7239449473293867,1.042062746097925,-2.2825666626635472,0.17834928790800272,-0.10989293467169783,-2.617940910189786,0.9575391540132421,0.01988357009982805,0.28173638295135894,3.2287204251527735,1.2318362681983515,0.7424293817536647,-0.1783571172880105,0.9623156109920793,-0.14260933259650851,0
1453,-4.837085032466579,-0.06054849366140913,1.6205769383154418,8.22944142080701,2.131013561707619,1.20470693976581,-0.3633902503329852,2.8662811472075225,0.42828235312827717,1.578160257258783,1.4614135109567568,-0.19327106286346876,0.807299625063017,-3.7812012124650614,-4.421802643352062,-2.4209650375841303,-3.323206382072274,1.1134259553578594,-3.096464482487429,0.08365031967474545,1
415,2.4603086948080257,-2.3744032133573896,-0.4190804557410183,-0.7791710623308408,-1.1075707666410768,-4.730236000911984,-0.49549834086662164,-1.0985095034589358,-0.599907794471049,-0.2822260345993075,4.4008935945047725,-0.04357428225942081,1.5821991428033433,-0.13533133983551182,-6.548871123149218,1.5268879075115431,-2.189461212138638,3.488452312912504,-0.7007471487980537,-0.032557086576161104,0
1771,3.032677831824926,-1.0810923068907397,0.770459021156634,-0.3292882111425144,-2.100942319032334,-5.810736132663548,0.7848061616807536,-0.04337614772064069,1.422360896981796,1.2240718992060848,2.502481467218518,0.6483202257700107,0.03859999205749775,1.6616834670718343,-7.563534880893204,2.9769103888698663,-2.556501894384469,2.325544132964636,-0.36743641293347484,-1.17335920984884,0
1999,-3.469114262509974,1.1722412447975554,-0.3297360850211945,-0.7576183854403431,0.48775921524954235,-1.4921437598654141,-0.025796474858055085,0.5086500306284767,0.6400238962924217,0.06342382437637678,3.311123049117374,1.545626425634173,-0.7730007535260548,-1.2261529944116523,-3.467505671469364,-0.5727724608267459,-0.1930612806571751,4.321965330853798,-1.1161448730574755,0.821690413825075,1
717,-1.977127780122974,0.8860518933287754,1.1833609926381483,-1.1687203136418889,2.0821504689070416,-2.487796323195974,-1.3227566805458484,2.441319666261294,-1.1440600135076184,-2.819621692166576,4.264243850324294,1.608404544506486,0.6716852483810042,1.327553121054068,-3.1504697682819742,-0.6297770153341629,2.0907259742969844,4.747294527986895,-0.15476077881449202,1.4756856412759172,1
50,12.41376241265067,-5.498391705728142,-1.2072622796400698,2.9154874797152814,7.265250346423104,0.7397984802330156,0.25585836915284227,-2.9911658400011456,-1.745644917252628,-1.009274346851344,-2.884333222658934,0.500551523022444,1.0870967873623603,1.1297921435399845,6.773750314111161,-0.014173116341215097,-0.19830801829338252,-1.681582980935759,1.120015393889341,-0.268555873545298,0
723,-2.5010238104551648,0.47094308753747705,0.8151403198060543,6.065669436346002,-0.08575033947936817,0.14991161787446652,0.6944917873634407,2.5245955957378308,1.1858503146022519,1.4151193246207696,0.1833836955012177,-0.44499904699431003,-1.7171258470293724,-2.8245174640808273,-4.932232470116122,0.3882657136538623,-3.8887915278418728,0.13096016255294518,-1.1621530795802526,1.3339894398920933,1
1952,3.1238474113448556,-1.7326651668427309,0.6133037097339028,-1.1663929079289996,0.4366131953682477,-3.3279581955562922,1.107956084258777,-1.265038939500371,-1.4223548981256902,1.4321254118421718,-1.3993802121632595,1.5690867036194869,0.08964393470443671,0.620380857848706,0.48412703986444294,2.624519821139182,0.8594949018987195,-1.0988165098503544,-0.41768596325559226,0.12331574532562034,0
248,3.930229402030691,0.05206925727875911,-1.7967194177939405,-3.8619483670221633,-0.9930902713572234,1.741033333435133,-0.8416984084416821,0.14782546622613535,-1.745287519231522,-0.5613298880397721,-0.36715357372806945,-0.4890330577659828,0.9601505723782762,1.1324151465592203,3.0337866280372374,1.963108406134217,1.2976603389720611,-0.9941968962988127,4.633089622817853,0.23936237877117048,0
332,-3.5817571322063015,1.3840745584849474,-0.14285405675463875,0.1320729571990285,-0.6844449780048181,-0.4828774502224191,1.5314398977085604,1.3382119991991959,-1.3177135210582562,0.3689782416237734,1.3111767763809103,1.0516688340194615,-2.3537590454504924,0.22571687494823922,-2.0631889479121255,-0.8848320970488456,0.46047962923449304,1.166127453874352,-0.9863512209628919,0.6164701087711423,1
787,-4.8133464689341015,0.5718565366699588,0.7340907965382354,3.008827301910183,2.048130810915798,2.8578889543252024,0.7449504102558209,-0.0004008496556868746,-0.39352333115515087,-0.2514148155492506,1.4156365341633717,0.34126759357298614,0.42032645414283554,-2.2695814151976186,0.4523330484781356,-4.362583074097053,-0.503305070998687,1.726011421930394,-2.6973966614333746,0.6719898406691186,1
510,0.5153519471764072,-0.8739991504731845,-0.19859546185467616,9.309617893777553,1.3359852297347643,0.2466083148163309,-0.9524811526885849,1.5686670465815573,-0.44613469989705223,1.2185843034427166,-2.7142288140774893,-0.4462919911005508,-0.5356573745396103,-3.322886940522355,-3.7862151668991593,0.9750856625833757,-5.688517870135443,-1.9911890860666155,-1.9897052573987237,-1.3639552729812465,1
1393,-3.000699032601232,0.6564313839689118,-0.8920687229193957,-1.8629274441049624,-1.2965495631754336,3.9887619736138933,1.1107882497480053,-0.4909319656578205,-0.44031689502348575,-1.6273562534466037,0.4902689513295957,-2.1116005424831648,0.33424126492453826,-1.6740247963994266,3.2292965341642743,-1.9412342006611922,1.161001772721867,-0.8393627002059616,1.0055408811056799,0.3020016633331659,0
617,5.930685624507816,-1.454787645788924,-1.5284420511704766,-2.4688795210361447,3.651179487006896,0.20874371884295,0.40281110335861403,-5.149269529060309,0.9262243212153877,-0.7475326857683986,-7.443295239439115,-0.823099866256059,0.08339109484050841,1.059226458826231,10.429100239697506,1.297294626130865,2.731919430124022,-3.994491753120155,-0.751623361082919,-0.2684428990307502,0
502,-2.4639550858493378,0.6782768163750326,-0.42541546113850337,-2.1845734124307,2.800777588451183,-0.9637966730539098,-0.9194656554560688,-1.1838373308945154,1.7533808135789228,2.4486728505863944,-0.6527378716599294,2.178216111289345,-0.1682645325483133,1.7268473971091738,3.8753797558864136,-2.287959269232108,4.210482253101839,0.9708704938618464,-2.7466206226942917,0.28380246474999804,0
1397,3.3474373234445154,0.20956710310790116,-1.0886182183151867,-2.601087810845536,-0.06986748254620034,-0.5959474994172361,1.7181330106560215,-1.3118155943639151,-0.05975096030242757,-0.4060162538095306,-1.4996525117197506,0.6041068207258329,1.0558030486207848,1.4390609860488606,1.8045763374436372,1.6713078459496642,0.4372185384217746,-0.21902520492809807,1.5286571829407154,0.1806430071336637,0
403,-0.9916115499013985,0.37544882774895927,0.3673429576625125,3.132844868127396,0.7633558189120273,0.30793617876587903,0.6486626583365958,0.3335703414160589,0.781398727632503,0.5795229517730808,0.13975709182661109,0.46780011885843337,1.0426601270674867,-1.5302582979961274,-2.2128393981910413,-0.5492463044187417,-2.4777677038323205,1.0956876144423116,-1.1490524310907437,1.5291705546796597,1
255,7.335335154189296,-2.341566333795866,2.3046329600578708,-1.5554599677119003,-1.4626866445966833,-3.7716462075683186,0.7841490197854815,-1.8247025984988345,0.09044616492716401,-1.7362422750492272,1.492801081624039,0.36736396234501106,0.14278483661900615,2.2276231051980155,-3.9245975486429585,2.750062689034398,-2.530839584351446,1.2085326418322957,1.5120735587322414,-0.6974757301023439,0
13,-2.914849370562469,1.578363517202775,-0.6804254819806023,-5.734296449455049,-3.1639408561598055,-0.594587852728528,0.7711113396455875,-0.49110161811861985,-1.2835979869324239,1.1923533117101377,4.392633220877651,1.250917880263868,-0.0016425571944667608,-1.03480887912279,-2.8531617489620964,0.7029963131613534,0.4214362700558931,4.016143274442794,1.769472940335481,-0.55378663098196,1
539,2.1287116252984926,-0.18774916843439482,0.6545166166367791,-0.47219412530657073,1.3207676293174544,-0.2557964659390431,-2.159358707243301,-2.1237127425518683,2.3797049104766996,0.14877115720870812,-5.408539713114532,-1.1235754078711286,0.7237464450669231,0.332821866717953,5.29053714845801,1.5603297190781362,1.3025159457853,-3.4142898057010833,-0.7958256727712705,1.3380115797715384,0
1342,-2.6290163543371823,0.17397326716008443,0.1976446461344458,0.03875172298005625,-0.7782589711142207,-0.8723250262256009,-0.07294087429108521,-0.2603979665033622,-0.03502164699430056,-0.7143562560509655,-2.395095866974889,1.2573926359860912,3.190715446837953,-2.2363598463485417,1.080588445344589,1.8696285324576143,0.705237615253406,-2.228316686448194,-1.2255633571806086,0.1423513130107733,1
1627,6.039743486938828,-3.061848787620248,1.0182784690322175,0.2719541344098941,-0.3027798230433497,-3.855337243195391,-0.39991950336880294,-0.38242061747342637,0.7664019239011947,0.7667454792820614,4.10912060678157,0.12295358584924455,0.5635335907221983,2.8560947151133522,-5.631247204106291,0.4523983763863446,-2.0285806533264994,2.4913365074856992,0.43029055919964176,0.40379200421200223,0
1846,-7.694706086243188,2.3894577825012973,1.571170732435581,-3.8420374336488425,-2.2633679979979036,-0.803811572389681,-0.4319749089094475,0.7810990379263429,-1.526083097104213,-0.24863052854505144,-0.1073793148563353,-0.17900125581949747,0.23613249418993915,-1.393698319608458,1.0235940511942982,0.6509166350064179,3.79494223347833,-0.46099346357068305,-1.1795423089706514,-0.8364513226895864,1
1167,6.362741761414959,-5.0923251024399665,-0.05824053018473883,1.676204278194428,0.9297335832089935,-9.357560567497385,-0.7525392639360329,0.3544103454931533,0.19906647549779563,-0.9733610250980402,7.707701641664495,0.28875883774967165,-1.0379999924839578,1.8637378131787994,-11.875027881895889,2.2276265101773776,-2.987174415980963,5.886874815299351,-1.516092300767486,0.8034977319684683,0
1884,3.0296725666416964,-2.02586660999611,0.9880193080581824,-1.5786772182137752,0.864878321938348,-0.25539633691477076,-0.14922191055641504,-0.29106631950334894,-0.9134115786929917,-0.05989441430071778,0.8698015261610855,0.8401733910097652,-0.22541924441095312,-0.7387843958729761,1.535326785166658,1.4883178217509596,1.0827306202908615,-0.16674974199199588,1.9292550903874868,-1.5661430817760404,0
1553,5.929560259880068,-3.9117294906856,-1.2191495001818604,2.0662940632160782,-2.362425032433779,-3.267149789647711,1.103332077063624,0.7687557705551831,2.1821698006272094,-0.008994749667047207,6.884242643916231,0.8457078568104827,-0.957043676350932,2.7265093159177263,-9.535843320910507,-0.5075089668420405,-4.187189494003224,2.775849435646295,0.9380236505571694,0.5433417499064416,0
1020,1.1181709641066067,-0.5760015809854488,-0.4927812546011001,-0.440392677411736,0.2526723575082661,-0.9542218504361292,-0.6830534648055567,1.198986341840647,0.0948589086484018,0.4283554343450191,-1.0923109550399437,1.341312005416314,-0.9019247211294565,0.09426707122165545,1.0734460061290794,2.196936658461012,1.5099346905265922,-1.6879180328847978,1.1955645960769272,-2.1697786166116444,0
1171,3.0691453318457644,-1.351674970452282,0.49523819151370774,1.2115237054322376,-1.141977840521836,-0.5742991097352369,0.779929302434931,0.39794615462438165,0.894494394153769,0.40029211307904083,0.10882187480422327,1.1442349082312708,-1.1108591777303929,-0.36598943612722135,-2.044610160365223,1.9104157534687225,-2.044275295978275,-1.0021877709561713,1.4582231371819214,-0.2827991317081254,0
1058,8.648446633617558,-1.9058900739251647,-2.021325735133753,-2.012283914404726,3.334678717247552,0.7466345493778007,-0.5032303268039758,-2.04969276766542,-1.8480407707555961,-1.551900473691728,-4.582492037243826,-2.0907404767016273,-0.8773621737307002,3.339256895583532,8.079491704283242,1.323326052794386,2.688291357947766,-3.2784191060054937,2.4539641957491103,0.018845305539905554,0
1642,5.86069339377871,0.6078820108293459,-0.30771194399666896,0.3705534536171289,-0.30265292546458866,1.6110858932661098,1.3367344983485676,0.48700199191169347,0.6575584529609475,-0.41120427486459354,-0.6155741987622102,-0.9306185467417549,-0.38436697610823956,0.8736765193399774,-0.9178698454080045,2.0443919025850543,-3.2741289514039487,0.5900817389648676,4.218870098584906,-1.6588985865531773,0
1195,-2.9422284475338327,-1.186995653839356,-0.3517110612120982,2.9866391757527535,-1.0165677700293159,-3.9258507864862975,0.3515499065480592,2.4875083365844546,1.630030181667605,-1.1465323286236926,0.9410814857243027,-1.1692765745551381,-1.755247892531992,-1.846520977854897,-5.0714443781283,2.3235113379704178,-0.38032820915958054,-0.9205511152841048,-2.0192422307499682,-0.08858177289578585,1
14,-6.737385304034979,2.882175405235608,1.7907954187363775,0.27637047760758465,-0.8157396398491508,-0.9732489786674174,0.1203842208399459,-1.1181764531836937,-0.1847897982093667,0.7363738581053183,-5.8150204818795235,0.17169601747225136,0.17950143751889444,-1.4378674760511625,2.7916573495951593,0.6975105738706253,1.5266926145910786,-3.1653910152657923,-4.307196748173164,-1.3400328288403307,1
1085,0.8887827637245702,2.7818113002434854,0.30908191982629973,-4.458546947669953,0.42312418307114363,3.5232553765568584,-1.7200636922845605,-3.6042715758246398,-1.3021889264913489,-0.28649013745800145,-6.582422825010054,-0.037438777649955166,-0.834582980403143,-0.24203632949534515,9.19470393060123,1.0334280582954976,1.7379732800132985,-2.5091543153484266,1.4763588197512558,-0.9128186094363545,0
1949,2.2013462189428927,-3.9184075082172134,1.240357576765273,-0.2027121635779709,1.4552282711341826,-0.8745316579116573,-0.440292420827052,-0.04324425319462444,-0.0755104622953686,0.41827362638583154,6.570025270071675,-1.0427898628691368,-0.12946422532220475,-0.32015776086974324,-2.6284170600786587,-2.119108323792574,0.35286816502480267,3.325575973349376,0.2843946953343296,-2.298820935402318,0
488,9.647993655136998,-2.8763340405266495,-1.6247856846847384,0.977329019359571,2.4012244655438026,0.5976299060500064,0.8892780966641275,-4.520325928979888,1.7508385997103006,-1.170847778507928,-2.5819844594501618,1.5061841470755444,0.050283524571417756,-0.3644197347732132,2.6175059158517295,1.2449335550907823,-3.7981757592350878,-0.2616769860970226,1.193807338676084,0.25493637220825666,0
393,-1.2035911119365172,-0.24767779227131825,-0.6562246239445202,3.834496215653879,1.9640301922677321,0.5797618121230587,0.6729180790047614,1.0164334675474254,0.8930013504505625,0.5055973714142991,1.2516875739919013,1.7167802428584444,-1.6649174522697259,-0.9846350468091849,-1.9065258427215446,-1.9301870514943387,-1.5220889233794765,1.4710283117785952,-1.519496694320347,-0.3909792870022857,1
1157,-2.7049016661636918,2.0737876323634605,0.9463788024234723,-1.7674299792206474,0.8369529813392971,0.6358191809731365,-1.3403290413379636,-0.2602251233052306,0.6344980352038935,-0.3673502571747205,0.27803615875097865,2.035145194992195,0.05663400844203285,0.27275399076944873,1.1660859984379757,-1.3146369451030426,1.2962958204592927,2.0571893741173497,-0.5694286900026966,0.43350165932117396,1
665,4.190701868531425,-2.199807691714451,0.10426171922743459,-2.589168899115339,1.0301495962816465,-1.5616165222267189,-0.763540184104815,-2.1535695458471578,-0.12761304253455116,-2.299898092090422,2.565760086751958,-0.7782870224959514,-0.38179873021592076,0.3701488440240276,-0.26812733782367704,0.3678284071701253,0.02175083791416732,2.5327290826328674,0.8569701946091003,2.166592633267974,0
1238,5.466632389502316,-3.4078169968008454,0.5757968646328219,3.181755801382294,3.988011711386863,-1.8005882905043895,-0.7699571164349945,-0.3811499729404694,-0.570414628123702,0.11939686533248754,1.4555831512781803,0.40294813908663923,-0.6172308178216455,0.39257846510884553,-1.1384504307044452,-0.3001038062573278,-1.2204738063716052,1.5137709820815997,-0.6127824470168994,0.24411531008262966,0
630,2.6853309948309803,-1.2769790427483927,-0.4990318589108436,-1.3592041860994573,-2.014235505958229,0.5931608792738605,-0.4421502510376031,-0.976883746278236,0.1242857555512136,1.4043446427601651,1.776748127008733,-0.3912517851014959,0.23826415447267632,0.4630009023930267,-1.0704927286098715,-0.013071872694575548,-1.2622552682478432,0.060580832754436376,1.690042546638474,1.5354035467960463,0
1794,3.814403327517451,-0.9528091308016274,0.39022491806115417,-4.859949902072641,2.2758835628200025,-0.38110312474507835,-0.5911789930464002,-1.890842362445115,-1.354520508275029,1.035306526395745,-3.075628089765445,0.611771286528499,1.4663848020414285,3.373603215714631,8.089815271722598,0.48035577520236106,5.599654689050834,-2.436798835489454,0.9799800931981206,0.13027424902534063,1
1863,-4.601429113871051,-0.14591263828738077,0.4170177723149089,-2.428959390069146,0.7023472180843329,-3.3617169994357026,1.3008136430062687,0.15620295185647415,-0.3725914082222805,-1.1894247651851748,0.593430292698645,1.020467781788525,0.7793065670741091,-2.6865587954985624,0.22047295881616444,2.0700158818932124,3.3403876217023756,0.8275705868171932,-1.9021179554323853,0.530010296003575,1
1198,0.930862846220961,2.173343748293389,1.7477657705875904,-2.140171645202284,-3.3668630774321335,-3.6257492483079496,0.2538553036394447,-1.5424197467621026,-0.487016252033941,-0.5251451251329164,1.22421953584588,0.8853059574273016,-1.414347489480077,3.859968780792792,-6.0991993907726885,0.3332752093460145,-2.7906219262704943,3.159196230924707,-1.0571362419630108,0.931625595144939,0
660,-2.906741240612368,1.1579198011977159,-1.0636139795647284,0.025113777712253628,-0.6483003412030164,0.5810616715363236,-1.2999681893223922,1.748363567550362,1.102187458703672,0.6222981322085547,3.312362123653623,0.049474809222295246,0.023064573122800244,-2.861741973088253,-3.6433666198821935,0.5600652729536875,-1.486790718502004,3.2200501786484352,1.3118297749020078,-0.8883469034435939,1
442,-4.29431619270972,2.6500614782501906,-0.7868813807087719,2.8346849990885437,1.3870012057843575,3.5453479956240153,0.06620480425597014,2.0775496366346253,1.5837178584646285,-1.5574145788617104,-2.516560402187506,-1.2676961778544245,-0.24087451536147125,-0.4763219691730116,2.765818367247684,-2.148563990469748,0.7546783723451571,-1.4269096575501652,-0.700801426888684,0.08829788742681878,1
1362,2.990866441114272,-0.6937918849230023,2.244245884569476,-1.6984209500643137,1.0772778509604521,-0.17439240278715473,0.3332970249578193,0.4985701025156408,0.14140548542491665,-0.30265116338327136,0.36475913175522134,2.035693759803245,-2.424544721989575,2.302780357195593,1.8562814645542243,0.19512128834286135,2.0359040149782546,-0.1218680433514292,1.729039715845522,-0.03897168187617803,0
788,-3.3692167665484627,1.6898360132464614,0.7821924252295231,2.4814707011591093,1.0829956810436612,2.4347728892989533,1.8055612114223745,0.6189286921319948,0.3854914073234634,-0.2913429441579528,-1.5838067361033938,-0.9584835724929477,-0.24730453559136173,-0.8775162686157247,1.4804654035608964,-2.105679732819605,-0.25338567149462166,-0.47972743514004335,-1.435700339109025,0.5056628528115287,1
577,-5.073713111404983,4.099195966668368,-0.6279459213299766,-1.9654797120926348,0.28301543257002537,1.6066614136117199,0.29305903681720574,-0.6144022590627547,-0.4819539382461058,-0.06665036476620605,-4.905941483940916,-1.5331947180856178,0.34850521437127446,0.3343276228035572,5.269955483031841,-0.5275624469984024,2.7509900674997607,-1.6046369203035704,-1.5229539548597324,0.612827914400845,1
114,2.80137326060886,-2.0607321973817925,0.8691680577150609,0.9642776091642539,3.228159095093182,-3.2137430725865057,1.207453466601177,0.8658403766454745,0.28447035092759215,0.9972750589322184,3.0190022976728415,-0.35247702436285794,0.022387005978346485,0.6225043471617036,-2.6367927232720927,0.45250086021412916,0.35388461300043317,3.143432091071831,-0.3366223522855072,1.194958013514325,0
1501,4.013599764882304,-0.5252023461630964,-0.32893532595434005,-1.1921225188676483,-3.1854938926066376,-0.8332587434374285,0.5576563436951976,1.1274759860493884,0.314214626526771,-0.15669485990817023,3.995444662614287,0.3406875145102213,2.6675677650592022,1.6578289465985905,-5.764293128229983,1.481121908537034,-2.904792346115824,2.0928784258058974,3.5883248688278067,-0.5253688129201637,0
411,5.376004376200176,-1.4909566530553409,1.3311124547856972,-2.642528318545531,0.658607975210538,0.1863018040920223,-2.421888811755053,-3.25577180255885,-1.0458741995754994,0.354547317017436,-3.342864399430494,0.8212390036432939,-0.8802439428756871,0.5170825617015902,5.128394003710632,1.823180032198409,0.737881840765088,-2.2775618755021254,1.3074084438420654,0.6201922001694443,0
834,3.000544011734654,-0.6937428634362895,0.02324867053692257,-0.9511342077390476,-0.8981638662765246,2.7099143752829336,-0.09072503539033143,-0.9282648787081265,-0.6389577651138826,-1.5784238569067894,-0.3567639862989254,1.3314454358026777,-0.9553760065128449,0.09178421900663114,2.208938873631351,-0.1827046569764177,-0.7252425014329646,-1.279476955510574,2.439638051074012,0.2604559759070136,0
1808,3.904756007228518,1.6224629193377962,0.3110418974377513,-4.918757424614327,-1.1185037892117033,0.9773161598642189,-1.4027981705534533,-2.1609912663498054,0.07614092144793602,-0.22756640524346067,-4.1315050110254585,-0.23274262160191456,0.11945829062783633,1.572231679491412,4.991519512940712,2.875431071270569,0.9952454228405174,-1.7878994872578438,3.1955214953221645,1.3819488771658437,0
244,0.8573348926032929,-1.3048422503250987,0.6883208631077923,2.7177368082200704,3.0063803953946633,-0.9470294602385011,-1.1016830733276863,-2.2946876905571076,0.6048621945018511,-0.8091104298189016,-3.3971162285933176,1.2087212451217013,-0.44358088590965455,-2.981219651998575,2.181417492788488,1.0550137023335515,-1.1450132788038303,-0.9659671495126901,-2.6584866744265065,0.3102242693955677,0
651,11.120631785723216,-4.047710712490571,-0.3219420474010013,-5.445737064243347,-2.737039925270331,-3.1372010439926417,-0.19809073886859171,-3.417788831502238,-0.8539758522611227,0.37131923971671915,3.4947226583411104,-0.08954947351102747,1.26413621427284,2.558066835324123,-2.733237659618383,3.4355905883509936,-2.0665483255642307,1.6230698740144187,4.397978726795657,-1.1251601553437964,0
1243,-1.2420813743567853,0.7835102537582425,-0.15296294495594315,4.533624458091878,0.40060772431729696,-2.017308785049423,0.4401446736615882,0.9803150956278287,-1.0590757005443643,0.9293847060048678,-3.082085643932877,-2.012652145412799,-0.24005456630846017,-0.052063437879696806,-2.348578891011153,1.0041600432989692,-1.898512617705503,-1.5833562698489105,-2.757189321691299,1.1457080187321582,1
207,1.607837104118047,1.7802531165195972,0.09861972907585898,-2.8193031854242125,2.4013124577634226,-1.0263912016754655,-0.8711145429610002,-0.8373238218272383,-0.3167255609960383,1.3978213301162694,-1.9515902892732537,-0.45610044599669775,1.7845095942877032,1.362286711569738,2.798466463881268,1.408534182322089,1.7087859660461748,1.715884803763243,0.7222917750144002,-1.1927890669171504,1
73,-0.9703643257182482,-0.4662843394581754,-0.03154365801230941,0.33031589450167237,-1.4790743305092517,-2.4719594527795397,0.42878505326069544,0.9017835416578568,-0.5573204420726654,0.10595196161286456,-0.731337268645972,0.784423435660946,0.17117028681821583,-1.371702971796033,-1.9994368185375078,2.982231030850464,-0.07970268097997146,-1.4888690587721352,-0.2817095828091163,-1.2885818647022835,0
1494,8.246552506384164,-5.096336307291242,-0.36488973657291895,-0.01314605644408047,0.37385918137873597,-2.869001799038783,-2.958662432700814,-1.271532695171965,0.5183907483758964,-0.43697292145565625,3.614337291455996,-0.035228287095084694,0.386591788556145,0.7384244171495133,-3.135975362487327,1.6119412573725933,-1.8240439900501744,1.068861878022054,1.7167121955135556,1.6404751581864427,0
979,-0.04639503874285928,-0.6219332816810457,1.537539115127551,-2.828725433577831,-1.3519165120378296,-3.604467748585611,-0.7352338303464736,-2.619506428928186,1.24267441941616,0.36705306012764743,-3.053967615818651,-0.13086548986561264,-0.07500977512267207,0.37601993951184265,1.6969472315378362,2.467755741338119,1.8258578859835246,-2.3954470176318052,-2.1140640901614556,0.5114792964243784,0
1866,2.775990244718221,-3.7248832865096295,0.6867208434733358,0.7969988309026512,1.3088749654843823,-1.364522808439189,0.69152986962285,0.17281843229030658,0.9740771184385806,0.053435142176406866,1.026994677023882,-0.7556259591643906,-1.0245410314548593,-0.7397629783327435,0.6778090059206913,0.8925572951571761,1.2574529420825713,-1.5013525543256196,0.17065331946059104,0.2061286878361495,0
1921,-3.0795328239703643,0.5906810060163143,-0.4421713032331125,4.594245193578372,0.7264301252085055,1.6582672840486006,0.4245026617506394,1.2411992980671966,-0.397226741970351,1.2054653893806073,0.08746619681588945,-0.19337439024312147,-1.2629602878481858,-0.8728007351697684,-1.5410100075952982,-2.6879701882398925,-1.7068707266626983,-0.06038588639281084,-2.1494347794050177,-1.101727117187167,1
775,-3.7515609103931857,0.19863659302743875,0.9592704029559789,2.000921518119008,-2.3861345047587,-1.3778567954247585,0.7457983980533084,1.7548067217815018,1.1735460296856834,-0.5711825035835226,-0.5431581341198346,-0.8412289940593354,-0.5449258409541841,-1.102718543787314,-2.783645618843074,1.0637742121003244,-0.3108462465388002,-2.2299049608376,-1.5088311695658256,0.6528011741907337,1
1739,2.7681521841271053,2.5084215902435116,0.5565913429561193,2.653214502729901,1.4754979768768717,4.042970107403862,1.3610361516134835,-3.6784153966508724,-0.3209707441481727,-2.6699698982396085,-10.718545137909885,0.389440409723722,0.045413054383606856,0.0337136764029935,8.140352522258338,0.35192889418438256,-2.3606050368236082,-5.331736895394035,-1.0066912681466025,-0.18783517559097873,1
1931,1.8013540261572019,-0.5565082666650916,-0.669030455839339,-4.2835134327764655,-0.423499761752824,-2.5181694708237656,-0.7733340219689528,-1.0155968116943126,-0.863702269226202,-2.5818193894385018,0.7620089553721207,-1.5325502657221968,0.26991422383666264,-1.0948522567790686,-0.013174883968685694,3.6234659744177997,1.0831216772272962,1.3664719677483055,1.8172421171681927,0.25857560498113885,0
121,4.449613307324736,-0.6763351620213802,-0.4315457664206353,-2.8724424428704647,1.9787363329576717,-0.6678240690483056,0.729426162130479,-3.7489788839996234,-1.0718047450045645,-0.7160633020088247,-0.7323453069441592,0.05483149424162089,-1.7602600550514704,1.4343347773551143,2.845915621751816,-0.27210809153715276,0.20289794072524447,1.7967759941668118,-0.07662040201498876,2.335015063378135,0
1269,4.255785595922015,-1.3921515013057135,-0.4142895973417737,4.887305121727878,-1.1011190555522226,1.808288681163161,-1.4653263913725476,0.5762047318012483,0.3658605526006923,0.08334629345062568,-2.366020219772263,0.6315421060771068,0.2987869715585836,-0.3915072009986599,-1.1351051813355644,1.010378024852416,-4.190679588746216,-3.5208048744360854,1.3464237226300138,0.5782270163028305,1
1825,-1.1939275551712272,1.9258508077303413,-0.9285259789686235,-5.596278016005612,-2.0461355222721087,-0.24260452875417685,0.31173735157596455,-1.7213732736860843,1.7821252398913765,-0.6048898736634022,1.8223796041188904,0.7688142239684876,1.6121553968252729,2.5780813259804547,0.23387625798954678,-1.3173513490242923,1.6273700811371428,2.5076907013324146,0.4030308390291628,0.3486087216902697,1
1937,-4.639581722527846,-0.2210494176697677,0.025918836058611235,-2.423601476160859,-4.525742401402555,-2.360443388332647,0.598274636216662,1.6494973722170139,1.9353608595665637,0.0843497840079921,5.537291615262798,0.4403685649171623,-1.0524650452293776,-2.0945406591276434,-6.558927916579264,1.3388862482550241,-0.17034359890166173,2.1156266103280235,0.44977628331015307,0.9402380232479404,1
1369,-0.12301195513631057,0.02815007358875854,-0.4534778718704272,-0.926500524850547,1.4428850919881229,0.2193950211158226,-1.1964612950313969,-1.691422528955157,-0.062435211485902684,0.5587342221229415,-3.9850873107153584,0.2072660654781874,0.9727881123419455,-0.08010894591205986,5.297013048022285,0.3390330933210651,2.3054109158545133,-2.589404602349518,-1.2491434942812352,-0.23418397439618982,0
1371,0.5813024518548717,-0.3926070556516048,-0.8303220795267814,-1.402746896966458,-1.3294402732488741,-1.793175676487343,1.1711776430859797,1.7808842985703581,0.08765667887135095,-1.4547174988400178,2.7138353104141144,-0.8698377860980276,-0.11822377142390789,0.35894996855908523,-3.2019333830190355,1.8294447802435438,0.2904775194151604,1.2044753977963665,1.8534118172311604,0.340619397334385,0
1128,3.281731776655156,-2.365416869576248,-0.04544190527739922,0.6470803098631586,0.17999730264650515,-4.085794507416565,-1.567113967486674,0.41924585553887583,-1.5366186322352906,-0.3736619866591668,2.834367034680313,0.4099456409272539,0.7804940003399973,0.5556413847660668,-4.852998738287997,1.8555104175975945,-1.2287736797687927,1.8438051152367083,-0.03674094915826931,-0.06185681768672918,0
1386,6.490755028388852,-2.5318825592571095,2.5962308590637866,-4.516473742237615,-1.7750993517912288,-1.7702109163497333,-0.6369704452936836,-3.5352394382972907,1.0984162542497415,0.36776642251422614,1.5301220855203612,-0.4442537069534207,1.3080877529549872,1.1656384479822604,-0.22159451789426,1.8832783905811308,-0.8380492443100419,0.8114164107925222,2.1258533650938203,-0.7692570603718986,0
747,0.699227596218722,-1.856423978522579,-0.9161538141325726,1.4466753922657323,-1.5480925277272264,-0.6731114961229988,1.264566014369158,1.0513242485773562,0.38085153437722347,-0.3156032774410894,3.6747625420663153,-0.7973639041399792,-0.3529051312418174,-0.1940803858834892,-4.442983742661538,-0.473912995799471,-1.7178701951560236,0.8063095815359793,0.38341649674953426,0.947324278479575,0
839,3.8224911953066143,-0.592957678719208,1.3423894606438675,-2.4431636263648584,-1.1891951790241935,-0.5652438934385592,-1.8455432726757386,-2.8782650972840367,-1.6605666120019251,0.6155326270420518,-2.1092366574299346,-0.13248249892715805,0.8947653095312387,-0.5243391615735824,1.488691258643488,2.6242027984219662,-1.2439998488345125,-0.9275599776464085,1.2844785030627999,0.3040910025227937,0
466,-4.339975894122737,1.682156248015608,-0.018357032002086014,-2.916197084729929,0.11442802445573341,3.2246441236384595,-1.7181347238535865,-1.3972446091620783,-0.022079099046474298,0.10951912409433294,2.9213822945229406,1.372485666821534,-0.41501563455799795,0.38394179109637117,2.0594960281832906,-5.028360359719037,1.7312563677182422,3.0606915631181573,-0.9331886750196138,0.1766056788098779,1
1401,-3.9413445644164122,-1.3875522219501804,2.1316290564612563,6.274863518095302,2.6096844475563783,-3.048499595729503,-1.0220898855344431,1.895751419028982,-0.08603200783274406,0.021247875541256928,2.055549980868418,-0.8616313735112218,0.16424600612402254,0.260716764471431,-4.619985608877784,-3.185232031394985,-0.22176168763377524,1.1484084405313426,-5.708151002155967,0.2406605726325564,1
704,3.7029492454217503,2.635115493651023,0.9716500055269582,0.38773673343348714,-0.21632052463848828,5.212859185254875,0.721433984511409,-1.0785232257041888,-0.553017562267913,-1.4041935440435966,-4.511567822542056,0.796896121354739,-0.5177299031328588,1.6684249213411566,4.326635284425965,-0.6571625918472264,-2.4075357420760026,-1.8395666374766577,2.9467692863626413,1.3747443394405274,1
778,-5.372323000090474,1.7703938717132237,-0.45587603827811934,0.681434495160119,-1.3354860774307529,-1.940305506215199,0.3377411646099582,1.2862168709485888,0.12568792390596173,-0.31287360623621924,-1.0946599583691934,0.15791270206609823,-0.46679981557950606,-0.6538745182529018,-1.8831862851742822,0.7213691936218585,0.7839600181659638,-0.7398805452388012,-2.43790069665579,-1.0005503809794722,1
1845,-1.726960190161558,1.5044577140391757,-0.30682614223479077,1.2492858587508866,1.0854881926830147,-1.437024467729765,0.10090521472943022,-0.18241258293957574,1.156683464588438,-0.1479780886240364,-3.2127938357755235,-0.41793264912123,-0.012405958681664728,-0.7047164900569758,0.47314004872351056,1.32714392373335,-0.13741085295698108,-0.5208917181124956,-1.9519646192126792,-0.4827885825117557,1
912,-1.814445724078001,1.3995450203179356,-1.151967516157367,3.8665572277743823,1.0104963061882817,0.1899501947467254,0.8999092781432056,-0.2844723069519788,1.0690531013335722,1.9531587602315816,-7.228259655539148,-0.6860394178341439,-0.9504147923513394,-1.046148567164476,3.3213108617669156,1.269166444009337,-0.40471444173547755,-4.667914060095301,-2.7824914827660336,-0.36620870690501084,1
1537,-2.1176391829676615,0.9586321216554081,-0.039813819329059114,2.05260402244344,-2.0803485973827565,1.9507041743142661,0.4308446399585627,1.5518985644815846,1.1098521430705202,0.5345709010776751,0.8858939441784541,-0.705346920771296,1.5523256617585195,0.7535522238665852,-2.129022449214544,-2.018454876065078,-1.3975846589480017,-0.7161480082054958,-0.04060955984975512,-0.1903219403279735,0
1170,4.724605844655948,-0.6226844078019457,0.3748544791719266,-1.494770869311503,-0.7959768005017243,-1.7316145992619318,-1.1218830883367965,1.18226753860058,0.0295879333107139,-1.1905599624259084,2.7931378329959125,0.66212618333179,-1.0713778644660557,3.1860728846694726,-3.3323699056213916,1.1998467133807171,-0.6167747932279826,1.8925416306250695,2.83064230587037,0.3897487615519872,0
902,3.8548529551213595,-2.362077413780396,0.22746992273036234,-1.4665001030991323,-0.4187210390834806,-2.883373335295752,1.4577565516333215,-1.0843388676134385,-1.497686542132003,0.1543352520288344,3.2540637018122682,-1.2111738452206928,-0.48003408679873205,-0.18897234812215702,-3.5392815721032207,1.7392104336210457,-1.3776192925889321,2.4306961156107523,0.954402008329347,-0.32499211775804265,0
1603,1.0876598302156737,-0.828914199861037,-0.4084503364226698,6.758925134608892,3.776329410844526,-3.1329171416441457,-0.6885805685303488,0.8627865219552597,1.0904278758109354,-1.3928990589089143,-2.4663512317104694,0.6842397982404428,-0.37713335327615927,0.8336702660217834,-2.3526263095689273,-0.19602457116156247,-1.8068846714685114,-0.38676483213056634,-4.103692933346318,0.16551584120158538,1
1233,0.36120665636988986,0.978662085993667,0.31801546371812456,-4.8107345298116915,-2.2372183693715466,2.7785622818152573,-0.8867001105598911,-2.331060271973426,-0.8547361564059524,-0.10571555304655501,-1.9361439511562788,0.27965972365861735,-0.18820272560117596,-0.5638642099852855,4.844308453177815,0.7397351833189125,1.200469379755515,-1.7377415917874957,2.362659953674134,0.28349334932836784,0
1987,2.2881423224225905,-1.3756662272990954,-0.8664265516530194,1.462737883440277,1.0711047063828645,-2.5042984148653944,0.998960563162179,0.5830120101672973,-0.43927391760340484,1.238429218526817,-1.0126632431075762,-0.8914817256223218,-1.3786875539620076,0.8988601100665666,-0.6790773960261132,1.5931037371830679,0.2812978802436735,-1.1285690379884732,-0.5711644261945212,0.01655038191498403,0
1137,-2.3026585532995067,2.159324222294895,-2.2164001012425083,-5.771510815967848,-0.581587763142887,2.000759227247594,1.0804089487545667,0.4383582487074069,-0.5853533905697209,-0.6719293059308079,1.1784478826360327,-1.4590729196106502,0.6587822943429853,0.020712060017775258,3.4415091576135732,0.12476656241132644,3.574163628072448,1.4144150058085336,2.8873831612840224,0.6303076242713407,1
535,0.37023104027921633,0.22230557203164558,0.15572449072147762,-5.036357233118519,-1.2650880219530025,-2.3033559240071018,0.21728922455137,-2.015308938540198,-0.7943960190104127,1.381798340498401,1.4334669470880934,-2.559910342388516,0.01982058113701277,0.10542226088510487,-0.492245341979296,1.6395585024076733,1.0091221992278427,2.2473759813537075,0.529014842759759,0.6267287560961928,0
1564,-0.4693438738834227,0.4002171548876384,0.15011191056532203,4.134347348558946,3.117594152969074,-2.386800523567519,0.8691839426878836,0.43419174577415476,0.23493454183192883,0.7979312697201529,-1.3298930116844756,-0.8068014931496567,-0.5042076332284362,1.1130610832707792,-1.7863912705861706,-0.9867501084241425,-0.8581182497325225,1.1065796549193836,-3.5726234052771884,-1.8281787513220327,1
1927,-3.1301727946025424,0.8390016660785216,1.3771370535800018,0.8105051219333725,-2.333700606234155,0.3451292854827071,-2.0427006832303998,1.324104150861807,-1.144665311858437,-0.6265598842402862,-1.5488083011090517,0.4632188084773835,0.7672287483892242,-0.9848252691163389,-0.36655597062342327,0.9779686846522787,0.15323987413617524,-2.7396783260215782,-0.2639698497622168,1.0321973651282776,1
1232,2.8222488585553993,-1.0308517782649163,1.79060520246696,1.1113350023258914,0.2214411658245039,-0.5419566237645097,0.2886556138685049,0.40234699592653866,1.180873187591081,1.3412646478362789,-3.8890283009565803,0.08427815026789473,0.7980225957118217,0.7534650241079347,2.636959995391817,2.317019336517954,0.8190054021435718,-4.2518740157563455,0.6114297838781406,-1.90240545431927,0
825,3.7322327009880816,-1.8623000426065572,-0.8356610007178417,6.22126980636058,3.0645967013899735,-5.956166020661128,-1.5574250210701548,-1.2725151982562122,1.636748401211905,0.7366431025169922,-3.353928695467377,-1.1345177584953197,0.001090331201567745,2.5495158198260364,-3.518237515715042,0.5752060670600279,-2.6362440701204393,-0.7215985928519768,-5.585677320046312,-1.0982598246350894,1
1946,6.625482068822592,-2.555896099669951,0.31617346988579625,-3.7667010808150585,-4.158614069900624,0.8161924447672841,-1.1860018090299065,-2.6501015216655395,-0.47051510755592085,2.1004646844743133,3.330824758410872,-0.7050986230954481,-0.3171616568172259,2.2183695806271055,-1.6623844711823579,-0.11136448188060655,-2.223718947836976,0.18788959290020613,3.5182089149232625,-1.3973251241917908,0
674,-1.4484555693917938,0.25762270241025886,-0.5989261880271297,-0.29351796443063594,0.5612361311482728,-1.9329922822036865,0.04822635980680139,-1.011568014864495,-2.426620966711608,0.06328675882690925,-1.8398499332299643,1.6063690752424014,-1.4192094078810038,-2.233900111526994,0.34290993807117687,2.146029517541324,0.10195463141385908,-0.08308926925559867,-1.4636207067604254,2.046639138282513,1
1107,-5.452799039946645,0.9768321492043607,-1.758424376133419,-2.182369162890092,-2.0599794682010595,-2.2121685162901294,-0.06803529373807483,1.1216073456739402,-2.421450129404158,0.2038525062929202,2.130488974147978,-0.7220441722669223,-0.3908007092688445,-1.2492669664670724,-2.626282833700429,0.829287912772056,1.7650565788348138,1.1151394715773364,-1.1127091820499209,-0.3886249768447725,1
379,1.743964391346007,0.8294067291462592,-0.6562707337742077,-1.2726810551352228,-2.561220177643605,-2.8828928323943708,-1.9174075842757834,0.10868341527368264,0.27894869088800844,-0.7038310169198381,0.44578188436112154,1.1358631148334886,1.559954815169135,1.4663583503543616,-4.364134955651452,2.6360992753276458,-1.9138278680910874,1.0439740797093728,0.9101842876704515,-0.7294703924735532,0
35,-4.477936375397333,-0.7478810060567538,-0.455950853503455,5.730584811681614,2.552636026094614,-3.7278794321135935,-0.155158526684657,3.1489122627085684,2.5857875435780318,-0.9394101888488395,3.5735370270134243,-1.0887500754252928,-0.30670361888932257,0.4485266537826029,-6.397442882263469,-2.653283036658145,-0.07775091534619716,2.7208432161433422,-4.9135884296008765,-1.3154709795911743,1
1480,-2.1126622400573862,0.3474668126762732,-0.9099872136357937,-2.5614724339768444,-0.8183919459809836,-2.3510990307795585,-0.09768594587190678,-0.33821819766938255,-0.7555055656690676,-0.2974142756553644,-1.3763205737823525,1.8191554123970448,-0.7262312380835666,0.7797825418970317,1.3982577242238492,1.2125973271320467,3.0079420351075727,-1.4212783561947717,-1.3052824772363754,0.7110261974701743,0
20,-1.3085469004940982,0.6179509347829795,-1.050559324663215,-1.1162318449646351,0.8344808436168801,-1.3739357363098126,0.11029761684629431,0.9470586631149256,-2.1839925037791286,-1.6362841655725693,1.9916644373495676,-1.043594136742477,0.7599386994945784,1.3097206935360306,-1.1993388409836454,-0.7228904780681005,1.560129607910163,2.232114720396619,-0.44715316658955206,1.0742691740498527,0
752,1.5682923837099714,0.584683204337484,0.5981939330826217,1.0949102986047614,-0.9626332571714693,-1.185544681858063,-0.38470715661015503,-0.6858195298902123,0.8806352378737738,0.6643115120670235,-0.9161267857351725,-0.004182317809220333,0.8122641973177372,0.81480963146497,-2.548703003427722,0.8174116307385859,-2.626461032351076,0.3652982858528342,-0.46298462053895795,1.055852608325627,1
699,-2.681754659799739,0.6668984953375369,1.1969378711688468,2.1390510009246557,0.633150701239158,1.1149588396007362,0.6552806836667482,-1.3526628389927944,0.17275042625001316,0.21687669156489878,-1.9036771308479992,1.0639547489571635,0.96984732654085,-1.5317678886798682,1.0870033697249528,-1.679871759909715,-1.0287135271699541,-0.5844715788902193,-2.7286568283281953,0.7549947175012334,1
1807,4.929755793007907,-2.5468076461301172,-1.033367947302317,-1.8755586592636824,-0.36123042935337923,-1.4571096539589314,1.402692576951291,-1.6242693536037562,-0.50151173141701,-0.9899499871187483,-1.1066140756288296,1.6890550982018835,-0.4939042275756814,2.2218883278012287,2.248120480972576,1.1684861813137166,1.4019227565998835,-2.4831790937657896,0.740213788717518,0.3089969157327358,0
381,-7.781366026842024,3.7756017591932487,0.31010896830260193,-3.5678908005262024,-0.47899004377691357,-0.30137308327314505,0.39115603442474506,1.126538553729124,-0.842539073164181,0.2774853544886199,-1.1069633962172798,2.439755146020141,1.7170988857568457,0.11787825624716208,2.4050256016231852,-0.3886306907067387,4.53699630188968,0.31764971657104146,-1.5042260306803634,-1.1480898542013418,1
938,2.606768703573237,0.1698144093980407,1.775049511023632,-1.4212315046974064,-2.658090924705692,-0.9193881320606418,-0.3791357356417113,-0.6176683996663554,0.8469853313321919,-1.2690544130437333,-0.10811111253111295,1.5020506525280661,0.21440941508430347,1.5225267269743183,-1.981486227858208,1.5702383938861213,-1.5978852300455435,-0.3548764742424433,1.4341730809670934,1.0981170440474837,0
821,-5.299592103284168,1.0245317352632455,1.470095766459075,3.526019782479833,1.523989249049931,4.068297862339194,0.8680479237625793,1.6728662264443783,-0.6076433541552091,-0.19170314098721178,2.7730027930042778,0.0674880131582177,0.3452596207850898,-4.882204159299047,-1.3071395498309952,-2.7607164582975856,-2.0143419674425482,2.7348270256667195,-0.33455910609618644,-1.4640189697969355,1
178,-1.2357772263036273,0.4586130186470635,-0.2873378670702841,5.029980562010162,3.08959281408292,-0.06695794427710955,1.5418185526713397,2.928481393246071,-0.419690445390118,-0.3140795572443595,0.5756943066615063,-1.3219098267054716,0.6270071963393328,-2.0541174134109896,-2.723649078851426,0.20198404402006243,-1.758851689497253,1.7916924562675014,-0.5233598475666881,-1.2752053292461902,1
675,7.711496659820483,-3.77581692397764,-0.8330847500965751,-1.281972977999418,-1.0658248275663875,-1.3670511353962207,-0.06293124962446733,-1.5820730752976275,0.7047595709245912,0.2536381852125677,4.883937446023502,-1.6683996199049718,1.5848711632255592,3.1469089956627183,-3.5801112553630534,-0.8885699258456945,-2.004944129944695,2.093610738860775,1.9902762550797148,0.17065537691895416,0
1087,-1.3796113219934745,2.6537108957408124,0.9744554782966525,-0.8666592801426555,0.26736440143688556,1.6635593241611544,-0.4833510670672289,0.27848822001332585,0.617725123451841,0.826313582658438,-2.729225785794645,-0.030077806460885686,1.6307894043283688,0.8203014806778621,2.817250519327926,-0.09217614650236716,0.9394087272841309,-0.6838546008418596,0.5060283430983392,-0.6979712920135361,1
763,6.692367207243643,-3.413405761539338,1.9228538751033581,-0.6405686652102617,0.5193462524921784,-4.235548261905506,-0.662520788740024,-0.5622929345139478,0.969340761675878,0.7336725197454793,2.5175855729281587,-0.005490705295592861,-0.8443954518864895,0.9387261123709095,-3.586414277289965,2.9576450522217206,-1.1954239963173008,1.5974948571542433,1.386846481875763,0.2423462988394823,0
182,-1.3556205456084396,1.6004819779499195,0.48693919636372357,1.0103044070439733,-2.605466725226894,-0.5773483976446575,-0.025215435539675975,0.9261195660375015,0.07699261463900328,0.43911983613446837,1.4980843894781244,0.14411160324916333,-1.584969500327689,2.4726563777033084,-4.7115668336729915,-1.4627475975030055,-2.0515921935590744,1.1194226901451632,-0.7727465257701922,-0.46212209297019047,0
497,4.3320485287752035,-3.9590197091961405,-0.2361507997284529,-1.6330679553574492,2.264557924017613,0.22537653018780218,-0.2796911995383972,-1.1840396912533682,0.36031592556556236,-1.5588296944299862,2.4870636065028284,2.2478136496206105,-0.9280812582426625,-1.8211288693190766,2.463526117645884,0.6163014598790542,1.3562300291562863,0.6054737997452307,1.9839976633214549,-0.16843870550156037,0
1144,2.6183223604092882,-1.5054818969219843,1.3207110458272258,-0.8372049238419533,0.9047551325235208,-2.2200355252234205,0.08513898537680886,-1.5667670673278407,0.6788893767063379,-0.936517463334868,1.1496776628490446,-0.13332081468140772,0.3286277736187362,-1.0176440350035447,-1.3790294297674497,1.5459629309359182,-0.992247544466583,1.942013181653715,-0.041775486780037285,0.8610812638807843,0
1685,4.042225651596039,-0.8794080290843354,-1.417874963349774,0.11808669645067191,2.825277855712911,-0.015224000772895168,1.626389331700055,-1.6330064577454875,-0.07262124619590493,0.6285552605657525,-4.022027893952444,0.2501522337020656,0.5288338656571098,0.5531542198594873,4.875858706518639,1.2150240240569776,0.9772018359712434,-2.024062229266752,0.10306346810169442,1.1236372332787585,0
1601,2.2415590673988266,0.07920064322749143,-0.9417262593920614,-3.0792361988506154,-0.7223524670484882,-0.02126802790975357,-0.0762125545802618,-0.3470643335348297,-0.4008602373340855,-2.706642922444546,-1.9037754054929064,0.5345264690859064,0.05181201967005586,2.9014864834039855,3.509364925435842,0.7857909876791916,2.7040249269243306,-2.331313787709119,1.5060356372729586,-0.34795523396377387,0
582,-1.0501385970127126,1.2295029955928047,-0.17065299351853383,-2.7444600048777934,1.650799402147952,-0.6072287052462048,1.0456650984153035,-2.286459621766425,0.1440085127262385,0.8943185032797868,-2.111051419132981,0.47720334805868375,0.6838063365488143,0.6077952691855888,3.7903714706971674,-0.4469161605141905,2.280918221966609,0.6572562072576613,-1.6313323725223992,-0.6030485588135532,0
1584,-3.3544658006660883,0.7357583472045839,-0.5643135118318474,3.5131933001813738,0.5636878304161901,2.276972724083154,-1.2465230638553326,0.6772844232697801,0.8098292867095858,-3.151496356032892,0.09181247118278385,1.5497142747683275,-1.5125165546056198,-1.176114597623888,-0.4888776935960171,-2.8773746340981274,-1.2813090504458073,0.008203862504939208,-1.8659434133969515,0.17555103131566163,1
606,1.2624316246699094,-0.11053127085026382,0.07871566542676313,-1.456037105359991,1.975677460443574,1.0939867356308086,-0.5931292410597689,-0.16379139381002294,0.5856313287300884,0.851905224097384,-0.4285488926829293,-0.44277506080313056,-0.04382270388281129,0.5752419052561979,3.514676699652184,-0.3988275788521676,2.063543170862218,0.10402005719009444,1.0709013436486987,-0.9647940419758967,0
313,1.0119638245985658,-0.04688111687799734,0.13448158440957209,-3.6614933219914807,0.7257857660702611,0.7176084651270948,-0.9757961501290887,-2.043828981815154,-0.022858489327900137,1.0427315712010148,-2.887329335692828,0.09115523618843512,-0.03913480265704553,0.8307534455032135,6.256056092206402,0.3718334594622589,3.3719576523743306,-2.121962490401565,0.4163269650183361,0.0906034573099108,0
1802,-8.780502509055028,1.6865837672065174,-1.3884591902305985,1.3699155092083442,-3.3465302757765314,-3.2992042992108135,2.099395569400357,3.504499818433282,-0.5701501533534516,-1.738761350345562,1.2219654652789842,1.8027411411443077,0.868426573009893,-0.6542658353618571,-5.49756026449547,0.5483027795725697,1.317706315605917,-0.887949196929772,-3.2064694130254465,-1.6745015814120368,1
256,5.82616746412883,-1.7363722259002239,-0.43241141505569536,-2.117464294954247,2.4161060655962396,0.976339056770758,-1.2517536630796906,-1.5283851822000516,-1.3369376111659845,-1.6664782017478852,0.2005183075595146,-2.7413000129069394,-0.4489906820133982,0.8588565197467206,3.62420354441094,0.3276461148344235,0.8734603721504159,0.694822531426039,2.561334202490742,-1.2177988872821643,0
56,3.7426364496702114,0.3300642503218518,-1.276548059506316,-0.7299005603021907,0.66978725148035,-6.199617989336604,0.1216102754406742,0.04133365144023826,-0.7913924843627415,-0.9841693272645105,0.6807222424079631,0.9334410001235722,-0.7762584659989837,3.178377531974469,-5.266732263698404,2.988703998692885,-1.1345126229937623,3.2776101381959313,-0.5995348912555389,-0.0617435362336974,0
748,5.547721527259359,-0.659731337573074,-1.3224387899319299,3.9826453091076504,0.6553590275180614,-4.096222832321645,-0.7683189047273126,-0.10757175287475595,0.5377002007139982,0.31466830755680203,-2.6513712364555717,0.5154213999592814,-1.1725328629694134,3.0082526361895114,-4.027165142260455,2.231492904545693,-3.4804356080921313,-0.6697314662931837,-1.3513639649894353,-0.8248388452689883,1
337,-0.48059477026209796,0.8538398935232165,1.5734389243480646,-0.48298767554279803,-1.1733976453486423,1.930241965931235,-1.0594043652496075,-1.9324935189961576,-1.6604593332059265,-1.2290930772516842,-4.329337479550308,0.028429846029593666,-1.0914450618766771,-1.6425299727695304,3.814365382215517,1.0546194856667084,-0.47780992742656814,-3.1802834889900797,-0.03411464628386174,-2.643526143716216,1
830,-4.894509808202863,0.1928508355900561,-0.42684072768653836,4.297173894593113,0.08481886371271918,2.7922103975040855,-0.5318952636858247,1.9860093101264702,-0.6822840221453174,0.3385557578714607,3.9902530391976323,0.43038651194228905,0.10084646872105812,-2.382312282582701,-3.6896928131566034,-4.062391818884457,-2.1856214692632987,2.158659171206958,-1.4501296047651868,-0.19463853787260124,1
1354,8.147936195619694,0.2664582386274186,0.5808218102010346,-7.175825471511645,-3.0506951340800805,-0.16288023771624363,2.1587451878710815,-4.548574652850048,0.08632930731202097,-1.3576831044773527,-3.8162184516223694,-0.1799857401244082,-0.5399593181345044,1.635682749580664,3.9637228739341115,4.881876507657188,-0.859610936949077,-1.6460841249274365,4.660803342037663,-0.6218851067837835,0
113,-1.0547974961142244,0.5862546052302702,-0.642794617380907,-1.814471205241409,-2.3470730961561745,-1.734533816852387,0.22978040210107561,1.2474452628826285,-2.259122552221912,0.509301955698762,1.2680009058426207,2.49242557608918,-0.19758048527789154,1.142867759855855,-2.4427787565788517,1.2782528336490855,0.7619217083411199,0.09536124192595286,0.7244048248315703,-0.6018110027968501,0
515,2.16594646903596,1.2953893435014185,0.23647414358845278,-2.597971517875797,-1.5511305310672685,1.9322245728347969,0.9085188412488602,-0.8171380515727602,0.2864754551902321,-0.14450010528251508,-2.8572226256341993,0.32039657380096737,1.0127223903567977,0.8007928966857284,3.306662321865329,1.621131026413007,0.18316193104914813,-2.0431382496940187,2.736947899421312,0.19423616473029728,0
800,8.486721571288832,-2.2925439513968406,-0.42112630686468056,0.4228803106473824,-0.8790159704109444,-3.5067311464940283,0.34618930371932266,-0.6022942074919853,0.23071523783269723,1.1445819015258976,2.9448924703424666,-0.17185592760886528,0.040137130573854665,4.86602947075803,-5.875912377919176,0.6116261152697039,-3.281269479734031,2.177973693603679,1.3289442467018597,0.3131415264721655,0
189,6.102935907679517,-2.8778366843984093,-0.9724052851316903,-0.7064321700151748,0.9125197335291922,-0.2647516837721573,-0.08096716114393579,-1.315874730201747,-0.6205767549360696,-0.3423713251565391,1.3731586056631702,-1.2596097534617872,-1.126946852241364,0.8948886713786062,0.494653586436627,0.4451921564795359,-0.6032963753918823,0.3223162346710482,1.8557658168585405,-0.03369158213014983,0
528,4.1898378383730845,-0.9777292599355809,-0.9357343721039783,-2.44830226943812,-1.019333173451375,1.4274206872289492,1.2292498127556832,-2.006814329951136,-0.2072054169472684,0.6669128935924004,-1.3003222441800424,0.10822991223370199,-0.30805085170300317,-0.06937325940977912,2.8824925203757563,1.425733367762618,-0.39791301914148225,-1.522241749077346,2.579639020922664,-2.889134386641289,0
1428,3.552966136901182,-0.9182202693373726,-0.1786057864221959,2.1735128113270084,1.1710864985028802,0.2925753421752016,-1.450717276817921,-0.17987887714767303,0.8076045308859638,-0.16194744254467108,0.6534454833218352,1.0772732609319564,-1.142182580434921,-1.0453413680675312,-1.8780606867928138,0.747043293577367,-3.1180197997809573,1.4372340272332873,1.1476539542037472,0.4506089813707007,0
18,-6.829075584097199,1.9977450835808024,-0.3272335789688815,1.0589180400060842,1.126023558544034,5.175359148663189,1.4879915523460359,3.326722347621634,0.6095601936277242,-1.0330350154219938,5.52204726412622,-0.8369722971926412,-0.8471711210612737,-3.189538955034587,-1.0867979161375625,-4.286531016868812,0.33330035476165,4.230347915221121,1.2635249947190403,-0.3236553162266048,1
428,1.5886658625280061,-2.8650677216149694,-0.9190483104598253,2.9630590041043408,3.9224639012148472,-2.6828958690187585,-1.6775650489873828,0.746653856267103,0.17653310366349245,0.018649478853162475,-1.0920008744836498,-2.0597782120648307,-2.3362521518431967,1.0003692007267848,1.6363836056914653,-0.2124058638307047,2.536002034021571,-1.7582497351677764,-2.5489008772151807,1.3868154373313568,0
1686,-2.654350297727123,-2.1171826319486526,-0.648018690842252,12.680396884083084,3.5666498975074106,-2.6083106247232095,-0.28965370637241566,1.2878397382047524,-0.4839567693885957,-1.775616894610356,-3.5963197440199846,-0.737099924125991,-0.18461245978687504,-2.015399300528519,-3.908298756773815,-1.8061721819187078,-3.791192119450803,-3.0864399102457023,-7.884763620592671,0.5701807008257651,1
985,0.640294672541609,2.8848248024948306,-0.8332769936029977,2.0725479499836235,2.3617867657137444,3.370912005284621,0.22502908157085355,0.6333275543166421,0.9833372929831384,0.8977317071436642,-6.051902302854362,0.9809798564206856,0.2587205024902797,-1.1560415464972793,4.917581381484244,1.5012684996926131,-0.777926435000274,-2.1178085423717894,1.5306367412605941,-0.02634770786506886,1
604,1.4165223251490324,-2.3740357987052363,-1.1715111114215995,0.31493933613991776,-1.2757898104895689,-5.039314986997728,-1.7166132938372405,0.7915544577430418,0.5976798846076721,1.5504742982481532,7.606075068784312,0.6607775155965503,-0.7888686552456651,1.3681090626325907,-9.776668400590749,-0.3410333588333727,-2.262336917187939,5.244281361254118,-0.912323216330575,-1.0622444888492677,0
75,4.354094950257558,-3.2676126622562505,0.3979709023008723,0.2488316999680935,4.228871329945602,-0.9872075363859947,-0.09000299778180161,-1.7191725786683127,-0.8553422729165778,0.1697771175420602,-1.4346649017204822,0.5458344484119177,-0.567477354567409,1.3194963065832876,4.92072869497433,-0.7417491248662864,2.800971541616626,-1.4407969689463391,-1.1785886093506077,0.7695195284625662,0
1053,0.25137730303277617,-0.29223380910732977,0.10185946124065365,-0.8072445593342088,2.0993897520681273,-1.7324723635704866,-0.7266591371203908,-0.19522182786335207,-0.09277905635997995,-0.8749874829529081,-0.5909425494742933,-0.14637442533781084,1.252709650693066,1.201030374309278,1.658140454300614,-0.0019219891872284123,2.347706411427053,0.306632210039131,-1.1308351065850148,-0.12872139813316336,0
1309,6.207998408742024,-3.579403648119412,-1.8773389116162345,4.263252709877632,4.429403363635911,-0.4029245537742046,1.7931246391297306,-0.3817554218185537,-1.44226734663967,-0.8064916193581011,-3.338434552906847,0.9195817135341601,-0.47986215051398223,-0.5880189335975534,3.433523154167784,1.4148632354056399,-0.2937321983029395,-3.030065843824115,-0.1439167640764052,-1.3290055012432909,0
222,-8.688546969184678,5.103364516054706,0.29218702848168154,0.16319993088057108,-3.2333209310599056,1.0061987865779123,0.24748848799004639,2.6609936389867324,-0.5367960415251813,0.02839160905613924,-2.01899884116826,1.0979503857088873,-0.4314634860707933,2.209256334686915,-0.7982103653855959,-2.0068583148719807,1.6704104406848026,-1.6329262915890383,-2.1469716477150884,0.6420765317548356,1
1221,4.43270940232942,-2.400414709134478,2.0760575346657375,-1.4829449546866302,-1.338373993215722,-3.158071450121652,1.4857254273943978,-1.520355706665107,1.4331466333241154,0.08769864299915697,1.4077343590081282,0.5360584770616649,-0.797875436260722,-0.23710815260431506,-2.885844958253421,2.924580537848507,-1.6200954566446133,0.6312561880879266,0.9917815459883926,-0.04312329114203618,0
667,5.291491183590146,-1.7223502177822692,0.5396441197539965,-4.186464566669084,-1.0610415684921675,-5.9090269350230376,2.2213524006071994,-2.200082862015444,0.48301331086965615,0.9290163495104173,2.284110210390169,0.9210646248364931,-2.369535973674709,1.584852365784819,-4.090137695681558,3.801992104845453,-0.7306570037449002,3.030495191245044,0.7947614127176149,-0.6686506085984126,0
408,2.2911925932484913,-0.17164630534994307,-0.29896305703427306,-1.1625475105505767,-1.634576904490851,2.605064473947405,-1.7516634203289383,-0.44335117498451937,1.1507932826536575,-1.6108632528889582,-1.159639138744704,0.2243051500392738,2.187286813334498,0.6405388561958313,2.456360709593462,0.14351822470788267,-0.1760818259112784,-2.293763238634908,2.4513413387499132,-0.8543324741493842,0
1583,1.046151988053052,-1.7400549933331233,0.025881229678041563,0.166215891788913,1.8132875841913432,-2.875755766461454,-0.3458331810517758,-1.2883131855210803,0.1823568127363175,1.068896804807191,-1.6009184462934027,-1.851121717947524,1.0634402041576356,0.7784110165990639,1.612187210620947,0.457369150353951,1.8727489140233442,-1.2393525319658416,-2.487029265290303,1.0397609437086668,0
432,0.34280371498758877,0.6466307819455352,0.5230061398520692,0.009102438799827504,-3.077879202503421,-0.8675400161077507,-1.2219311574086609,0.31909411757918904,0.6760343990169849,-1.8191879686810828,1.8518154306731571,1.2084821617994395,-1.7805458066546844,1.7689028761998677,-4.673327271253305,-0.22814954859892378,-2.3602585192997116,0.9939426808453701,0.2979297212964803,0.5726478413926789,0
1199,1.6534785120522595,-0.5859640717475914,0.15806911372660823,4.349841945370513,-0.4685582354452976,-1.0292577215628174,-0.042461104027261776,2.7019993111895975,-1.7327141748372927,-0.1586909452108114,0.575420143556969,0.5240550325600304,-3.0472767710723647,0.4526324286142813,-4.6829638704991075,1.1002883786363415,-2.775299072008253,-0.5128401156660032,0.526233766443762,1.2595052539551397,1
115,1.4703117653217386,-0.4054758244865424,0.5224925150398271,-0.5097837752250863,-1.448711775945554,-1.8817729568354808,1.550300265656263,0.4734620618063481,1.0529381326905705,-0.3047964829940807,-0.12520029939972452,-0.1946846402735666,0.7319172200405605,-0.3332704185630748,-2.059694458155222,2.8720019137909767,-0.8141992844602077,-0.5039178625495753,1.1367841490170347,1.924887682425576,0
473,1.5904593714189554,-1.1973245340759902,-0.8986661055279522,1.074560386121159,-0.6374937547973744,-0.3535512954374883,0.5136713576596837,0.9829832041779192,-0.30293497695161575,-0.45493610099501164,2.6119190692479144,0.6064611730069913,0.24957358043846867,0.38818641487188277,-3.1167969423826962,-0.20210881519505453,-1.3836009176859647,0.9303881789266304,0.8989810802947564,-0.2143900952608667,0
1661,-0.6563793722755822,3.1008737753955993,0.3796645190916306,-3.919110057374513,0.8428254641647085,4.456956858749326,-1.8524706397077302,-0.36196747381850036,0.3487693458005511,-1.3809075630720624,-0.5607701135878564,-1.4043405807197678,-0.4658046950482364,-2.5442188491914384,4.301356192332662,0.8691933849219107,0.3837578634710028,2.2964007433222453,4.145275676901889,-0.2685451568563662,1
107,-1.6025605330641692,0.7257264202488602,0.49075042958541043,6.157333569665326,2.206770504615301,-1.2411022297659402,-0.05422146378877087,3.137516424153249,-0.6525449053742838,-0.9264625186245562,-1.3599225778503716,1.0436779338564652,0.46902222215756734,-2.96948308809125,-3.6962756834226727,2.201840960279331,-2.759689550778516,0.32405149686073553,-1.0201502638166002,-0.2263641193752315,1
191,5.521890719374658,-2.7764596028236097,-0.07520731328476149,-3.194406955718662,0.9160808839348924,-0.10457553589805463,0.5985839946504332,-3.6833989908018303,-0.5194276904433967,0.21353288884340368,-5.6564852190293,-1.02227012996307,-0.853062505405213,0.8946555483514492,8.820845659723316,2.245999781595537,3.4058600707099282,-5.731977791351288,0.6182789935643331,0.3285729854128685,0
475,3.454367017985393,2.5047715192348035,-0.7006013996161506,-4.467425801084947,-1.9691082537326146,2.8278203482149276,-0.152339697453496,-2.0812068909693915,-1.2211433291896994,-0.26157277479517943,-6.2806752672822626,0.19774670259939056,-0.8825124113683478,1.5005107154876258,6.786453987495,2.8482743551796785,0.7614725431316949,-3.8467133037966397,3.703717076046445,1.3112319041371716,0
53,-2.5947744144185494,0.623071818714457,-0.2751565330023398,5.3693605475913495,0.05393331413645153,0.8927782994822058,-1.2976938281278008,3.4510466196948033,0.7610702920810329,-0.6281053739988177,1.2159688053591862,-0.700471073859948,0.3431899614595291,-0.4301304733689242,-4.084636515018454,-1.4439735153399043,-2.1146839286304537,0.07472567909252459,-0.7859008927367686,-0.8358271518845499,1
790,6.0517545346373085,-1.3420474673685057,1.5951758835193268,2.3722433860204912,2.8412079727978057,1.5749978099417428,1.2634029920124878,1.7604871416669479,0.23783743539668367,-0.054163433381613106,1.4517974424091906,1.7287319023555379,-0.08685748424629387,1.1765117956812228,-0.3376141860857282,-0.056700909236744534,-1.5335972262871436,1.3054258777731498,3.2963871760343144,0.9046135108065138,0
1557,3.8161974504772758,-1.4367718411445325,-0.08818745768621022,-1.5604973942980525,3.1557869828289835,-3.7237704117992108,-0.5120751115287913,-1.1750744042611139,1.1388209456797924,-0.4787217836323581,0.9929768805721955,-0.9498434074985982,0.4186401679018797,0.03490605338431929,-0.5317078259688867,2.2236376300864076,0.5748927313978001,3.0964381658121756,0.029064989739884473,0.4954394718496855,0
1045,0.1552398604724107,-2.650568521819589,-1.086607077373771,4.082572736080002,2.0030077051716004,-3.770024467131356,-1.472408548721129,-0.8911394285588004,-0.921731171462702,3.0319296776469247,-0.588346328076383,-0.0026282761775472717,0.042087426327380745,-2.4000294846997945,-2.5434698961105795,1.124252076789877,-1.5512055066315171,-0.23692248496719515,-3.858679146008482,-0.060394832720596724,0
1009,9.570387414619999,-2.9558174856862784,-0.5246324881111674,2.2367971743522803,3.4524245113993377,-0.06938110582822946,0.9081209335166154,0.30412117420230755,-0.0507000457920229,-0.605754678871466,-0.47231151446731273,0.5534707728725516,-0.6901282716770595,2.009609166503573,1.040687191170605,1.3665796045431782,-1.349371062557938,-0.33286290645304795,2.976358588060747,-0.31236426711630716,1
1404,-1.5677166116991332,1.890852601352826,0.19890657592431446,-2.742673615145075,0.13494318062999322,0.5785620583318477,0.019324455745286084,0.45682030354227465,-0.2280757459968081,-0.8900267657690683,-2.5427076425935597,-0.5108737860338695,0.8301394105033612,-1.6693674727986139,3.38803427224137,2.803085682809166,2.040398249791385,-0.8922628245678255,1.7688876153015882,-0.6081317703642317,0
774,3.2396756052357083,-2.07984531612427,2.1908470956354216,-3.2476770473227896,-1.0052348440402403,-2.9810133251126905,0.4905613518604668,-2.031162648428241,-0.4760746461995135,-1.9295139619522312,3.8058512769279376,1.5061209838667158,-1.212085953204047,0.5699346111539305,-3.0768621301351953,0.9143910748498552,-0.6124100891694855,2.991524643918332,0.557896396310223,1.2812613229784657,0
676,-3.3626190945822487,5.586509640657846,-1.4037213195762446,4.43781109624432,-0.5873883956881303,5.061322990178095,0.9411674922925604,0.4260340033971407,-1.67796877835534,0.48026020218051846,-10.683386781703327,1.0617027962740249,-0.2429267599657341,2.836352476160019,6.343787689830515,-2.0695926446543105,-0.68869658526644,-6.818550369196837,-2.0696179861010915,0.4099446714816873,1
1830,-4.483357206003531,2.73119537599219,2.28578773001976,-4.650130617717528,-0.9339695868163456,1.0793013842100347,-0.3858088380485262,-0.16897080667971864,-1.9120150020105935,-0.20153019413942183,-0.6391145851717944,-0.07912191958244064,-1.209696172164756,-0.7947402185978917,3.1688114473091487,0.35760748608538817,3.1410739972638533,0.47618655370560536,0.6944812909094247,1.4326460972768562,1
170,-5.494056360292054,0.8533589199011549,2.0541744881452884,-1.5897835022705722,2.009229443214511,-3.5289972357955124,-0.056944867939773935,1.1790259611709666,2.1849607205559916,-0.7450515257045336,0.7686716060947251,1.498264669272051,0.4331385150902788,0.12219163591183257,0.2606167250799097,-0.1545727839109512,4.589442028661422,1.5281556598794581,-3.1377425504314305,-0.5455354648969778,0
1973,-0.9482822548177937,2.2165852296026918,-0.7800364760619879,-0.8592125183949799,-0.10038072269803577,2.2110733406214655,-1.2378595616234151,0.4617886116459986,0.6922329907253348,-2.2234459261127086,-2.069878618778705,-0.24527001259533573,-0.25893983022340067,0.8145472599570598,2.6900451364373725,-0.34854333137612237,0.8082908367758098,-0.8505268547188988,1.0786800130223781,0.871610486367971,1
257,7.4249121603803925,-2.5896285489022466,-1.0595186416121,0.3458039705607163,6.242455303145521,0.2893885001201487,-0.8852894765799155,-5.0196945701080775,-0.3168711450975074,0.5116350364012701,-4.756591921803139,0.3455153672822019,0.3079348772000244,1.1508720694570587,8.163097703158536,-0.9770405722564934,0.9726830257815532,-1.0071129146860482,-1.6470362901312305,1.546141341242688,0
1029,1.4545295753383973,-1.1491505252493417,0.698633346207075,1.0065008824229298,3.4544976693475613,-1.8151730135592692,1.7734682787783094,-0.26199466887750866,1.6836466686474436,0.2410877819445498,0.5302671308418203,-0.6987210218874643,1.6951999803227698,0.28782969717444185,0.2275468436012403,-0.34743139585044935,0.7727407810790448,1.7481800800433933,-1.3596794534279169,2.2273098939114155,0
652,-3.5758027933476515,-0.33681704078801333,0.43702037459491355,4.398910381207675,2.8540742285210516,-3.0703824601607463,1.0639939537096743,1.1197398174035649,-0.9269343816175468,0.48350097519175855,-0.10879183541010158,0.794245865176878,-0.5844252780260516,-0.9811410694293072,-2.5256993883194343,-0.8602383440002134,0.1367266983564306,0.9245752174445033,-4.637581385954937,-1.519553151304623,1
378,7.4488374841225005,-2.7508828502745315,1.5463130424017675,-1.8936533176450874,1.2554400448361691,0.4262944748973429,-1.1254199578476876,-2.7154993455016205,-0.6331534961241566,0.33686606604133623,-0.7161119928534727,0.3439211738377722,-0.11301080738924799,0.5877485838798456,3.31715097347632,1.241119562443589,-0.2943325205076912,-0.6748965988978286,2.4001026298109425,-1.2083948666140951,0
1726,-1.4795510818897173,0.19808102664891492,0.9491473962247574,2.1477272797849523,-2.294347595162121,-0.9803404363057943,-0.8509791332139194,1.148621005908816,-1.8169815997088048,-1.1155245558149176,2.5732618261578555,-1.1086056472256178,0.4794078972434494,0.37454533337902607,-5.810059610472135,-0.8426354892754271,-2.6927877428358706,1.248516882568763,-0.9189673397427847,0.3647114891092282,1
1202,5.441374334552061,-2.80039782409663,-1.023809795198528,-3.7458242041091965,-1.0527004048998743,1.63303838499917,-1.0278063537158555,-1.4676986644452163,-0.30509956361217777,-0.8899328458547614,1.0547820657018394,-0.04307492696860301,1.1955235045809172,-0.16077356718503943,3.253563573129088,1.3974914093305704,0.9804161754288416,-1.4916464719076448,4.099770102987112,-0.8762788401137942,0
1300,5.790867805922345,0.8794709545050452,1.1853636996110875,-1.3318391810573291,-3.5533692655501663,0.6188587788267556,-0.3635910432417645,-1.8353552444612014,0.5316010292384737,1.1926435190528502,-1.9401426107429158,-0.1746358234810354,0.9684608750409247,4.709794001473075,-0.8497098672536524,0.26039256202040983,-2.937867783715005,-1.4997005952563058,2.046183966201027,-0.4363383047962054,0
527,-0.656280623343853,0.4095160411750478,1.852517465918177,1.3323502822932287,2.028280373015496,-1.2243907788120312,-1.0114146708442127,-0.1375237941345253,-1.3741110419315574,-0.3098264414735539,-1.145162425315148,1.8919366151992456,-0.5659824014090452,0.34082039581188206,0.26127996057743924,-0.38352859275809137,0.35170374137024196,0.5763998174512641,-1.9635498163950613,1.0801846438572182,0
541,-0.48123260106627885,0.28156943593425665,0.9478714108439039,-3.4861462023048793,-2.2364080555731287,-1.6700842977496717,-0.2580497280763339,0.08635876538865683,0.2681790999555968,1.182114912123986,-2.0973201109498967,0.36082746529375276,1.1691088187439544,1.3581601699451546,2.086582494633536,2.445565966608787,3.0677457490177997,-3.0371716078802304,0.6630659573818749,-0.051854420859547494,0
1612,6.687102891039024,-5.081514696058064,-2.968099059745503,0.9327169384717345,3.4848318971487444,-3.8044757448226094,1.0895258819371922,-1.1244226794776788,0.07297217511691335,-0.5362717480068292,4.896260015026344,0.796616516663672,-1.6420380158311885,0.19706188790947488,-3.3401049360015453,0.21544589799875025,-0.9599386050947339,3.729270562128481,-0.18010595193557632,0.07940241204929091,0
1608,2.1907172908325654,-2.4739079868930003,1.4473011717262654,3.83434617883035,3.1008170578637824,-3.0519711498791993,0.43599763035448236,2.0423852342589237,0.6203496294877735,-0.38872421634780113,2.158753051912383,-0.1410190574040527,-2.615718413914825,1.0820467911450269,-3.2533015151285243,-0.22281237993731695,-0.01568294452685781,1.2219114383481418,-1.3653956596431964,1.2594705673546702,0
1992,-5.884226192696989,4.5132988132730905,0.019541602716533532,-2.636382565096679,1.6522970414722447,1.319791099213644,-0.9385882533312734,-1.4421472388921943,-0.7288114809116317,0.5195104665393446,-7.0370119077213085,0.6551038440206889,0.50656145609034,-0.2948706785470393,8.052401427626977,-0.002057438115981247,4.199122806539041,-2.2516022019199653,-2.4406905635361857,-0.6244999046775784,0
725,7.722324579541687,-2.4691987974865413,1.0056696617048033,-2.356907813919278,-0.8184802596063128,-0.40125409252984895,-1.3781377142124303,-0.8626955018362178,1.2578594044265492,-1.066389978049782,1.4284553259693533,0.20585313485759832,-2.6198612093793177,1.4778390317229637,-0.2417087588942827,2.2866420800873435,-0.9938245883167355,0.021654152699572826,4.099234793385357,-0.023086842879157434,0
1301,-3.136144966510023,2.270244815854703,1.3228873750407697,1.5937393197198466,-0.2670832975407884,5.003470913680862,-0.5753280483082674,1.270139528728782,0.9409991156758721,-0.6076714706526339,-1.1380632712625733,0.2220589255880565,0.823393398537548,-1.4687767603216924,2.2054031949305366,-1.9882074282478528,-0.7023596370838991,-0.9212057918314007,1.092380899089509,-0.7771600511356535,1
1196,-3.780860773038227,0.6110806445640491,0.7392531075592396,4.736983078100702,1.0281312999794754,0.8506295125011881,-0.49450123667613904,2.5662223081554085,-0.10823304245617411,0.9925013189510017,0.5566752001996337,0.39591934081125435,0.9583876969187975,-1.6912474719827926,-2.366685883491528,-1.4274369285583082,-1.1960193649337703,0.19544376467095015,-1.651255357644554,-2.520345335746336,1
1,2.473495178170107,-2.0395479594063537,-0.2725309880307747,0.8660058553080532,1.533027761784566,-0.612144543028719,-0.7086903094156513,0.5886728356201716,2.83190028746477,0.2204534222938629,-0.7935406571350324,0.5622173309919811,1.1518827922503843,0.25191319279374513,1.8017068268952716,0.9135779831537553,1.3977211563912946,-1.916169450545395,0.4549258192620408,-0.8435384686949429,0
1777,1.692701517388658,-2.830872020496267,-1.704955608895629,3.058053816452327,1.8503163179259485,-2.797265405756092,-0.29557892111030365,1.3363047440879576,1.89707763395816,-0.4299585302068699,2.2821522165716654,1.3092943841663407,4.080749579304787,-0.6731583484686754,-3.370383175518542,0.6766906433578561,-0.595241943788869,0.8272308909035506,-0.9755311190687914,1.1827004421851348,0
820,-4.79523370874113,0.5658954363082841,-0.2588958730819752,-0.6354690199876525,-0.9767091668329555,-1.378522887264687,-0.2086651170813522,1.214813992424485,0.6417001645018475,-0.9974996872340292,5.646850267815333,0.1677882335559577,0.6808666970196571,-0.7869324818689656,-5.371743219908134,-1.9315122940921903,-0.09698230520322237,4.457579205328875,-1.371443229484857,-0.5820648955250203,1
1812,1.5813338109585366,-1.4788748085495418,-0.12475955047382678,-0.561677676844768,-0.6933293461633327,-0.1319228216356918,0.4604903539279467,-0.31516679282248605,0.0310102331824919,-0.8591163709868994,-2.4090279009776263,0.0032885168292035184,-0.26020550959310673,-2.5098452232080875,2.3079834498050946,3.509613750170986,0.4007794032585955,-3.2673002127214916,1.5262784805418128,0.869933780640148,0
882,-3.7222546715939338,-0.2182027838731948,-1.0637496103104316,-1.1701808499176545,-2.010381407299063,-1.6947473778915352,-1.9713615079373399,2.489433769656359,1.1309300711266348,-0.4406685793221769,2.910748533730945,-0.11949435107527144,0.2761549385692008,-1.5562326946150495,-3.0678820105369127,1.5463065410473964,1.5211421270938632,0.32283032922830324,0.5373503628116914,-0.48526790072636394,1
1757,5.649045744286242,-1.95002004241576,1.1864812694869018,-1.3241605281967381,0.07594397749049131,-0.25092837274847746,2.9356201817942877,-1.4261185680406063,1.6288313359514204,1.614129259085325,0.38972073309508887,1.664106316477984,-2.6340941005923857,1.3549392079846514,0.7033159785049722,0.8509022270555866,-0.6072756695944201,-0.1537923097020526,1.9476218016281863,-0.055494750092303036,0
1067,-2.2918166788422214,1.6983572177609683,1.8012835009315296,-0.3656566364115744,0.5654366096722647,0.7672989498482524,0.31793254492620837,-1.1699953639731402,1.3280575841189022,-0.5171974934962876,-5.40494280857313,-0.6094390614522117,0.23458772339154738,-1.2046533974164346,4.9126236059641375,1.1296398343456149,1.4827888974261834,-3.0362416252995934,-1.3359376188115593,-0.42215940410063696,1
1487,3.35366243857953,3.477865123510365,-0.21068433020519925,-7.377826196386253,-2.223134737228496,0.45080715220901607,1.0379022395185398,-2.145441175433816,0.847972774449715,0.25437937359368956,-2.8571839192968715,-0.24237748753086774,0.9345856613131118,3.744579321440251,3.579418254178446,2.3625885850854895,1.2727115152044326,0.37868175054841946,3.720897369532498,0.5272049129490786,1
469,-10.972457853051218,2.020588412478048,-1.2763830432233394,-2.144594619061699,-3.5083795405475504,-4.329770715857565,0.19058509508974356,3.2048964721076945,-0.9788306515833681,1.1621049773306156,3.3042264941474726,-0.2383433817142614,-0.2607825953800404,-1.3360321067882515,-5.3204177463181175,0.8213921528867889,3.5071817566256653,1.124453897685394,-3.0841571738900986,1.045862150953927,1
1203,-1.814737942313958,0.986416716049112,-0.9497279157277186,4.2913883669397315,1.3478899339879962,1.0561815871806397,0.9419761872495314,-1.3195477139936997,-0.7811828946909856,-0.24684667884603925,-4.768681752648369,-0.5255475399311775,0.1813478680307617,0.45950876170250665,2.309015185215729,-2.341838273420085,-1.0703225531727687,-2.6857864213887184,-4.073472307154167,0.9079822448720387,1
646,1.5958506556844445,-0.9873940492830546,1.3591416121748157,2.32408877057464,-0.18379189584094613,-0.30920198491700834,-0.19313437562645186,2.9344909436395477,1.2492461212439177,0.34892723601995046,1.6015822991052058,1.6428708848140363,-0.9446209897596327,-0.20731368001715034,-2.9967298093709926,1.39538361102756,-1.0766320140726338,-0.2605782112173064,1.9627351997053668,0.9249523324115773,1
887,-6.488502529614407,0.1139077635824628,0.9694174247081822,-2.5145230060640618,-0.45395895819984844,-3.893091264031313,1.0549531758853357,1.5965480626957531,-2.0340116758374998,0.9851406917194478,2.285491368099778,-1.3026256831193244,0.5083137101566683,-2.3206581560723536,-1.818487506534076,1.7920378130483288,3.823608146787251,1.1835017430764392,-1.9152569108285882,-1.0064691121119225,1
1114,-1.30730533624501,1.3093437733803053,-0.9694313528232268,-1.5170948969250064,-4.378773868391201,3.2103491818388363,1.4735707722729106,2.1607041305105326,0.8107579710084596,-0.2590441896636883,2.492654825073473,-0.0006231377285118249,0.6896195912121792,0.8731611808990551,-1.8074930298364067,-0.785488469437718,-0.6263413633998078,-0.6122268683450198,3.487087119242755,-1.3809252869904893,1
1768,0.2517151468473063,0.8697079139386641,1.2307668864961379,-1.4409407671718222,-1.8490323310233867,-2.0914865646693825,-1.5823530463738495,0.6155704534147743,0.7346679547756401,1.215733168634567,0.859884870874666,0.8680866354130534,0.4307278226370065,0.34295526590419034,-3.2764435897016493,2.305459125190843,-0.8957236998578677,1.198663179926748,1.0272987520470562,0.4821963735688523,0
1379,10.138578659331309,-3.522633761092868,0.6471689947042635,-1.417178550044588,2.5545472358664156,1.3749867974562746,-2.0968843533369177,-5.143005593993107,1.8547772118089207,1.4998104266221541,-5.414513103656033,2.078839579851439,0.0512477755316163,0.8035112642045157,8.458621470380612,1.535973083730608,0.08607387945645872,-4.0337631088276495,1.630735495321177,0.3364709290218806,0
967,-1.720056222069894,-1.5100867793511208,0.01944510606509036,11.753819916310377,2.346473346262042,-1.7835914735006428,1.5184601653689662,2.0524130818319577,-0.32948415740649495,-0.19460346122052505,-1.4419341457544692,0.2545896626621121,0.7687088231468766,-3.416361510028832,-6.43276075068797,-0.367215239019703,-5.824606009171472,-0.9648522462544429,-5.051200710892056,0.22828908273504853,1
324,3.388783262138693,1.4704575254083823,2.3881139905678044,-4.5774572424299285,-0.9693261026964923,1.4256783837212867,-0.31483263357140584,-1.1071304864989693,1.1198023635443677,-0.7342550188721503,-1.3735667891118255,1.2271354973646278,0.7679664664470902,0.9971514535686536,2.9545535963710674,2.1566629087462807,0.4291237747076957,0.19054318145216453,3.9326484409709512,0.13601192590214942,0
1638,-5.4137364704710365,1.158693147252703,-0.4239443121623836,4.480416361581321,-0.17809844069266334,2.0144192076230722,-0.9009588492009873,3.4493524401138425,0.970525014778338,1.0523862862447577,0.6973823943714168,1.0587558158274186,-0.18676727472166055,-1.6721876028228477,-2.0564139217963118,-1.8821370186167328,-0.6166433746753222,-0.7536433641055074,-1.1348619720761726,-1.1462543407017571,1
513,-1.3069625689357072,1.1342375955099686,-1.1402932899174276,-0.6440793602099202,-2.038391939446584,-2.7919687150808286,-1.0581843117858336,0.7624092995739074,0.364246181301415,0.8456026114572491,3.2219085421596825,-0.41586615468356214,0.3027925990708151,1.776923356983899,-6.100541139748456,-0.15738182994648886,-1.4099693467621233,3.219110154691619,-0.7490350557886818,-0.325896154268501,0
1554,1.2985098624246185,-0.06965002382172147,-0.12877872499321932,0.05577192826837059,-0.5484967489325967,-2.2493071202988992,-1.043478316005673,-0.3409617595377361,0.3906718462220824,-0.3396185795920696,1.822206848994514,1.4480898888329305,1.1690481928778584,0.43904261661982646,-4.125459819671275,0.7672478865242403,-2.0699058510711277,2.499774344968177,-0.2386792955257634,1.7454150843989547,1
688,5.190736312416073,0.9412287368807912,-0.7590416992551471,-1.386448138342565,-1.0624344947693867,2.0487710692164067,1.4955570632763833,-1.7979704732620752,-0.16260790859685353,-1.6138103674273736,-4.765018663028294,0.7648703576889929,1.7308858567073302,2.1347041043008366,4.054094576951906,1.6014948525617874,-1.0507278191425724,-3.085623901534638,2.6061642929960223,-0.09566565648272722,0
1231,2.519802284572924,0.8870582911989822,0.6461869764542428,-3.713033611892654,-2.43489203045006,0.2085135962058503,-0.3293931515962241,-1.66171994457499,0.24450592224181944,0.7093477914225645,-4.766951305060557,0.8518779958282574,0.8097226086625054,0.7328300346626726,4.143969864587904,3.573159520469903,0.9568262861723443,-3.87174013984788,2.243657468964055,-1.4217962296161137,0
1502,4.590879903924843,-0.3776474486726573,0.7225696457173387,-2.778971428169044,2.025973712108078,2.696432392535727,0.804572421423437,-0.747232483957385,-0.376019283958048,-0.20518007182044262,-0.5143330587992814,0.05463321270889007,0.7585728490655383,1.2718981141736898,5.193131771717074,-0.13216051495760484,1.7323772226068082,0.06847080071556544,3.491673036997281,1.7287932042748246,0
1752,0.40413892154776987,0.40155269499664503,1.3384015428628373,-3.8166318905721854,-0.05801924244673584,-0.42713376358582833,0.07100297872029286,0.2520834408219481,-1.560377894777509,-1.0143443197973798,-1.1316264844722321,0.8917305206989111,0.37795907367546167,2.224309843699295,3.709544143953027,0.8269497262814954,4.030824722530582,-1.4617984236753392,1.2634673874560884,0.7799253091302587,0
314,5.050878579809973,0.44521659769269495,-0.1409362708194446,-3.3558545308336343,-0.6041788122134714,-2.2171907561199973,-1.7754001306410354,-1.876030423404902,1.3830207476806575,-0.29794617044744165,-0.9659241722981077,0.4371239394449428,0.9223097511888343,2.3068090004399084,-0.3503102197585784,2.6880453665365462,-0.793722266663752,1.2293603500464036,1.8108295974337203,-0.429031954120062,0
680,-5.462738623033113,3.1677887944396765,1.0826230946362976,-2.0394135574443335,0.3743792665833462,3.2212568803427035,1.1677626215566188,1.2144490102383279,-0.9484229976785828,0.3447741206771898,1.0733115569906386,0.68104067092624,-0.1262460530172795,-2.4553988933769353,1.7596374374811834,-1.049769548773456,1.3729285742278865,2.354963777525267,1.2303148477400199,0.27530759559132323,1
1841,-6.072314813834739,2.1835043095435083,-0.4490069698241569,-1.0506056441152043,0.8070700271461722,2.9245586653519906,0.5293066948626767,3.175637151944828,0.3396228211459124,1.5978145486375985,4.652745977729874,-2.4701767938342702,0.7981938286055094,-2.4478700346038673,-0.8819490644831809,-2.066501109056346,1.6268971961364636,3.9918953971007656,1.6063298849103629,0.5030984942623716,1
744,1.3234690310513157,0.5463550534477295,-1.412926283043605,0.3382142880176703,-0.47800568485378303,-1.7960346937343394,0.2671960324424775,0.2500977354101439,-0.3847831544490614,-0.9583959222475321,0.27495147850968915,0.8257474868613105,-0.4404019920644688,1.9397890615185707,-2.7104961291118306,0.45262048056134974,-1.1445940481825283,1.031122433284441,-0.2354891714749281,-1.0704980709301275,0
146,2.6406667948322244,0.7945978718411657,0.42963937238419153,-2.4146546586063584,-0.5012861415555584,1.064407300185465,-1.2913194698588841,-1.923381680799921,2.288072647868365,-0.7564897613068979,-2.0565231499478225,0.629671659918716,2.03057160942287,0.72435772590105,2.6320208929347593,0.9177820719053317,-0.33169825810178855,-0.4628571676360953,1.5729242872214464,-0.18351544819385107,0
799,0.18186032618034098,-0.49898109875614227,1.1271614834670418,3.0293334220266384,-0.24925851756582118,-1.0789126134245492,-0.2234169107299532,1.7357283949043476,1.6347163390803112,-2.0609009858746385,-0.5844311317568596,1.4243125055012098,0.2022193043695645,-0.6270049316074894,-2.4367737673340883,1.4468293010666622,-1.3632842696761243,-1.2388711217232444,-0.19570832008279315,-1.5073167787017419,1
1288,2.109462744007717,-0.22716242706356593,0.8098482657158056,-1.6966169157867694,2.9258561999207346,1.5623871688305757,-0.07495153926957318,-1.8242667842517473,-1.2098373508393092,-0.37484900094509,-3.126573581337339,0.09497862695975394,-0.5916067798887387,-0.1419338173533311,6.639307578475423,0.11703237566419922,2.3458462007456338,-1.2456902816352797,0.5617168804863788,1.1413249041680855,0
268,9.16203142160281,-6.628494663917604,-0.2394606180602333,1.6864412340202504,3.027385100794442,-2.291467663989147,-1.0174868046513244,-0.2031638974561516,-1.0570052700271597,0.2268983295353128,5.9087985465981845,1.1830478261796988,-0.00632471523039794,1.1121197402693745,-3.0028953722795406,-0.42013736898936616,-1.0258136194595515,2.326178285470647,1.608602133868779,-0.9486754479113414,1
1904,2.7905446721011313,-0.7627035212119478,1.0776318077442522,-1.2371056880062343,3.427492953446946,1.6985154529343558,-1.1483904847307487,-1.1551470548627287,-0.8865544600002262,1.7904679111660864,-2.323974881283763,-1.0606285956054382,0.9301129216494066,0.72292503772427,6.545487041898155,-0.5715228000046428,2.7984115114252965,-1.2021062715566209,0.8128703882110768,1.1976688082695723,0
1687,-6.865941567988354,1.2781299794293128,-1.206546173071516,-2.152627271371688,-4.125919650199144,-1.4973755072703019,-1.4753446119334155,2.3941131488908685,0.3506272805584914,0.7820839952410219,3.157018993541607,2.3567498882652482,1.8797854827201257,-0.9462781179556886,-3.9994197844167174,0.4904617221174451,1.6957464399546067,0.3336691186125924,-0.4228416018632021,1.2731033965237226,1
1206,10.956972403583741,-3.850581246627328,1.1590831457792399,-1.154895389842855,2.877279609309422,2.185589912760519,0.36232102765850893,-5.062919766382767,0.8558814357575414,0.6282688759189282,-5.777192945887209,-1.1380979500247712,-0.4856367807874916,0.03319167758197927,9.295661786355026,1.998749222721809,-0.14758009814186335,-4.4929200148879165,2.4794498619086864,0.6695879747290674,0
1256,3.956723453272842,-0.7520250498648555,-0.22003869328013226,-3.814092670767734,0.613443568988363,-0.4087629800121581,0.10342548332230501,-1.1312043595069325,0.14326201574298122,2.202846698834851,-0.8037642241122414,-0.6315739043112062,-0.2088429969388771,2.6087280051598416,3.738186263748222,0.8333360973533295,2.7137504482263273,-0.7492897710332921,1.8867697760184305,0.7445604683302368,0
943,-2.613088351704545,0.9029802739333372,-1.4430503851977903,-1.0069644567664606,-0.3186444706976671,-0.837248994058498,-0.8548729926450593,0.6390757891416641,-0.44923921415428253,0.7598592722888077,1.190280276717665,0.9898761216079498,1.2281641949263002,-0.5492560162014657,-1.2149067056801357,0.15046986798066675,0.7598926155387167,1.377740739252122,-0.4213554130172126,-0.08829755317914961,0
1205,2.2277839125897194,-0.30344397607415496,0.34261214707170046,3.9494852487181578,0.5921980060931094,1.5650424011634532,0.8145015053964427,-1.2568672011798578,-0.756663448115383,1.248263511359322,-6.732608741901424,-2.0266714798270606,0.19010712933033522,-1.6474336182800136,3.6460090430889935,1.7922148165606502,-2.1963272748129663,-5.143295472948264,-0.6973300277931201,-0.016765755759508144,1
1088,-2.755594432231959,-0.18658293047218377,0.6798809981641596,2.3401791488756003,-1.2235950713552135,-1.6611036258203267,-0.6772742566818437,1.0381068107113451,-0.11859136823189612,-0.704393628263274,-1.3476678195021214,-1.128260506423082,0.11048605894163462,-1.365442095188231,-1.8765147651931458,1.2730703378483115,-0.3914489055266661,-2.1868993591783523,-1.9246872023416248,1.628713572318335,1
1165,5.232843779280952,-1.6426445024932663,1.773988810185351,-5.773618289129388,0.8768195617898631,-1.6208956118918465,0.2756807799505269,-3.0315299664197446,-0.5483316571632462,0.413972651413572,0.7670739028754502,0.8842903117842917,0.515561917558724,0.9040507027205759,2.895009364513801,1.948648720362285,1.908491568133575,1.5973541089960532,2.1562425941695156,-0.6850253797034481,0
1270,-5.4153302036448325,-1.450951260320839,1.9260155379425496,-2.61059933257167,-0.3937801257082555,-6.032408393055304,2.2262373183083604,1.4332212358085357,0.778221897338044,0.5964037015818106,4.343468832082763,-0.007730348542480738,0.4831542225179019,-3.6898460653861505,-4.476074480618756,3.266387968960193,2.997125241934086,2.660494737445124,-1.860142888598102,0.3045842313440123,1
86,5.121353200519991,-0.3420279554288501,1.172759507144553,4.5394336391608086,1.6518431204504291,-2.5652937758433194,0.13843904066202706,-0.8166037223157776,-0.29386191896686514,-0.18426456535488775,-3.790177388475819,0.5020015930135163,0.04366354089086779,0.584627453024628,-2.3829390841511793,2.570555674430413,-4.29464841124453,-0.5813090956411862,-1.1361054504338692,-0.21394766164214177,1
30,6.509211353432312,-2.361488205204582,-0.18273991228315814,-5.397452403269482,2.0681393301596867,1.4552441626885282,0.1629169195585977,-3.125659451738534,1.0175427205196192,0.9405856541724896,-0.7923781361593455,1.7403848840692657,-0.04370543182539142,1.8596626983990978,7.704907765266563,0.07298746287686364,3.6150237661116313,-0.9515200911911855,2.924264615668519,1.9418605844159644,0
1018,8.664582561164554,-3.1858155504066135,-1.1236905556481784,-3.4904456517618607,-0.31684088945603495,-5.157907439881995,0.9046034109897199,-2.7337745644137295,0.18158675892287945,0.04864528812214661,1.1186329198268778,-0.15796310104159886,-0.23646221237180937,1.072254831197831,-2.404685847380148,4.785010938594848,-1.33563017587821,1.5862096837511492,2.0529743261043225,0.8748137809752118,0
460,2.6801341153096923,-2.221399562446606,0.9883218771325465,-1.4984415012480534,-0.9144976084375095,-2.337211633917291,-0.06699940227417094,-0.716143448304136,-0.11873912927433469,-0.4970693463820838,4.327486651156477,0.3133997130927817,-0.2089694587816384,0.595256551318396,-3.9039127337506225,0.23062197658865657,-0.917670060171863,2.6090645414857656,0.5851671429436782,0.5508532967499913,0
1147,3.381554798454816,-2.3205573045618024,-0.04099596412366763,1.5394924508456669,0.2087445666631833,-0.13657059367819913,0.2953338728390981,3.139903706272438,1.6272805961502381,0.3438378078051929,1.3287754203847275,0.42851577807965485,-0.13947640457380983,1.187445705879193,-0.7060810442604604,1.2375278437149442,0.9341032372943395,-2.0085911329579345,2.70053749245047,-0.7287219495725313,0
1840,-4.040631517390206,0.771265116103774,-1.9104819372390538,3.9452568509553303,0.8468367321308975,-0.18089941756299738,1.6681616214060848,1.1239401632141264,0.5230720130866194,1.5296839274533058,-0.07513310125332175,0.06533675389632583,-0.34565983836881614,-2.0284472140485903,-2.3950627326991776,-1.0360805233171606,-1.4764264605093984,0.5942038946390962,-2.713358340371207,-0.37570340313862044,1
783,6.619601256154484,-2.557501747902733,0.88478049370829,-3.438656972378858,-1.4104958667393097,0.1668227140407129,-1.6834364690112316,-1.517972781500321,-0.49220299736272854,-0.9431281434004574,-2.7744250520294416,1.0074372252174009,-0.659126360538446,1.4945383802663468,4.8678486503783684,3.170358444277653,1.8477845989836272,-4.675713872330425,3.5019135020010976,1.0426120740719016,0
1925,2.1436074803633725,-1.738888837813238,-1.3976214564746379,5.628272326199357,0.9658753184530195,-3.524810486464715,0.5898758758316976,1.455470921462809,-0.32067735887394566,-3.079878990734073,2.041275191567149,0.6680628282129094,-0.5340723847774772,0.6320199086184921,-7.193938084658978,0.15659125811923258,-3.805853002864191,1.727161173910008,-2.077160334941498,-0.6873329612986736,1
87,7.2691533626331735,-2.2246288129282448,-0.6721723983719244,0.4418650934510259,1.2910129992178263,-0.49239838782166645,-0.9153274465359587,-2.626164025933451,-0.26484505013532544,-0.514692489570631,1.2539829353637424,0.21205512882272937,-1.000951753197694,-0.3564650273276151,-1.6706915688120936,0.9678504201565611,-3.937890383962367,2.514262786724891,1.549386594981816,-0.3433532132250539,0
1236,-2.235031657208351,0.7575806207602053,-0.9456925749697789,1.6213631468459475,2.028311890734789,0.5013019802005979,-1.4278955307494225,1.1150570824533024,0.2835741342798908,0.8444709409502943,2.001959965544325,0.6909804594222222,-0.5239698259857439,0.46318732738844925,-1.1133373553675858,-2.7363554324801393,0.2736794854971656,2.5496773356030236,-1.367884580604303,-0.7058065460846948,1
349,1.5232169891744465,1.4441439924401083,1.2629335289354968,1.0461319276536492,0.3511527900383815,-1.604074373579591,-0.6061275343904942,1.1315694422841722,0.2676615579447158,0.014570704024807,0.2927138979930995,1.549202159585018,-1.0687412674429928,-1.2936413109966323,-4.1911959380891455,3.1693779554206447,-3.2144448435680375,2.8545254205802677,1.56630753014954,-0.6515535506893606,1
986,4.137063586338167,-1.5481502442552624,2.0008043061991434,-1.5842990665153787,2.530963933491902,-0.7679372920932774,-1.522282161529177,-2.6399154523359916,0.8967849098527831,-0.9688171987335205,-2.5081664685397262,1.1167702643902027,0.9660061542014945,1.7351425265270648,4.841434877659253,0.04344942463216395,2.011142800462899,-1.1998079942905138,-0.562287388452462,0.7359686687011034,0
1436,5.58460859610626,-2.996403775500537,-0.4209295610065146,0.4191338137632555,3.134235500172513,-0.9371878591287208,-0.23085748018785962,-3.052312668907198,-1.8346434477418876,0.8860186693158152,-3.4134654028462976,-0.025565680046361342,0.18673221118732325,0.2383709514307364,4.838625856855892,0.8856312830107823,0.7623813621814028,-2.340738112617202,-0.9009312864809553,-0.10572295875813133,0
0,-2.1909774378396065,-0.15236082200734558,1.6730988363184878,-2.1984583601840653,-1.2496983302895202,-0.7787854245119628,0.6611012109529438,0.48879952224202605,-1.1077585138371886,0.016058125411508275,1.4688580185830475,0.6176307656635794,0.1423213607777393,-1.6383914708284117,-0.5150026291615117,1.312253044397117,1.366735003849378,0.2918220943164531,0.6036114380866824,-1.3308565966450703,1
854,-4.646785411040154,0.6364012059848727,0.5289164999817565,4.71572972137401,1.5886676288300143,1.0508466202107511,-0.2871702573406233,3.2011342197001205,1.0929763770556924,-0.8548600884728946,2.127705320186004,1.8327949206599776,-0.01359507582034658,-3.0481541781382204,-3.247265845528363,-1.3302598311509461,-1.3280259299028794,1.7295434602268651,-1.15649134275455,-1.3818026358180515,0
708,-4.3216019851805525,-2.1362976873944852,0.6349906451309888,0.1878867532934218,-0.9585616860152186,-5.0099028795787355,1.125564387699295,2.4916479038640844,0.8478299372997063,0.5713237328884817,3.844939939377049,0.6501630064464782,-1.793374070051179,-2.8107667747571403,-5.19191767901835,2.4920363011153963,1.8196623366457998,0.7081695822786676,-1.7308504323205236,0.10308921866800382,1
1208,-0.3563897643511452,0.14840453488761352,-0.9907211830596573,4.93660129408273,0.9087479913021221,-0.39350432123337914,-0.9761656853208938,0.1095843618443253,-1.337439970561547,-1.9694537831055954,-1.0597562979520747,0.6439767235766476,-0.6726522382935591,-1.8440613164011612,-3.0971544294238273,0.04145000755531125,-3.8370203655594417,0.46529979247342523,-1.998261187836768,0.2600734338392451,1
1899,0.26749146136234686,0.6851888014219478,0.726787938029658,-0.24758764464503913,-0.6366535682091599,-2.3769082027322903,-0.14670266040890623,2.0007608193722493,-0.4506094646019354,0.8171167969181211,3.453423216130031,0.9835257527482896,-0.277980882256466,0.606005606814334,-5.6214964075714775,1.3606949009519989,-1.3375832749924292,3.5383024363303353,1.1914686817547295,-0.04487865392105947,1
974,-3.84674012050054,-1.4873963551626224,0.5214751494009167,-0.4578147860954161,-2.238248517153063,-3.8820558228594706,0.6765980954478521,1.3272736257898057,-2.1779791215015405,-0.7220415211194683,2.898508450988102,0.39900189030615346,-0.3481166780447008,-3.1323724364093786,-4.747729769746544,2.6665257158960367,0.5216172464319457,0.3229864124575348,-1.1676581400009503,-0.8370985195341406,1
1134,10.86069259269135,-1.3124082682201197,-1.9746599725067384,-5.511984983590983,0.1394936307254251,-3.2270373787823132,0.6262930925005883,-4.063694716853494,0.880029715798301,-1.1195994169650896,-1.9213065558975209,-1.0195629179768948,1.101577164234325,3.769132315934348,1.7862834736443007,4.184536613739088,-0.5531641283515518,0.7924477557250087,3.2368733486011276,-1.4524823574622412,0
357,2.4485052765026554,-0.2871624309752292,0.6176048130199572,-1.1996178172777974,-2.4344344298486535,-2.423059996744578,0.814288596597728,-1.3733299979334013,-0.7869820390889645,0.043408416552013704,-1.5553061801914712,0.7810684053359516,-0.07342366312648166,-1.0163577125100995,-2.0833908298468256,4.0881945778385855,-2.231243701826052,-0.8344613512231218,0.8822511875559981,0.1304390005384483,0
764,5.002419966073447,-0.29195987532015133,-1.0348604188781574,-2.60815413850189,0.1928888346260048,-0.3003719778859235,-0.9158109234642899,0.2194362197067503,-0.46219717689910467,2.5059876540609176,2.0996584113807746,-0.9375887715022797,0.888432522664706,3.3182029412881815,-0.5139859502502405,0.2820379454377058,0.2936778769470252,1.987022915751829,3.092696712059524,-1.7473896413498935,0
1446,-2.1042446607946945,3.3433203708258343,0.5146671566417087,-4.253681015669145,1.0596329178042732,1.5541686611145793,0.4749004830652573,-2.1275182046202086,-1.9187017564029585,0.2847385162895374,-3.0799531606697714,0.5626419715455574,-1.1530303435585076,0.9515809517482825,5.61865665417153,-0.7896157330363078,2.65697425583524,0.7085207380122257,-0.28271529435441656,-0.49932960362614937,1
1689,10.916764854262095,-3.379578084726202,0.37508071791658837,0.08748568239220182,0.19530907169237166,0.42729927386156674,-1.0285575161248468,-0.49022801731542376,0.6527576815350861,-0.5528422884421428,3.554230102869772,0.6675403461353161,-0.5408765362501445,2.123426580864189,-2.7766238382666195,1.0030974993819812,-3.728723204816432,1.9644462343124274,4.967364301547224,-0.9230974108668795,0
1130,4.770421360767021,-2.338355876511713,1.003372650568657,2.442552675091487,1.4338767521729316,-1.084468342867761,-1.378074045013918,0.4588171981560454,-0.8488873804928537,0.746786685393757,-0.24483480356242668,2.045620120324739,1.835640850276475,-0.005148091031605961,-0.9292866726688698,1.643068563693078,-1.4418048997429271,-0.7717369212578966,0.9648008304371807,0.23866299775007385,0
1760,0.6351481071419645,-0.5984855060570957,-0.8999153859356983,0.12190193983608594,0.9888327748364698,-4.348982543548706,-0.4194491324249134,0.3227672790700089,-0.7121180622603993,-1.4265951362428833,2.4414787404184226,-1.651743555087005,1.6669731611129928,0.7909574423708158,-4.506194582508604,1.0014032844545064,-0.4254444206361986,3.2235852521881023,-1.4008722991797584,1.0928642205545294,0
905,-6.2263621015804915,2.7076168942366414,0.6664633762207709,-0.019506154326470782,-0.9447632637444738,4.503456575819795,-0.6665145971112738,0.36230676323119915,-1.5066355104933062,-1.4258048497322153,-0.769859593861374,-0.18244668498930644,0.004084236032329235,-0.4074923118666932,3.07292869467535,-3.947534139312246,1.3309039296313165,-0.9705299683903834,-1.080260234648817,-0.1664261123429149,1
105,0.9516411041285449,-1.628965779893759,-0.058864939658516933,-5.450871265478171,-1.6013839914915016,-3.617835480519366,1.1576332714797324,-1.863782017530029,2.0872820289135787,-0.6530122591815359,4.7601727524833235,-0.39016040657679363,-1.811268336676447,-0.6037089379483491,-3.0371464213200756,1.7334231098733328,0.8187892384030984,3.7501720691621427,0.7498925204026563,-1.1605614021083728,0
506,-3.1147798498822614,1.6931124352778941,0.10836988281994046,2.7176482031252855,0.3001663841718383,-0.7630634807695771,0.14327894455987045,-0.8813340367630143,0.47000738265737785,-2.467313085896681,-6.2620657192529094,0.4282201672527084,0.7084175977109891,-1.1977630220894064,2.184954520350048,1.1443501494815493,-0.3263186657293047,-3.5542268581607734,-3.5345822142475396,0.16117294753828734,1
505,8.433536924340192,-3.8709822095824626,1.4948578783539523,3.9699820522299194,1.5983760117155943,-1.8184441558673343,-1.7238031870456658,0.17946173897614703,0.8249184216749739,0.5340790624444572,1.4901681297503724,0.2430087008818653,0.8462747624798375,0.8147097830700631,-3.7692266282880786,1.4777728753622088,-3.8310322375632735,0.4392381968576522,1.436844843252457,0.048966681268613844,0
250,0.19306813566613337,-1.1082772339890314,-0.47647896426499736,3.697527006973507,0.9748664099421094,-1.6933235876450263,0.000741028201037014,2.0920746692422636,-1.227779073217635,-0.7674433394993022,-1.4289559998581391,0.5217130118983259,0.13258169891203558,-1.027000540785906,-1.3594622560275291,1.9778611045950973,-0.36480572526326527,-2.0537181408084026,-0.6937448210748576,-0.30849590131956944,1
940,-0.48858629147953425,1.9710521127508902,0.008391443762612543,-3.2368105147013817,-2.1310648260580245,3.596832154904183,-1.19419447033642,-2.260659473747989,-0.10413371451913732,-0.04505262539158957,-4.04807061667815,-0.09636605359862686,1.5658896220523928,-1.2473453696719794,5.418342757054579,0.9343757139072717,0.2433843794183228,-2.7465882647719555,1.8436718961740857,2.6636215721312357,0
336,5.178006310783964,-0.3267019642682709,-0.4353335816766244,-3.0919610185231114,3.269728396628585,1.298097317823612,-0.0759927932875523,-3.2204323144847224,1.0236007747275262,-1.748147629298245,-4.664096917391849,0.32452386098733954,-0.3648746454305943,2.1986042094198863,8.655657079654887,0.15739029868717247,2.8860067631879978,-1.8867158065798648,0.933090063549152,-0.5835811065129072,0
1349,-4.385133436906738,2.2769499974502665,-1.0772985358594331,-0.44751138195503826,-0.12624114083328064,2.7871033986266727,1.6960543419013467,0.22786409957093523,-0.6130475306511582,2.2423785190997374,1.4422483058227817,1.438593378673617,-1.171888498635751,-0.7597427088757506,0.29168780365025515,-2.9314242820749365,0.057654175724286105,2.096846670149403,-0.4567147263976603,0.4635102473633616,1
41,0.9177310342270438,-1.8703463466845993,0.833893318776143,-1.3457893012303592,0.2027939969400172,-4.624314576684402,1.9774228759842638,-0.026222187707973243,0.4934166461334126,0.17076937162509362,3.8921338462288673,1.7396651853355287,0.4592496725546314,-1.1360474507068847,-4.790080670859794,2.305603062648207,-0.2680854844183661,3.4040646057465844,-0.3179438442148157,0.5518836424857858,0
1036,6.892883943110928,-2.6744107053729738,0.03361284202290054,-0.08247190507143064,0.3406527400642514,2.8344904165051235,-0.64897155728981,-1.3549372581112582,0.08188805966861704,1.393851709849969,-0.3009214851235845,1.3996258631936138,-0.30756606420109633,1.300737086209006,3.2265182449783416,-0.5961464950196091,-0.7896936331634099,-2.0359441157653033,3.0073928406597656,1.7221751196770325,0
1916,-4.386409777525367,-1.2499045196173872,-0.26772324090764865,2.6374737383437092,-2.325438044576236,-4.642432678996239,-1.1881193086562212,3.0748591534894296,-1.6204918772631134,-0.8597800427280801,3.077723825171046,-0.5057113910843896,-0.1265697489431402,-1.5494638669718,-7.496701577889888,1.744642123197749,-0.4326379775480096,-0.024372364418199455,-2.35062587156376,-0.6764113968427449,1
282,2.9123507750643354,-0.1435594957399795,0.08383541728984988,3.79656300091499,2.4948150386103425,-3.1607177701991995,-0.46340325575401037,0.003636282853728412,0.8188809222386827,-0.8263251373238923,-1.8340039046561556,0.6178257879683221,1.1171741504679276,0.8338721936467146,-2.798506002051851,1.434470418937103,-2.541463102777376,1.0174607858233402,-1.8577496278209336,-1.1760625473218784,1
570,6.449416654578433,-1.237165369107783,0.33717826095808084,-1.1358711599354092,1.7688895740425798,1.7341252253587311,-0.605656749849895,-0.9864176660580704,-0.8862584247303475,-0.3120924485897863,-1.8580110441863045,1.3575605610155907,-0.371012253447823,1.6706827931418424,4.459161280451558,0.7465451213606114,0.5623971310241695,-1.4039889069329445,3.0153649773797238,-1.8643309624336755,0
330,2.304117470729272,0.4815841523676544,-1.1694727611637994,0.5951555046961866,-0.5118008938832177,3.169859109337507,-0.0730143888509722,-0.41506545303659514,-0.42383504361136365,-1.9235483409658307,-3.3411567051654822,0.2593264149353446,-1.0414712715972612,-0.6503390480302441,3.306104806614486,0.9587347783130749,-1.216854860230404,-2.85161073719307,2.2184271113231455,-0.6301442994031338,1
815,0.8656678640512244,-0.37123799256221,-1.2702733821490841,-0.41476688992284033,-0.786599413181456,-2.614804377811342,-0.03700467320558131,-1.8951577093277485,1.137802911701406,-1.674782344788057,-2.751201569349201,-1.2262772420755244,0.9463112896270786,-0.8288930488310542,-0.08379050160986093,2.6946140961763194,-0.7542031711357058,-1.4293543601763465,-1.3469580253955278,0.9183081805590454,0
304,-7.448612738365484,0.21427618877540422,-1.6383800299019056,-1.0327742656603458,-2.184820713814675,-4.2668953757704395,0.19333696290777772,3.5514625974908713,0.4136759178247351,1.3670510751606102,4.351961813796106,0.3555465787569453,1.0054258907445783,-1.388189191314001,-5.65591643504722,1.2293445122539788,2.7659336008982915,1.4495735873327091,-1.756360705462762,-0.42813635654032384,1
1049,3.5226958789439626,1.7882359759380635,-1.1063767118192993,-0.9668012350669454,-2.903616766080396,-1.1842976794048525,0.25369227193253896,-0.5023467091142466,-0.39432498687688866,-0.8133700132766563,-1.3318001134502353,-1.6963414334696516,-2.1178671250313887,3.3512940744943225,-2.98399102054885,1.706736749406617,-2.8261131226410403,0.12148817625877528,1.512298643212567,1.196253460660376,0
1901,3.8898397279006933,-1.4107405705706064,-1.5839644392607246,-0.5759640127909779,0.21632863739689667,-0.7601259368040464,-0.3620224900254856,-1.506571844386237,0.7064082316917233,2.4777431233247262,0.8720746726296059,-1.9628947290749392,0.12804219444605255,0.6663415797033373,-0.7360195332027638,0.36456821170681253,-1.2957700086096826,0.9869119499738453,0.6756480207212789,0.6023341122729049,0
1060,5.3214664515475505,-1.6345433870920119,0.4160056562395186,-4.722862442866561,0.46124687442024126,1.2856846724403748,0.21294054340559077,-0.07126708403811577,-0.019481264139121397,0.024224827539789565,-0.8424968105560735,1.8702194020590692,-1.8899834661595045,1.8910058400582033,6.044194255773834,1.9092072117660772,3.973821638644901,-2.4654515487581437,4.577931247831906,1.0953667083497738,0
1635,-0.19523847713714013,0.37977859405384873,1.4031913337899347,4.047309587354497,0.9891116688941641,-0.014007225268036508,-0.6001776987180651,1.9931065399616625,0.17871587798463862,0.6088457106930545,0.7012260378881163,1.388567991330291,-0.5886193667649978,1.6699168206594677,-2.876625332839994,-1.861377614926833,-1.4767920736996922,0.6295868682500071,-1.1328551279535963,-0.21974279921821938,0
872,0.3173011973197175,-2.0145648927576865,0.510065356741359,0.28049934495852924,3.9983138567581396,-1.6480081743900405,-0.044254468802783324,-0.5082036163234085,0.10826984527855878,0.47007510593394086,-2.159798512647623,-0.25404203477062676,-0.9688146718762382,0.8551107416628451,5.039873687878874,-0.6160135477269946,4.457183666940883,-2.060426797016742,-2.5046737753312196,0.670608302707796,0
827,5.555646327573866,-2.1744790146256103,-1.0386154814071018,-0.45605911049008924,3.795590291053272,0.743648598441166,0.33383800865112295,-1.9364879552133778,0.344769128997687,-2.03650447453029,-4.095997016042585,0.21871417613311483,-1.3635809967770751,1.9592068793673827,7.669169560468389,-0.04548787577693214,2.9263871995802946,-3.2654309857438535,0.30316828470305357,-1.2462034099525303,0
1579,1.2463831752143828,-1.1944504090275148,0.15896818206367208,0.3629152399371666,-0.29482618933738713,0.5047367378645066,0.5859858579645317,1.7166752496554256,0.008616614945981269,1.1299383212939362,1.2625880264243625,-1.6979144671657815,0.49631567924921477,-0.7148411156634014,-0.5081442422882202,1.1226827486244746,0.1900787201457398,-0.7309851072568891,2.136758058922068,0.5742829132863464,1
1832,-5.298127048384322,1.3127599687018687,0.006167013550120304,5.121296317681037,1.8993286945958026,4.476862024061671,2.6670342556076605,2.1174032153509303,0.018396776712027253,-1.7892859484397154,0.8511175118703057,-0.3708255677372441,1.1152474018023883,-4.082443433160946,-0.2869313906594141,-3.0896933410516403,-1.9025152206516018,1.02985153016826,-0.9602039716728726,0.07375776888113458,1
1285,3.757968984490009,-0.4907329354020281,1.1146776462490637,-4.353968921415956,-4.473254173906303,-2.605515973509013,0.9961898097151745,-2.3574653233697846,-0.7060845909453989,-0.4382893770608936,1.9420677393483177,-0.9826143143872739,-0.5956452208874442,2.178636443469732,-3.8313083815310742,1.9803495725986895,-1.9528379027921305,1.2057786266370873,1.6079084529243564,-0.3615924094929039,0
1040,-1.5296549419024266,0.09454889569980751,0.5160681233972694,1.0212921671821842,-2.445697919020426,-0.5256710139263993,-0.09926434128978047,1.9738450934255916,-1.2049641426636337,0.9906631749619041,1.7992065618960853,-0.9745854589864651,-1.507380348769706,-0.37342486259466623,-3.9426486016047555,0.667210680431452,-1.1876868430558134,-0.17027128508057388,0.5770472106974462,0.31100473055407885,1
1061,4.7295096554883385,-2.7429784867100233,-1.431682633900307,13.937419357054935,5.155609874391442,-3.5491331540220545,0.38375364033715575,1.025080305926147,-1.880230691326149,-1.0260496526362497,-6.220830018685728,0.20412270643654007,-0.7183998483922226,-1.160113299048406,-3.879345129199271,1.7143361517371454,-6.338393067926293,-3.474910046623803,-5.281271055625043,1.0975288884109684,1
374,4.843427157959566,-0.4236312679396992,-1.291588942904966,-3.789566781437934,0.43089654967212665,-1.0333152742426517,-1.05091765151994,-1.9653253629711935,1.058585623770139,0.1015511712864348,-0.3968818029286104,0.35712520225140165,-0.34175829462167934,1.4190275714370044,1.761293501118841,1.9378734034979814,0.5089197965424102,1.0193260836855205,2.1600323330874875,-1.4254174231001935,0
299,0.3730094871165943,-0.6329303884756112,0.08608247331936558,8.603967356933147,2.166670050926779,-2.1000710146066988,1.4128551818673083,-1.4000989054398727,-1.380500058144582,1.3576780599101816,-6.926221783236205,0.9911707168875324,0.34261058624602675,0.5969905584661992,-0.2462690694166931,-0.7855505319030691,-3.235269753712951,-4.365098168072939,-6.500258396406598,0.2186018661503337,1
916,0.25529973703852277,2.841197994818141,0.43035599657736845,-2.6251587293653844,0.5286007132514612,3.3108054068166393,-2.29462938105866,-1.0313836466036794,0.7388357125077923,0.9293768866431551,-2.3850640358390938,-0.3720053687092755,-1.264046731530372,-0.5655603369468372,4.1781789655252215,0.40352438162500914,0.06458656416839381,0.6503759875157462,2.4130010851596064,-1.0434197573788604,1
1389,-2.8998869741333784,2.796536352338627,-0.3774889076675376,-1.6446195125619032,2.1054825808238493,3.7763413681451,0.6068298728139164,2.086808233641956,0.8606512677267595,0.20194547078878353,1.0482135450560077,0.3554155813890053,1.027528727780803,-1.9377505432723134,2.7699734408952956,-0.5650499011272728,1.6443162330269216,2.651549610793154,2.879382311265675,2.24296989378706,1
1253,8.42805229874568,-5.942577108218508,0.9883672617228301,2.4521900637207823,-2.2691621151919,-5.01584615560935,0.8125831445432431,0.08327660518462032,-1.00632290804797,-1.5587204488325455,8.619835089990453,-0.6181425112306188,1.8860922298989193,2.711318502846201,-11.70819480313797,-0.037701951798461586,-5.253203475869105,3.640109241203948,0.7573071664781534,-0.2939464766629556,0
848,2.1644366990973483,-1.5161079667974735,1.6328019608649815,0.3696725370246278,0.8258984156544322,-0.27441290268428276,-0.23853571614606625,0.9018986239380289,0.2554247630194237,-1.3111867226615037,1.7739128111863023,-1.4250672617609994,-0.477244870128371,0.38918569589656715,-0.666583592640128,0.10692822001176183,0.25524176509112295,0.4686798552296525,1.1583217453390262,1.170620103017671,0
1245,7.605851155732589,0.8326757512850522,0.6240622755320802,-2.9940347801660727,1.5036740850393628,0.8347837324889243,0.30329780882021623,-2.6376217915645226,0.09328866692533752,0.3237939005897171,-5.876350862628841,-1.9044887284125718,0.7821027089716196,2.564732268488175,6.39236091803867,2.9531329387478764,0.34741964650133106,-2.0826784808907846,3.0904781826547345,1.166588007831642,0
217,3.517200672545241,-0.03202986721607326,-1.7757691655880483,-1.7966916883524604,-2.4542917520056338,-2.850149520965967,0.5753111473004173,-1.8953913940291018,2.386098169085942,1.3492340923297388,0.7202540322405342,-0.1599328395894921,-1.8557374381525005,2.4330762717046195,-3.844485556939778,1.3253813886170673,-2.432616898065593,1.4477344029158408,0.16900909722151025,-0.3428498800340105,0
627,-6.195270570066282,1.1089994827298302,1.5683557205592604,2.8091102007666593,1.2892388940029984,-3.792518486503663,-0.4140413027821166,-0.42154792135831687,0.7017424758306038,-1.2410298802513744,-5.928113558943312,-0.047021859240628225,1.5785340264975216,-2.6456412161229657,1.3454626892463033,2.1344509356367114,1.5497146710659435,-3.2357061669464287,-5.930355171320821,0.06671579055130476,1
1704,-3.2831619969862573,-2.38413243515567,-0.035989296353904215,-1.5208250029652057,0.07502079462022482,-4.862164634639112,-0.33560812204477486,3.39870149845356,-0.411156897544845,-1.944165407225735,5.814609122211829,-1.544021112008978,0.6790861752280055,-2.6822654061427373,-4.81775107609402,2.871476109957996,3.119040208561785,2.3645236073182483,0.2060601916949576,-0.05254078353490701,1
508,2.9555449076032976,-1.9274472262896276,-0.029606149885317675,-2.4875840520432284,-2.229777215399361,-2.6788804278389433,0.7071233293100556,-1.195110589922563,-0.08323767322575962,-0.7035317220185441,2.3738080975165685,-0.8154531114070973,-0.07522846896621256,0.24513321080083272,-2.9918979617299755,2.0565778284485194,-0.8446763848853684,0.8489481310192983,1.0832836650592983,-0.4858177406722973,0
1682,4.740419588603762,-1.0380705361177376,-1.2730521122565324,-3.5981047493808496,-1.5481150245255557,-2.7793685465072024,-0.14824978661388655,-2.2084021728680874,0.5200262859625587,1.9919494879855402,0.5505152217655006,0.25487214700166116,-0.9769566505442493,1.3352882283995786,-1.3627688892670122,2.707267258564074,-0.7960428114616162,0.9979620648699726,1.5126584049637075,0.5135373520559892,0
573,2.785846323490893,-2.063599954329404,0.3857959943074135,-1.647554694603878,4.064030283741797,4.158445491090625,-1.0921113556975486,-0.8789632093194052,-0.8732578980431839,0.8433323107954703,-1.9814302320272725,1.0930878077089483,0.007782385837770091,-2.741651191598468,9.345262295672,0.2758819026576427,3.5039749926804005,-2.213001205959771,2.887509587372058,-1.063884076240889,0
1546,-1.6487284374313345,1.0090100505116502,0.8568996203592062,0.07005117052183464,-0.36418577465106994,1.6107551433705365,2.3066126964439286,1.4590681704844268,-1.0059171346601319,-0.7661512825136675,2.838303763246391,-0.20368796201214615,-0.611899862480062,-1.2540163959909147,-2.1663357863383887,-0.7106249604843877,-1.0692781650813734,2.4961262427890247,1.4949351663327852,-0.7194365533802507,1
494,-0.1688046071547779,-0.22500531146254876,-0.43744386869723156,0.3864702237971383,-0.13217921557532297,-1.9854103530873173,-0.25401165721800745,2.413906511151587,-0.5127758573877326,-0.15026953805159687,0.5215580904050227,-0.7436073948190538,2.280931765031816,1.9629935478494067,-1.4439934936669474,0.7920621466164226,1.7252394573125178,-0.8076615941080039,0.1269346783912657,-1.4244000998411728,0
1646,3.722440334269225,-2.529267068963934,0.3978152049037165,-1.5733071095766011,-0.36041601615736907,-3.4976086120857244,-0.6421143745703655,-1.3380722164826866,-0.333443885962978,0.26720373220004057,2.6841477214495026,0.8396261726962742,-0.7734593935976721,-0.755591071129428,-3.343551638228967,2.491830382684724,-1.241511634596462,2.0923215200968466,0.65552036867847,-0.3066547008019345,0
907,2.7586541821527892,-1.1328542858821966,0.8115133472213175,-0.6007016868300052,-4.236355069502997,-4.810837657289836,0.2750284470194812,0.7569439260491111,0.4934848452437046,1.614860603405674,6.115449190028012,-0.8224118089040154,1.6882137263583592,3.482622686004872,-10.592139232620315,0.6032674905217952,-3.4162851130689664,3.655510458472068,0.3801915154150096,-0.14765842531238302,0
108,-4.66603222910581,2.929274891728315,1.5907153704213384,3.438896844973156,-1.2294864520770554,-0.07361139468068077,-1.1972367150667198,3.409597479330846,0.6296922011561772,0.5717481777799558,-1.929716006453304,-1.0461248159219203,1.1588460904846043,1.977143512447023,-2.240908475178058,-0.9127024069040395,0.026112512599259285,-1.8236491051115515,-1.7654310819165824,1.9964045123499154,1
1722,-0.7599514307149433,1.7225048792306863,-0.8766807313144147,5.002245317423934,-0.9595537383043585,0.5096864377448145,-0.07375648359642059,3.030283882280456,-1.2413010639299107,1.1923387221684132,-1.1863248490916425,0.0030928456269530475,0.42536418549807536,2.324015673723062,-3.614290790273083,-0.9826782981031699,-2.4724471075832066,-1.316578809837145,-0.5960269454366522,-0.9726676525027897,1
418,-1.2184552854399047,1.305544063100168,2.008679714277899,3.2524081698428433,1.6112691956681329,2.4409766383463576,0.1999384187410135,1.6658488672047969,1.0017921755181678,-0.07497367147829295,-1.4778265455497253,0.1772257535237344,-0.7013959384920013,-0.5372884540012415,0.9710571574926201,-1.1402158063476748,-0.7566445528387821,-0.5398983381453113,0.018778146784325545,-0.22278428457711488,1
167,-0.3914301156516361,1.4478490842282008,-1.863829827828975,2.522161431719552,0.5259272176160718,1.173461016689452,-1.4587248402670039,0.10099946643015834,1.6217831447250728,-0.9576765241753554,-2.6970681961513647,-0.21075997476313643,0.06853666749642343,-1.6641065255478007,0.0985931057330801,0.8877014378833639,-2.3446144998781167,-0.5403224319682074,-0.14683197655182223,-0.07517578519974479,1
1092,-0.01528740135994389,0.6695099189654228,1.5299342475812827,-2.609747826161882,0.3806081314798737,-0.5408051277555104,0.8440682200526439,0.41195822455341613,0.20112286848872413,0.6919929074408764,0.14089179921521727,0.0629480113954502,-0.8425664424572566,1.6359973425735954,1.562663143078584,0.24879376262561426,2.505449554764114,0.3938014055584924,0.800827961369847,1.924729847461132,0
972,5.381537587792111,-5.278584213560615,1.2879801442121115,-0.15037122458532115,-0.6683832306138644,0.45533254682956975,-0.5755231089391337,-0.7380666104430513,-1.2557662163916377,0.6874270992902317,6.610934863277144,1.4959553611377974,-0.8879351210682971,-0.0879189943409191,-2.8404592427941098,-1.7204342139191438,-1.405641817778723,1.5362796843330289,2.1087282792409177,0.7641615088905135,0
1161,-2.0698452039493453,1.2435765947116395,0.05448325557183465,-2.5356696597084967,-0.9131952378481683,0.3487793881987682,0.6100828524116362,1.5766192575160924,0.3908831648697578,0.7149611578608885,-0.44693946284199115,-1.1260692391061697,-0.0542644871773391,1.0976955903414345,2.007970910481645,0.5463461415698123,3.1862465162091613,-1.2637289732529031,1.2223021744216511,-0.7229035508247382,0
1477,-1.8352734391922405,0.18772283977669124,-0.1800746454246701,2.3091954184426453,-0.3828464848505593,-2.558100542649654,-2.656595831923868,1.6876915978235758,1.124847758321261,1.399410962016094,2.3106872036508643,-0.06377760647169213,-2.1523166092660797,-0.7964381961053699,-5.779170720832922,0.6516441558353288,-1.9206061530517808,2.2251165913986197,-1.2643796899804893,-2.7484435890143013,1
103,0.010861713397742844,1.3047862749088668,-1.0817977241791206,4.814057332565277,1.535890050281472,0.7639969114435383,-0.11280808278550576,0.7865844976598706,-0.6635906081250723,1.196917105234239,-4.4580776329603315,0.9656796815605098,2.0574686069609873,-1.231804397823686,0.4098735969948081,1.0849124993007848,-2.4743036798510976,-1.92750046453724,-1.0150456066345361,2.2251729728093803,1
1298,-3.124973951407872,-1.150256668984011,0.18623187309261935,0.03146894785140551,-1.270013489852881,-2.21496548252189,-0.27573059999084887,0.8349918360841019,-0.7309917068079326,0.3728372674561304,0.23419960008303853,-1.0961699598629289,0.6607474390661041,-2.6889143095658197,-1.262881480834217,2.1711432360433554,1.1586004176254816,-1.5742986773770644,-1.1210072501407262,-0.9537439729815137,1
1185,0.926270882402957,2.5363279953634437,0.1887508022154428,-1.7616386442361496,-3.476240731892198,-0.1400567789675629,-0.3258204286983414,-0.3574554049735137,0.8673737963363092,-1.1696464498352146,-1.6242993955790912,-0.14417589493401767,-2.4506254389881357,2.9107025683322956,-1.588224129515714,0.9428424884757826,-1.583200889267561,-0.5517361317300971,1.1702915937000007,-0.6331036344766953,0
558,1.6152964822550644,-0.5388703545660667,0.5850119529204482,6.63764634621996,2.1505873569344325,-2.6965212087804775,-1.2409665228446713,0.30207835484345025,-0.06068777890456641,-0.38164265104027034,-2.8728072102214175,-0.71243266695579,-0.9949710350722586,1.0253466681775572,-3.0786298842705757,0.015417436900193371,-3.131149969545198,-0.9443776788495784,-3.719678446229654,0.3581871255178446,1
1246,7.652414154853167,-0.5973720372876183,0.8788124980546319,-1.6919712536599236,0.4092905545981447,-2.108602944508087,0.12866093165881307,-2.1239722731248305,-0.7901196171664111,0.8173965916171354,-1.6880849747017763,-0.45202629888508566,1.1690149909957326,3.2115722971984746,0.06789325055574598,2.3111466298907586,-1.5001558186986625,0.464324786866962,1.7041585846045026,0.9647415530684594,0
1162,-1.6529298794244631,1.7825524297112154,0.22790283455669827,-1.5410419080212119,-0.1750949105526618,1.1535116974819688,0.08076187146680347,1.1003463668705904,2.132028031874259,-1.1681105424023919,1.5821122589785908,-1.5481112055783561,-1.9265221501932257,-0.09584792948083554,-0.4796823139572338,-0.3443631365403318,0.385738335800315,2.125787016738114,1.475975415382722,0.42180175267544345,1
1395,3.5752883208399253,0.6461987521871129,-1.9171374299424409,-5.669324086562754,-1.695155394486925,-2.105564593073157,-1.3113932544627303,-2.1003693032143858,-0.749413959982886,-0.4563851654960594,-0.6795297515196794,0.5326186009257872,-0.5615830546983636,2.0706881198191436,0.7994144033817777,2.9131186151875186,0.8321286503211875,0.7730444855107761,2.163419551046196,-1.0156486462620657,0
976,-4.224034304060094,1.3803243070011488,-1.2913309233011059,2.21921755796155,2.4626795565779966,3.8270537677214898,0.13639542628270157,1.7958834504760093,-0.1641752378282213,-0.8161887403559195,1.401060782057079,-1.0744807016237061,0.07284661456340567,-1.7265906214518463,1.4787286746219328,-3.5001487544493615,0.6117499820768373,1.6512562398561026,-0.37350713639616373,2.017552412337685,1
44,-8.724775621831936,-0.19713555888334455,0.2816324999076648,-3.6691045542454512,-0.9396208934544652,-4.6591818358977335,-0.6307626868475037,1.482024292111841,0.18851013694449703,1.3959936849529049,2.1007972480686896,-2.14003940565492,-0.046345308010377596,-3.7141442709107992,-0.9781927279887801,2.580954418411478,5.403891892420978,0.34179228724502786,-2.6015188037811496,-0.8316459011313206,1
1647,-10.597363520247521,2.2872491382450706,0.6121065789227856,-7.675994462496525,-4.150789796273074,-0.6589294821244922,-0.1406752271459525,1.4996359393943992,-0.43619782868236756,0.5035784296059165,3.2933652885941744,-0.20703605919162416,-1.0244373209979616,-2.0931091130249335,0.7892729115620555,0.47735840234197346,6.336995271582372,0.5381669756207872,0.0740857348729409,0.8359940365270732,1
1119,3.870721963401046,0.564666808415528,1.9902434649219758,-3.983195341391891,-1.03948005493011,0.8234498415112022,-2.091704941715089,-0.9877511266137126,-1.884985312894625,-0.37682171402887354,-3.8404044709987972,-1.1348644526558367,0.39091142844881344,2.746460758077347,5.335170750106166,2.1155220014212226,2.384087347786782,-3.384044219203945,2.8777120459339063,1.7524393707316888,0
1065,7.026742431121855,-0.16543604459235728,1.499091001184524,-4.271164202042495,-0.9810530171688847,1.8120950908142495,-1.5833851315055845,-3.3606913616448097,0.38690612657991214,-1.6184786134519422,-2.8587513724246603,0.04623428994259363,0.6648085274995232,1.3032439196231136,4.5488248668812465,2.1807691411019077,-0.7510204804933696,-1.3471855600232512,3.8933057881028392,-0.26850795323204213,0
1662,-3.17341854504377,-1.047368358797924,-0.8723292214632165,2.8985845607623637,1.3697221847094512,-3.7981414955521595,-0.04422468428746442,2.4135735941057996,-0.8308398350414996,-0.03898286880374916,-1.3212682287007298,0.7579925337457933,-1.3453823050570615,-2.072790709336365,-1.3887197920199585,2.6135167976273377,1.7707521643611894,-1.9287073151481597,-2.5443642586791553,0.6177183201437053,1
756,3.8256512751931595,-1.5834830462862983,-1.7832764424165475,-0.4609060529275514,-3.034367551545955,-3.735974556962054,1.1968303155556634,-1.3037071618836307,0.752458214796732,1.0157544224874613,-1.1404276795412471,1.8549734862480898,-0.11458158014591747,1.1041883452080565,-3.184028144910595,3.423706527892066,-2.0057886120017523,-1.9119128780738395,0.024137968310981472,0.6757792730377681,0
1598,1.3855899290112175,0.29846484955838604,-0.6717393121116373,1.8470421116811655,3.4794094727993823,1.6512633925983455,-0.944355976364226,-0.47554935405163756,-1.3235503028707833,1.0749200795042286,-7.083436266377477,-0.21154229749359765,-0.16822466452912332,-1.1441183139744049,7.508037980379816,1.7020879521604941,1.7148573567160916,-4.461225523310727,-0.21934164105887466,-0.8056198001233787,1
485,1.6425106040765358,1.4506173613125704,-1.1607786307598602,-1.4804408993530251,-0.8970127189337096,-4.756059408391196,-0.2069962405743747,-0.11526797496001784,0.5179192592490186,0.11868582464715643,0.8634560356136,-1.8692218429399572,-0.2550675986963282,2.8128686698120333,-5.208912895995096,2.1386461020942864,-1.3863131082290727,3.2007855519567867,-0.48107263837997793,1.5528962217693385,0
1514,-5.612683033721403,1.057102374987788,-0.22465604750476884,3.31181571690005,-0.9362498476097961,-2.4878935152694877,-0.02204999154405987,3.4389328322935815,-1.661572900612951,0.8048964697996983,-0.7402060891067808,-1.4738292548633594,-0.974945038350471,-0.3022640897025264,-3.389276062132369,0.727584183337717,0.8552333254998148,-1.7575275043138507,-2.7128927560593805,-0.14419981234830773,1
1964,6.4095118072716275,-2.6519869831164433,0.5678293826553282,-1.7353203872153262,3.4950760697788112,0.885937028023519,-0.23733268255553455,-2.4669290248322913,-1.54295780187997,-1.3433853381129586,-4.229601942788174,1.5640887217691097,-0.4444374525018989,1.4350906212192591,8.702728835530584,0.7967138609905777,3.335254483795689,-3.6792652175050393,1.1823259739434562,1.7418603106176522,0
1849,1.22108211875804,-0.29746699805458665,1.080176841276502,-1.343504878053601,-1.9787649381105372,-2.365266497287199,-1.1682148967489714,0.36598536975789275,-0.8360481590999475,-0.07901476087044375,1.4534974542969425,-0.4450319724198761,0.4187464027911905,0.07215942184875423,-3.4993286735833764,2.461951950822302,-1.0026891783313205,0.8702925082073553,1.1586478772744673,-0.785035465233291,0
1967,-3.382944760655767,1.4671767208936966,-0.21596260425502647,4.335756184934776,1.6804679199713703,2.2748613095331205,-1.438856510646732,0.08723624845673861,-2.16696005795366,1.1891375426231265,-2.6580468707769067,0.6643600089632254,-0.8311555841158275,-2.1280449362016642,1.121953705358254,-1.8403151816068202,-1.6392327533288358,-0.7447922783908925,-2.485433826633682,0.27533111482476574,1
970,0.5768453868092084,0.4848882380179831,-2.57649835353401,-1.7911733598270962,-1.6484456479238334,-0.6654954012530633,0.5616581796620821,-0.6046936865601952,0.07026816808364968,-0.23086109582238076,-3.2333795175925513,0.9711809516316786,-0.1541729695407618,-0.6315452457720625,1.8693941064138557,3.2146396260707535,0.5211255980328988,-2.716446812421299,1.0001580687426899,0.15095197509911368,0
1948,4.470799753473379,-0.23927953490471154,-0.03802373530787116,-1.3892699306412377,-0.12376815601536528,-3.7661360230138152,0.5574749987442916,-0.850426574280896,1.2565786873967764,-2.117437449392337,-0.8774256859122463,-0.2203062880185886,1.4434832388979602,1.6929004378619779,-2.088899270309392,3.4052451335438696,-1.05377116974556,0.908239942059777,0.7812207674980267,0.04876637764514406,0
1998,8.431819162978616,-2.2259842682263096,0.7493737861601882,4.696052554137799,1.2759441479055287,-0.16031867259211469,1.5869050260785698,-0.13048194431672944,1.1358343673485807,1.6454785651611563,0.5136244222390881,0.4056440985375685,0.6298082643698688,0.11284474429230662,-4.119576487981209,1.486349082906333,-6.068443620107589,1.1630660325538993,2.121388162016137,1.2222946076077996,0
695,8.794534976419639,-1.1676479819641845,0.30418956139734804,-1.0939461065372549,-3.2542118717507673,0.3377806065777277,0.23303541838384095,-2.281096720735773,-0.9259992912658209,-0.49385603693369956,-0.7498073732189067,0.5823359134706511,1.3401238776965723,3.611893933307951,-1.5056924840780304,1.313530699359991,-3.9795644616605763,-1.2783003781221414,3.2547969830042844,0.4136219269450098,0
1539,-1.2042301709756242,2.1796046047415047,-0.05294930882786877,-1.5254737520421284,1.5675709474567947,1.7327818509122646,-0.17279275450092849,-0.9181761863038218,0.44684939270397717,0.39092272771226083,-1.2957344887728748,-0.3161634144202483,1.1566980251921055,0.5454872748503643,3.1534648668078034,-1.4242123597911742,1.077526726557918,1.2979963793779459,-0.15050524165765078,-0.2530622849988706,1
92,0.01957074525507306,0.23586678154473473,1.6533958396604946,1.3264625810485802,0.407070814930497,1.2220144420543915,-0.17320318380978816,2.8680394337146216,-0.985929504011059,0.2772628828785588,4.090621305536692,-0.63358047506881,0.300736277007655,-0.6082645433286666,-3.611524135272921,-0.5423063933667107,-1.3921602859300681,3.008962537490235,2.3657110085972093,-0.7172902531297551,1
1163,-6.710722554001747,1.1139212301344261,0.26586556434720726,-1.5916240018066643,-3.993704935218085,-1.0849115877596052,-1.3537282262078107,3.449314748973421,1.2737985380842374,1.2643518145105357,4.163873733287262,0.3506529874281697,-1.697614352916002,-0.25880780627161504,-4.566330569550161,-0.1697642743015626,1.897600784940561,0.5045400400116162,0.07468715137175708,0.4785285153611007,1
603,1.4061249814102001,0.9247942736731809,-1.17021165997369,-4.076831579319895,2.4514155300095695,1.7049629783715285,0.18722947355852002,-3.5932970601966017,0.9974650410706258,-0.47859913812343674,-5.644557817072477,0.05523652547448235,0.9638649844295226,0.4989931690198681,9.717100367525756,0.29855964098990584,3.7027955279604274,-2.3464727741321756,-0.04638071021606072,0.5104968375607561,0
966,4.932891869592186,-2.020516005613307,-1.590834956207155,-0.4228855124494611,0.555253954993749,0.1679744813863119,-0.3145445126139202,-0.11816410161466828,0.026571580243671962,1.3927580707021168,2.5220000699095944,1.0586319661034584,-1.6351038986270814,0.21502347509271702,-1.1338075046352278,0.6289605903507169,-1.2610128190095904,1.4854826639343743,2.6306375131787654,-1.4399412681430828,0
1333,0.3206932102589328,3.176604754752213,-0.5428640008711938,1.5019340366473746,-1.0086023635238626,4.199159066298694,0.6303628758088676,0.5239646293167892,1.3127676714792984,0.11566387777782453,-4.402922823352814,-1.5954225054307112,0.6447120246976671,2.0438381010920126,2.8851919357773843,-1.1040502503984766,-1.4032795158264513,-2.7163913153983588,1.3576519326051746,1.6129588575140135,1
214,-5.303186103482453,2.614451551154577,1.5996195677266507,1.3069027562609026,-3.5369171797508816,0.2691791489464399,-0.35896713120507096,1.095313132040964,0.04616352953358766,-1.496586905490763,-2.041305604318528,-0.6994909250517802,3.904137928925979,0.11549311615056057,-1.8872774794952858,-0.25261282933431306,-0.8067938444467382,-2.289290738800326,-1.7946298484440755,1.274480664492576,1
844,2.8936343972831335,1.513766995551376,1.1075516555570553,3.291227971981216,2.138426629948328,2.281101448726036,-1.360994513970766,-1.255307301588831,-0.8545546466365322,0.5023787490533951,-6.639130964620756,-0.4468617167943456,-1.253487240564236,0.5978531231394064,4.2666423391187465,0.28489821261091686,-1.9966924188105861,-2.8859754806333484,-0.39292165796384904,-0.69793740985683,1
1667,-2.942737298384601,0.10577495226482936,0.4924251941368771,6.022931279452503,2.1957792101432734,-0.2598516258807641,0.8956141341175486,1.6672081457716648,-0.8165352429297733,-1.0940485387841639,-1.7230212839110208,0.4502103290897785,1.505362218978524,-0.7900803976869122,-1.0884900839836031,-1.5586357964235926,-0.8743806507474674,-1.2072147344635753,-3.5354981202540765,1.6250993700030572,1
106,0.8302343143623233,-1.1887749340757896,-2.0117273643545412,0.722952691691194,-0.4265195547886613,-2.4224996932213942,-0.4579054310988722,-0.3926415239957385,-0.09625171873316703,1.2514111229012024,2.403324250784775,1.6199069537871194,-0.43510273434282976,-0.7142279234802449,-4.303233956575855,0.6831109341024001,-1.999232788414643,2.1046959949495063,-0.7786933302520493,0.014515734540074111,0
968,3.615456875179523,0.6312774062592283,-0.6712944799452292,-1.7920261643564446,-1.550943846386405,-0.22864539219848118,0.4632816317612104,-2.1348988010250185,0.8518187393278637,1.4444989227202585,-2.074543213118214,0.06053237352127357,-0.1659248050288392,0.2852371855178535,0.14930567453987398,2.3682966816919606,-2.2352696224517934,-0.23873943671445552,1.6077449490912112,-0.5097218490828785,0
981,0.2696104541916605,1.9992712950835967,-1.579872594180951,-5.010641676158424,-0.9839516066546388,-1.0420038966093879,-0.7322328062166736,0.4925259393654414,0.7816926567955548,-0.416044469448209,2.9752092160379524,0.5417277043758196,0.3812111629857474,0.7332402507262059,-1.975534246528809,1.751383498993897,0.6296447178353568,4.229510895397365,2.993906076146264,0.30834264765053265,1
1800,-3.6529725079518625,2.851818707493061,0.8606664729539795,-3.2896183245955117,-3.6526256781345197,0.30940477152894835,-0.36385842719660405,2.865203513955821,-1.2786957304945485,0.7918917572585895,0.6873674799257292,0.4626663601810078,-0.5602391908883305,2.196211172062731,-0.8727348667014265,0.6953071981579859,2.445710514523206,-0.8054085978640169,2.0801380122979976,0.030196635191635474,0
328,-6.825261104690663,-1.388201133195627,0.30219621004444425,-2.547502015981308,-4.672483549939423,-5.969849803634741,1.0781517306957176,2.479699699555015,-2.1322001049957233,1.5812241887150156,7.631530239006463,0.8193232662081006,0.817873023667284,-3.4073399154014363,-9.707572210178892,2.762471838940679,0.7933446123842132,3.134589103134001,-1.1280707579240499,-0.5280624845207643,1
1837,6.89952780270501,-1.540585041172219,-0.05376021431968131,-1.7737825572536825,1.1562961639115958,0.1686709620460643,-0.5546453950704685,-0.11054957304481561,0.0030833746912528634,0.23567819973963997,2.2559636637798812,1.2567110833525084,0.33385882785323706,3.3876435031875984,0.23091833182681754,-0.20200183718030962,0.08158795090235615,1.6702132931443177,3.2912848636884253,-0.3127703701489098,0
1411,7.627654672141402,-4.050193369547617,0.13334012021963276,-3.6476482425525663,3.616294262670089,0.4086273539754743,0.6603263631671838,-6.170590705338962,0.7590100453752463,1.4639784141302148,-6.167616426107115,-2.23866553824633,-0.38054788324810257,-0.40023328472778763,11.77728124939579,1.7103782798019396,3.4898107630917528,-4.7448645255270785,0.08159827028269173,0.3018898942862655,0
1545,-5.632218710900631,1.882363124210869,-0.478804462251583,3.2715504651886245,-3.6380111078403132,-0.8629610803468707,1.178600038036808,3.6974893903976485,1.3620355757266296,-0.06776014356133445,0.26840414471789625,-0.8676395241565678,-0.27766337713722716,1.1049483829005675,-5.187784216376975,-0.5791625499625133,-0.7673764654468376,-1.9274510228130002,-1.7474378551300311,0.6709978998348576,1
135,9.565283066586435,-3.5641712726410333,0.13961220163344318,-2.2641787386307866,0.29682166967424317,0.7151227858682508,0.26839038692288164,-3.263807012965682,0.5249809226240567,0.48895069925798873,-1.7643471184913233,0.882396282406679,-0.4119003190350994,0.9624016481631469,4.259537075083171,2.1069430100302045,-0.5435677947159503,-2.481498360968596,3.345162529425271,-0.3608273904157742,0
42,-3.2057992676299345,2.473866917352251,-1.0438809919285288,2.484286348918962,0.5663486930393087,-0.17506878140884105,1.0063457034664471,1.6252974115592642,-0.322428512062923,1.3277225650635653,-3.6603260201508117,-0.38455653057116057,1.4525875770069865,0.8489437549294403,0.6852819870336447,0.01031484020276574,0.557757808444718,-1.8625600231709836,-1.9002085699006313,-2.409627765802809,1
862,-0.7950835769936168,0.7042708268065017,0.8395890738679334,-2.5798345817198753,2.802369381958366,0.4945505825139531,-0.2734910936634715,-0.6551069728795227,0.7439838261643374,-0.5789409420919412,-0.5109475749042266,-0.6365391481108748,0.40310685800435575,0.47121352713201203,4.383725259967765,-0.9296249532129675,3.4106326713411663,1.1279835546164856,-0.1710931789333956,-0.012647801113793983,0
27,-3.7833378688178168,0.15827874949546683,-0.702752336913126,4.650628516639451,-0.035756114992986365,1.4092049347999334,0.678630412856888,1.4948230486711562,0.5604901369025086,-1.0874731647416183,1.9887134454898716,1.5185465186723752,0.4449431731752975,0.028246494154209323,-3.1259700693508137,-4.101395365561203,-1.632303810930528,0.5251367706138523,-2.7248617072709527,0.16980551014520068,1
1374,6.111178016692961,-1.2652948027621824,1.0875383169142665,-1.5644432207672723,1.526297099762472,1.9252163626187726,-0.979279232995429,-1.5239158564194724,2.2710538675102576,-1.4749870866571029,-2.4529566024267035,0.7568303010494358,-0.5853533969255746,1.105104911684405,5.275138256410042,0.9815464010094892,0.7330347865926929,-1.926654546144401,2.8813061023040007,0.5851808701880278,0
1648,1.6315299035333712,0.06934279342780258,1.16702351081437,-2.929720349543102,2.111381530647697,-1.4935076790975588,0.006299271239371752,-2.520112888859299,-0.4275509331462693,-1.5066873897706368,-2.123080303882552,0.43851432703501214,1.3088461697707945,1.5849356401530321,3.976707844462809,0.1965861661702364,2.4765623793662295,0.29476992710928296,-1.1010387288339594,-1.4904888330361332,0
1594,4.556328606060065,-0.9160766198292882,-0.16277827704268513,-0.031901887006568326,-2.226587950622871,-3.4650110957483937,0.07354578134295639,-0.7970517259152575,-0.06441755434092436,-0.9879028955981838,2.1915502980997448,1.0464155066640617,0.8836626400355526,3.30787582844689,-6.090133376145837,0.7894872047898955,-3.1775170296952706,1.8615023090200085,0.10616609808079325,0.19024647315806073,0
252,0.1902565758408441,-0.020908814553821875,0.23187275053051554,-0.6187611648274066,-1.7869257971016648,-1.727923587462456,-0.9677171467220663,1.2264660635818618,-0.18254472419437057,-0.38429265188133216,3.1294485919406085,-0.0439871129323213,-1.76024218122287,0.41056527021365863,-4.7148896235613496,0.9762860066807433,-1.1935852116064543,2.0544284741661567,1.0373169566044027,-1.2489992300900092,0
518,-0.11018884702921052,-1.792539808224368,1.084493697545622,2.0053250442234547,-1.5646801783916149,-5.673460033903634,-0.4216803901381638,1.1107747567397954,-1.762512576137361,-1.4157604815488554,6.460288546090029,1.075488006172019,-0.9923045412665462,1.274666083991128,-10.796888840860166,-0.3604225650021484,-2.9178664874269935,4.539554049704087,-2.41333065815931,-1.253517267403516,0
581,8.683388916451477,-1.1159553245478917,-0.7547396433855554,-6.125642835488033,1.479404610017974,2.545014857975786,1.4181547754092898,-3.8685163892147596,0.5604356160927633,-0.5881822779310342,-2.3980942458661136,0.21309078074662907,1.108224076877571,3.135490704399346,8.539615352821105,0.47443898337971324,2.4150319358365016,-1.1117152295841748,4.2841826511654535,0.8379173380938117,0
1637,4.782795963853497,-0.9408855119730054,0.18164401601291036,0.7533828538993755,3.718206398525646,0.05102587412728367,-0.12447236829979295,-1.956949572000327,0.01698330772355781,-0.4981868701203045,-4.050171151285721,-0.14469738927098813,-0.5714929736982954,1.387805743448018,5.02422827978444,0.2704143863243129,0.7593261761600675,-1.537936380863638,-0.4340587174899486,-0.620458372582726,0
1325,2.9894097574713356,-0.9488913490822453,0.9045706346144,-1.0656289734284063,4.640905523518381,-0.87983966733033,1.800911481188016,-0.7145251118286914,-0.19062749174135143,-0.42614759262445023,-2.462153256819595,-1.8569150613895062,0.19067768184472914,2.9606260791819334,5.999503394620551,-0.7315452628606756,4.347443844060657,-0.9138854924514913,-0.7793734364190565,0.3266302444453007,0
870,1.421514366327438,-0.7520157480580753,-1.4254322709202154,4.701965452970091,1.1591848438733923,-1.1142684995686307,-1.075432156217479,1.8354030139758701,0.3221778102801535,-0.7329754458950659,-1.2930767823171405,0.7698506644580704,2.177522992268744,-0.38050028365267186,-2.310717909819985,1.263731530114593,-1.9912768682562536,-1.208426918891532,-0.5640731078357681,-0.560176594028404,0
615,-1.6290318189670288,3.135286654647888,0.023550821999648523,-3.98631102193243,0.7142474920770998,0.9908330400628166,0.2401948510386939,-0.211960779164873,-0.48294046541734137,-1.2359352897492244,-2.1932411146664466,0.023220755394886588,-0.19445883703639943,-0.3844747642685935,3.8431072651965215,1.5883861792916534,2.242339511531802,0.899966961709218,1.6802112211403548,-1.6919599815708588,1
318,4.504602933689148,-0.6335114124740163,0.07331347909384794,0.5265607139093017,0.8291823588023963,-2.7890305970559504,1.5837680013499715,-0.4732557659895138,1.2472546131941586,0.10409909237652376,0.13124031153233362,-0.4144967611269937,0.210497045120418,2.5714458316351374,-2.5032354245089103,1.0507079521325902,-1.4761582106228515,1.392433007194699,-0.004708720044001469,-2.1601615959846705,0
928,8.665989677756368,-3.260910979856471,1.4965913991616953,-2.81746259938741,3.8592677541122287,0.7448091618099946,0.6128153316316145,-2.911780594857496,-0.08551112305717483,-1.2977064429762108,-1.3407310697006813,-0.3794910699411089,0.6449618694164634,-0.2333410325546046,6.4476405282389715,1.9158995223644588,1.429255019807246,-0.34428475219311894,3.210366146613094,-1.2951345224045019,0
64,2.183916094502555,-0.8324756236137063,2.6069874316883834,0.22802423062896313,2.5177555317343003,-2.1827773681504783,-0.4028117094003791,-0.8473169328225696,0.4119772506302243,-0.09806437734853062,-0.8922531037173963,-0.03150198975063065,-1.277319031306277,1.8014892505963687,0.9875849677285681,-0.10827438485221053,1.1176253532845624,0.46301479248723854,-1.4934800303419653,1.6849443361750378,0
551,-5.894487992327768,0.7381317980606159,-2.5613998331066044,0.08858526992401797,-4.247641619515845,-2.376630412486778,-0.07909097916475698,2.070816663890585,0.3909072779957781,0.9975343157125737,2.234971253235326,-0.5628997262491613,0.33922486369878785,-1.2618351810635466,-5.622610107133127,1.0211368107035226,-0.24091642992798246,-0.2788458099046297,-1.4147922201884016,-0.35301776867662743,1
39,-0.36414890763679125,0.17427260571078484,-2.2490192675217417,5.2627579967385065,2.2758926332449807,0.3887423156006926,1.906195545476627,1.3151908909457322,-0.9492605511166308,-0.6309182130411574,-1.736926621642418,-1.932014271048383,-0.7209189569856893,-2.0114602077388977,-1.1595888708376305,0.30521505895292367,-2.417436235662416,-0.28600665645734535,-1.1895493316809667,0.13720200726703854,1
1317,-1.9772449953789495,3.104236343303443,0.13189249750504647,-1.1946860319207535,1.725788336034201,-1.3774941157143026,-0.785584428354574,-1.0606617770399211,0.23078095379801228,0.3478656634273147,-2.4176817597524685,-0.015275150466232484,0.7103652775115757,0.5482632919404319,0.9298771771008698,0.40659760732000605,0.4585488067588368,2.1780200899031934,-1.7799996172036412,1.1722985093055962,0
592,-2.6896999236679724,0.3979168849304462,-0.830912413821552,3.3602607629640433,-0.0009807332900471089,-1.7671964275958916,0.7002721831436239,4.047968638749943,0.10884219140977723,-0.7807536538987239,5.04125531022401,1.4443435237036133,-0.530855171624172,0.34330342548673887,-7.61289837449999,-1.0633269844184021,-1.5441873035873315,3.5885419288773956,-0.548221360685744,-0.26506160778950594,1
836,-0.7951498453333297,6.377702333925585,0.788674603749537,-5.454183042801899,-2.5672147811679507,-3.01965748931996,0.6018506943798743,-2.400531006724262,1.0548980015030172,0.486087876121693,-5.279000219945239,-0.008064231014273195,-0.5525881279399733,3.744957131885066,-0.10296083780038395,3.2357543089695806,-0.45376091602512303,1.5611973393586336,-0.3913683189667414,0.8996282281465311,0
1725,0.43133330483309945,0.02072198692719529,-0.7680431291232864,-0.08523527536717328,-3.1335665286209755,-3.163954569030648,-0.7403699576885463,1.7257623711947492,-0.21827110354323342,0.024013914066171302,1.6432602151780782,-0.9555154555845397,0.842967142150232,0.5284738735707636,-5.849208249313857,2.937342843317494,-1.6759863919596585,0.3517967818044061,0.9790807514549296,0.7809718458869592,0
1633,3.9028685873986375,-2.9600905174874033,-0.40124866476464155,-1.5989890663511832,0.7925493013110634,1.4228884979496932,-0.08470729777421501,-0.8755558081121649,2.467117095075995,0.07731839678659279,2.0346833127407726,-0.40813023594829123,0.8038832788996121,-1.272976931954442,2.177333579544156,0.3072550570076198,0.6009812933779972,-0.03825796871571896,2.632048593246642,-1.2170117865038872,0
517,-8.43066737238964,4.0303510498908,-0.473400328189562,-5.187268411284249,-1.445046631306821,4.636519122542116,-0.057479740467844403,-0.060159603232728065,-0.6195030019214098,0.2140718982760191,2.725396449835663,0.9477985638127304,-0.5416643652454955,-2.358856176748186,2.714830121134826,-3.164924501071682,2.6104011951682202,3.243760048232921,0.9244486964667893,-0.25937430112983095,1
209,6.424554012464942,-1.6850699649427918,-1.4322183150216363,-2.0105729779612522,-0.755458607859845,-0.9039760584857252,-1.0545587429786416,-2.6322177996093052,0.6167003511825246,0.8018795581118979,0.146614207121281,-0.2234493992638881,-0.47642789512259204,1.826440068187472,-0.11513158483301529,1.100735641676656,-1.6306572105796726,0.3248905942635807,1.6435736757157942,-0.9428716389435049,0
743,-1.334730656334398,0.5722739225134826,0.22559411333262436,3.9024557097612655,2.1993609722004566,-1.3512554235309886,0.3867271469873856,-0.4414656521357607,0.27151335841979457,1.1926482322987466,-6.2472155029475145,-1.7496576328178652,1.0536564949333815,-1.1910967684308909,2.5476845334563296,1.4779013378886496,-0.05632847620459458,-3.4765774545163852,-3.465089519144036,0.4539137859276581,1
1200,-4.437138388339937,-1.3848666507887875,1.2756016393287386,0.1355023742837081,-0.947032332150556,-4.38317803739451,-1.9351850805567596,1.9446622694958156,-1.6814876588093615,0.6790499525877314,2.2171920428078264,-0.23676607401972066,-0.7504096599295061,-2.6281117703514285,-3.856716137497339,2.445461792076366,1.7518523121178975,0.004464598042029699,-1.9298101182875522,-0.8080901320211406,1
934,4.733513130305634,-0.06163869610717365,-0.6418604704850223,0.6476089042608449,-0.18416398564424308,-1.3048027067860042,-1.8214856058730327,0.2693468428273089,1.0319253934152428,-0.7077202640741217,-1.9952131332451732,-1.5602700176112247,1.0748663973957897,1.2926107949626564,-1.018859030178317,2.966747332649228,-1.8179257915148486,-0.8676948395693627,1.8454530453425637,-0.027424308550931618,0
846,3.7479347340138567,-1.6829151011567371,0.4095180096999245,-2.051633400117476,3.2295680626088275,-1.657033483733646,-0.7488101129936081,-3.588265462035215,0.05914416657426071,-1.1603408897235272,-3.2859391442601424,1.3186376453279907,0.5463268285188811,1.9275488253104411,5.883283871169628,-0.13877107736533967,2.8805892735424936,-1.2934958351904293,-1.86726991476622,-0.10927961439896333,0
110,-5.359129698096758,2.4163244707624942,-0.46924718867731857,0.07216358983799379,0.9156724783676119,2.9928887022917543,0.8053594736262878,1.6718070557198357,-0.07053022258613363,0.325919078610219,2.0341037916974556,-0.16757601187452553,-1.7232582495753246,-1.3038518030575013,0.4011445649353444,-2.856661489189049,0.9365422222851638,2.4893421849110355,-0.06621543752459758,0.9544215512107952,1
1407,6.371418954082541,-1.3243325429603265,0.8286535527908304,0.12526306482678448,-4.135039275209578,-4.72778755851098,1.1850027162251606,-0.9167323169874296,-2.042847483560477,0.5777341741021699,3.203247426864277,0.8173218008880062,0.3272025479156937,3.5634699272752353,-9.553279442988966,2.0932183727566933,-5.466734239385272,2.374669592574145,0.8313915909357745,-0.6797626741791734,0
1396,1.7737141440196422,-2.087579807531408,0.5681631342441869,5.474658305882991,2.400175373444827,-1.477072721739647,-1.539703111365039,3.1987490735667876,1.3417564200329064,-0.5904095898229568,-0.9981025184531245,0.7003962733406002,0.6399376855990152,-1.163658973312581,-1.5555646592334487,2.0752489852711444,-0.6122359863566464,-2.116683276978063,-0.052095945357908846,0.3184496001609162,0
184,-3.15363444698168,2.8186132212888326,0.424585591347027,4.617272156601955,2.3198292891710426,4.530283400183549,1.477781616774373,1.4645547093266202,-0.4998710986101634,0.14635841948322198,-6.053870469873567,-0.07654827100525591,0.02032054550033631,-3.76383613608641,4.572029052432776,0.5302369500725219,-1.1806630366132833,-3.029797467367821,0.0035231006957763267,2.1654524700893893,1
1571,-7.513224966929045,2.2113921813156647,0.5078276245353368,-5.4664482747876,-2.5382310497811296,-0.40363770105655056,-0.3845319100560409,0.8382246441725218,1.0167099083917825,1.5855279261077528,1.2111998646568305,2.259763049391323,0.16865080019542597,-1.9181712284877162,1.2300908375384345,0.982686749244201,4.317138011042193,0.3386649696242323,0.10289392112091744,-0.5573399127562141,1
971,-1.3016879526669243,-0.2651289957309957,0.9570367064423627,3.279281406363421,1.4179446697884819,-1.0972331841359362,0.6222426824045199,0.12456632152724811,1.7553571183212222,0.4062655329164787,-0.14586903246247565,1.167327924448756,-0.771859833422527,0.5356615613914761,-1.5585311865240639,-1.8290580993816996,-0.6981551887074954,0.33396295205073967,-3.0928917697496705,0.21616191324420136,1
1454,0.14128688503706427,-0.9791075556628831,-1.3705656657207823,-3.4636784114312476,0.7721237460038031,-1.1250852817853625,0.7116965451137185,-2.034902620604755,-0.12796448826745363,0.20664824313372274,-2.722775006984808,1.1786485499805885,0.9224663800726293,-0.3935559080860971,5.405671943160574,1.5282261720039716,3.817499522683465,-2.4087111660881577,-0.6084819078005435,-1.3340673885929073,0
771,4.450722173476417,-1.7240111431157596,0.6498942275037626,-4.654177655406035,-1.4477776202607697,-3.306200826685773,0.7814393861502007,-1.7113128036995464,-0.4193520486690665,0.047088308919973766,3.140852594399806,-0.5379854523521441,-0.12284678266948781,1.668924703539816,-2.3532523290595533,2.0505392883475255,0.18893657998080315,2.4167475856211365,1.8073307021007634,0.8004495645877893,0
946,4.154296553669164,-2.4069398612695716,-0.1308109730666791,0.6895545644540952,-1.4771319964337022,0.40910718155851084,1.114712178001537,0.2850465989108939,0.6155065219051612,0.2162003307467359,2.3434855362328504,0.4679879257135168,0.5752284126944616,1.197852367552089,-2.1015449621842017,-0.24181360538980567,-1.6032786189848687,-0.5876240112390427,1.9267899687171943,-0.49310568481464273,0
429,-6.385790690017009,3.089503871018346,-0.00997795828843637,2.8112954440140387,-2.5309431294279645,-0.16459039272892625,-0.8698029064715688,2.00778127081364,1.0866059567008994,0.2059179537196942,-3.0848324723687686,0.6186917129062476,0.07068236984996573,0.6011720938360698,-1.6861749658112173,-0.5516534683433119,-0.2216467586923272,-2.8295542008626544,-2.8936145972469864,-0.41420289256251813,1
1924,-1.8788301464873607,2.332773215001893,-0.9237373120029894,2.1910949116750977,0.5573174424468881,0.7968366212055897,0.15965297360345823,0.8470790524113748,-0.09858565027601295,0.6217989187566739,-4.14422839095846,0.36765706366176726,-1.3632231623689848,1.0139466559157038,1.7713692474967493,-0.24116705807326078,0.12892519330468877,-2.158502191761327,-1.3198967901696308,0.981271775640945,1
1734,8.93868188928735,-3.380826690582025,-0.4891369028353123,1.3657332148660155,5.705775109390167,0.2979403084349875,-0.37352923299306817,-3.660012124882095,-1.9107237889174156,-0.6352919406277074,-1.281551913292053,0.921282688596388,0.22446274436803257,0.9454687857723366,4.194193422515616,-0.9987601525632179,-1.0550002581162135,1.106574941019518,-0.024642205480585933,-0.7061206939182582,0
1214,0.9195770733380819,-1.2214540442251298,-0.24792459523489496,1.0468557248596024,-0.2917226265366356,-1.7264984381003463,1.54871825736087,0.7749672973120996,-1.5719577248423056,0.2087459275527226,2.636972890109953,-0.6670576694712159,0.4484898025129217,0.5397990787676181,-3.7111942778443026,-0.09546030548134121,-1.0048123205498343,1.3724306192074724,-0.24526742571771987,-0.6651418370435905,0
347,-8.335517062782126,0.37835863514242296,1.10622255732109,5.175966247447078,1.3395425371720322,2.166180501352203,0.7106044497517551,3.541085825024443,0.1905419980202051,-0.7011037211679546,5.12155211813646,1.02471979154314,0.583552934122951,-4.7236410079387925,-4.517394704244459,-3.731370474228007,-1.198253040965795,3.243616733954279,-2.2820677422782447,-0.807480409147442,1
785,5.760637190607444,-2.2268647312934613,-0.44529401947711894,-1.2274516632957118,2.223650871627544,0.6470714329490735,0.5828293131809118,-2.2790042137947113,1.233436106121023,-0.7217424574728042,-2.9048413433426865,1.5767458506236032,-0.6640264324388618,1.192866330816147,5.843987794852336,0.6355829904029099,1.6138701122906167,-2.5249388969676283,1.095017789971021,1.9644673525009502,0
952,-4.8084272607173455,1.9275055659905531,-1.0101770916328996,-3.4174286328151915,-1.8872554708221352,-1.4718437584506572,-0.9939139906240699,-1.062998501367864,1.513150922373231,-0.6072327261486244,0.11542362287903377,0.7147612395269194,0.7463428646852046,-2.0597311078093496,-0.6559417928234732,1.3449437884741238,0.915058922815807,1.3616758735137897,-1.1256530648784766,-1.453233883615709,0
781,-0.7916861681933817,-0.4148169939026263,0.9749790561047148,-3.35192561715261,-2.442711696122311,-1.303509584871916,0.3557592702415525,-0.5007591427178251,-0.2572237728674378,-0.3464125338146441,2.035196989963463,-1.361978733195596,-0.34915940075935464,-1.3371839488141801,-1.5633818270941107,1.8626345421650825,0.41015554114570696,0.7900383076722203,1.1333632338944055,-0.18869354107910022,0
1140,5.946027301195586,-3.05272246545585,0.674424212750898,-2.5231805572160173,-1.78817420922117,-2.6793439170032785,0.5236436150305877,-1.3617526994081692,1.8678481920465217,-0.5375943745379317,2.9732293367857263,0.4140540245503636,-0.016800198243457996,0.6079006608890927,-3.0691282548251264,2.5616351350398854,-1.3885474340658237,1.0544368743601502,2.351701198640684,-0.4527292778337555,0
1320,4.251961017016027,1.6183802049559672,0.9810426606343279,4.065771263485127,-0.2468605324903187,4.038388019135127,-0.2256910253511605,-0.8956198275661,0.6083391472579444,0.09095856553335825,-5.862902656922245,-0.12592262384048197,-2.0791370563340283,0.9316221054893714,2.328373956797371,0.014530172312190337,-4.500485244244493,-3.390673624350581,1.3238952203357015,-0.23707971776287873,1
1789,2.2122854959800473,0.5461443388549361,-0.25304684060596844,-3.384426066161333,-0.06738547910039494,1.1153692029105138,-0.18224185618367056,-1.8396021911358225,-2.4737770924692706,0.30544172574671574,-1.568629691752183,-1.1929911174390837,-1.4261295660592122,0.18511312358127952,3.536731602243239,1.0837633566138813,0.7691314108225316,-0.23126922325193222,1.9080328364819783,0.034042532589755495,0
420,2.615697432543423,-0.9080382883453072,-0.17915730991161632,-1.9414409108742896,1.0262117867687923,-1.2010133759442236,0.13479719322477995,-3.4198194568900497,0.06704639083695592,0.9347740623131973,-4.662797953478436,-0.3140215248069341,0.0003608228086961996,1.1987690245282474,5.43106176867573,0.9635981147259577,1.98093860644734,-3.008219815343264,-1.5361772981126807,0.30817986062986935,0
77,6.289257309707515,-5.237811066452014,2.0847949004892463,0.9416922504919135,2.691571754431466,-0.6803387485664677,-0.1641033319621282,-0.5023322594745463,-0.4365692513535338,-2.5681357822540702,5.762982781534987,-0.04348266636987062,1.369267964793414,0.8196643274564968,-1.7028774888585716,-2.0236428301405947,-0.3626960568648552,2.5906339227462696,1.0015356302834875,-0.3668520152373006,0
661,-1.3687776332566866,-0.5332210914231161,-0.14949649703844342,-1.7209609614404096,-1.6106929198832827,0.46304729213064477,1.0921605622225548,-0.36759628133376165,-0.8013584564041283,-0.43625337944718534,-0.6490332473825295,1.8238078008745118,-1.3603334409479055,-2.518051145132258,1.5606093057450197,1.8086947950965475,0.8958400856031302,-1.8716060379418997,0.8730129041615322,1.3017677474886158,1
866,2.9359480368544686,-0.7314146739625569,1.0388469920893992,-1.5216999120101096,1.0125291721479974,-1.0568401725993029,-0.3779052825692952,-0.2936742046947687,0.5162038181214778,-0.7222811535975872,1.1895278556300772,-0.5302429193272241,-2.0153186418933533,1.3974436677936581,-0.014531831639913109,0.4478942092229533,0.6023227364706789,1.4479365127913042,1.0960318368717783,-0.38752496557678995,0
1475,7.971778731649039,-0.7102116933998475,0.13711368721670936,-0.5926957072126823,-0.27566591331124246,1.214944426137308,0.311199415874894,-2.398495115571557,-0.024883186193998527,1.3959397617818636,-2.276850466560685,0.050331738751305054,-0.10204293017602947,3.856042966272513,2.030740408417709,-0.07377332436727091,-2.0290879617117756,-1.3370188549133157,2.148777828443782,-2.449738640099996,0
230,-3.8383151867165335,2.8189775563427535,-1.1993166700429374,0.8309379287299211,2.462450226653087,0.29269630628239646,1.572872233811111,-0.5755897135764183,0.1275337731287626,0.9601480479288954,-7.099213208036289,0.44398055575229434,1.1494123980856463,-0.5086484776235751,6.064280486852182,0.5550073669098878,2.5950486233506145,-3.1028161399783194,-2.9389532258026096,1.3104069528017332,1
1010,-4.598461012578502,0.372589438690875,-0.12261811607454834,-5.568145119683754,-1.5712822568617382,-1.0124206750912483,0.5395480332884387,1.5500763564139675,-0.027219993043276013,-2.0589725500006946,4.08220866449596,-0.09579631878554094,-2.1133958587031976,-1.8381489418041979,-0.26690169484288767,1.3649273069117707,4.1487060065918335,1.9534440266943585,1.7389355338233243,-1.1425910464734979,1
1055,4.549675381727097,-1.306880207259868,-1.7062240949934377,-2.979842010315544,-0.8297928375553782,-5.500854217631741,-0.285377533425772,-2.163750938822111,2.093050261180681,0.6542211918331154,3.5824051651479247,-0.04827917787216845,-0.8031005744070214,3.2127552129281356,-5.497806514508324,1.1188208019167685,-1.356068952829242,4.308747755730723,-0.5277560542703299,0.18748273251196065,0
597,6.488289993904788,-1.5379813788719816,0.30447443874246294,-4.083851750988369,1.5036541144305697,0.6673080393675586,-1.0358897030215892,-1.7522572332446604,-0.4833838131120135,1.4891929265974424,-0.011273331889687441,-0.6840324746956569,-0.13927115597140097,2.807700356342881,4.5604381508609215,0.2866480759178741,2.229015686317029,0.028028653952197446,3.073287089772369,0.2237428700073924,0
290,5.069704068547407,0.45334167917764834,0.6893768990830288,-6.127000778885908,-0.8078681954197595,3.622232100934536,0.453148491999226,-2.5504259152175037,-0.9464120638234477,0.6409549901747094,-4.832545345217047,-0.7428435048821281,0.06997646333926083,0.05915505643786034,9.188840373258683,3.138611214408765,2.352709577801302,-3.7813690770788044,5.24149342030594,0.6007040861213173,0
435,3.9020897939645356,-0.6765053249947384,0.6895861008954246,-2.3336472649087807,-4.172488613637691,0.6580997498848393,-0.41852881368571476,-2.091008933189319,0.3921584423870147,-0.32089596469700554,2.3132351510021274,0.5878737627043201,0.8469926553323904,2.2787142369137716,-2.810938241399322,-0.6805900185411466,-2.9170276643239337,0.6254864951181155,1.9603742422888306,-0.8564563470174841,0
1141,1.2150972187056652,0.1450750150804907,-0.6376810182441544,-3.088275931254321,0.4583784453527898,0.7350229266896429,-0.500116795406528,-3.426723505923772,1.0084023198028589,0.32231243592631137,-5.075202973963161,1.0203700692276945,-0.46880520238416096,-0.8455475795230578,6.833423390040614,1.6235445224778027,1.8879152464414797,-3.0017730062485657,-0.12949736721770777,0.5116766900548916,0
1596,9.820430256440034,-2.8256687970982703,-0.8201586339979872,-0.7213230529955775,4.32199955970538,4.571752275358549,0.919015151321774,-2.4451441126587454,0.03702124792324325,1.2157611138070743,-5.602180930899733,-0.14189087422116528,0.7045038588348174,0.9532176812107929,11.523022191363456,0.7244785583486777,1.9968689474444434,-4.870837269920765,4.015011482427654,-0.8770820407982505,0
49,-3.3556984114473942,1.4829484689377677,-1.376628067094577,0.9193406480902971,-0.19352629088221063,2.0502937219631416,-0.4452639551356043,1.1045059486339417,1.4306696040060647,1.1507916341384405,2.3615317421316586,-1.3345109444480256,1.119731821359708,-1.800148179051452,-1.996068305605063,-1.6675166534726786,-1.348595043535632,2.4835322646613847,0.2070422031829,-0.13964644937872886,1
903,5.889024761634939,-3.549078444296291,-0.7178663726203792,0.027873711717176806,0.2968226657814985,-1.743682444735781,1.0136345386961056,-0.8250850867312332,0.39447294681505046,-0.6240952858340596,3.8281831233399366,-1.3782834526916157,0.3446214474690039,1.3385406961838033,-3.0220839251054077,-0.07490161930832162,-1.5091795824876466,1.781750369356987,1.146154391743983,-0.44968107894104675,0
589,-2.5903254742579396,2.355789268943308,0.9139155622730918,1.8825503689488325,0.6257644689109554,1.4636191570307733,0.004326068992725963,1.6615336087545263,-1.1498524775813972,-0.7103866982678021,-3.998892446720952,-0.10826362176777118,0.2509716924245174,1.0177292276245082,2.750682590925786,-0.4255112018507583,1.2839263838566402,-2.749755004282144,-0.7851548364135357,-0.8409441316669284,1
355,-1.9413157319892678,2.565358361464476,1.2952378745160056,0.5086137475714811,0.029204281723052783,4.281495802921147,1.5688538246537587,0.8347388339492701,0.6190877385461178,-0.24520845380206413,-1.6162213391006655,1.9059777160119258,-0.5357234187985469,-1.8696196343504783,2.3066429988753416,-0.39910580362036563,-0.9460672744952224,-0.21983208764703188,1.90018977814302,-0.7670703628681503,1
1455,7.324996621873642,-3.196537973214427,-1.6309302081902382,-0.7207038489439312,2.1116323930376533,-0.46243286263972466,0.2275061513048403,-2.179577196369079,1.0128606505879507,0.05923756041769592,-2.9238545153081126,0.09280760503410015,2.174094827646015,0.8499465857537172,4.841382418884658,2.003149274278849,0.9844891937983183,-2.9173630095667624,1.4349040437052416,0.13950845778595455,0
1318,-3.2362465983490476,2.276550899107029,1.3333669110219815,-2.4797896744132264,2.5968453529467004,2.031847494523849,-0.7218059478587843,-0.46637586617793825,-0.37513141406300626,0.08594591447489447,0.4038082029160559,-0.13944768830433255,-0.5990432954828766,0.47166875383994356,3.8882149902047263,-2.8804870802493525,2.9621514745080897,2.615654939046345,-0.5926971205085596,0.4830177020631891,1
1640,-2.1806008227240663,3.340535833137106,-0.07618015403996352,-6.043828212106038,-2.1146414539265614,1.4917384385091041,0.8304379035588445,0.6468549591396553,-1.4621327848673,0.8032178215320425,-5.2649399141522215,0.8569308750524508,0.29434322499992044,2.5494262627496913,7.560094764145171,2.1282850907628066,5.792302244694876,-4.655551774135024,2.4262676997806207,0.3942099360243413,0
587,4.013759857252002,-2.4889543088775787,2.600029635904614,6.018924304517482,0.5910560600159116,-1.2491758821121264,-0.1660960391255997,1.3479419913887392,0.36659206587212106,-0.7225877890835494,-1.8297957899729997,-1.359583622938788,-0.8991197570480367,-1.3813689956636046,-2.8471466372498746,2.562736149859503,-3.6296452273280204,-2.7143714268013124,0.04183015360758424,-0.21366342362488572,1
575,6.709086161872709,-3.554915334007073,-2.4700142927832385,-2.8342064857038283,5.27029759599882,0.21340356941600114,-0.18729996266638865,-4.5111200121606565,-0.10584600730011501,-0.2565617411260364,-5.450815043834928,0.790693557117858,-0.20308922592002696,2.7188520161360854,12.178863528979589,-0.7560961780946718,5.710276431378678,-4.323939531334819,-0.9701467293258845,1.3160744986338804,0
739,-0.5202166406854123,1.8873265252096831,-0.14125380462145626,-0.8766079782218782,-3.0586838932230336,5.05856303509648,-1.127889551283017,-0.5868474753974925,-0.8499571527026194,-0.8465812975857838,-2.0605147939234256,-0.8765770435602194,0.8525947737988671,0.8700481183771271,3.0615806811599184,-1.7943270334344987,-0.8472699892721139,-2.7730858664876235,1.9536701852547478,-0.7772673843338822,0
644,6.912657469874971,-4.97178886703302,0.3420668492297547,0.1282703430240901,2.488050840887996,-4.205667232810452,-1.719280532155623,-0.9624697810302454,0.262684607770968,0.3413072398845458,3.379877946004892,0.09403291239849235,-0.5711758426091046,-0.6001030368549438,-2.6587042734307778,2.42754505574991,-0.6954106805135012,2.145536668679138,0.7453310527614507,1.771483681181466,0
1105,-6.9747250525190525,-0.5099055714158007,0.775472657903261,0.2404337125686723,-3.188680847318382,-6.438256917702273,0.3026553243860116,4.25771521994343,1.0685901258824382,-1.0390351581730548,6.618116197730294,0.7087220927802806,-0.9754319288401031,-1.4808826102665904,-10.513338487077455,1.9711544899132178,0.766515570847638,2.9503206717162795,-2.110382422788111,-0.4458080783921063,1
70,4.469986704049319,0.8171181898814355,-0.6108201933032732,-4.775641042063097,-1.1382329225211842,1.7996284505936386,1.3307047444831992,-1.9853342096674393,-1.525856195114637,-1.360640117333806,-2.1342045541487504,1.1445849144991358,0.5779945435188986,2.4505485286512663,4.506357497946945,1.0990729412764069,1.0521248413778226,-1.1647236946029376,3.452887849625193,0.4021618257795425,0
689,0.2845647956141014,0.2571085748405374,2.8427848300895886,6.9442206702612665,2.4365851207645224,1.259812914480312,0.021232818562058404,0.3665525046724317,-0.8699218439837797,0.9040498678000464,-5.132621684205404,-1.4145706734763495,0.8015779952813418,-0.5499769547044963,1.3512996635377348,-0.7806105066523749,-2.4542818009594707,-3.2192381941350243,-2.666241629823152,-0.5556083123264226,1
1192,2.281829253578077,-1.2714816050642854,-0.24121359744029489,-0.6340743940240461,2.110132519670411,-0.027572737294757656,-0.39378827458032994,-0.7731564034708058,0.27610870653252034,-0.05360794918198493,0.40621839319938524,1.1767519526712646,-0.7404852220646825,-0.294921392952455,1.8045878300798839,0.07135444203615127,0.7862672147515026,0.7766978240722353,0.535219758464055,-0.9367752397500697,0
228,2.327947626117014,-1.9664577079558132,-0.6925009746958692,-5.653192388973773,2.602710302666941,-3.179348535336308,-1.0496382273487226,-2.9619264415436524,1.297754490362452,-0.22499953100121967,1.2973120717851505,-0.41057166009267193,0.48055621368433704,-1.2326121055219263,2.991052521019963,2.2259347632726074,3.3409476627241643,2.6862637327475123,0.25513954382271453,0.5036135265836593,0
10,-1.6614615164346034,2.5487628004979292,-0.4057271743600354,-3.86307933099378,1.4239645583745046,1.1267928044451427,0.43494945586737976,-0.48673181460788273,-0.6691467261265501,-1.0707250677277664,-0.12868606206078403,-0.6750742990356781,0.9462386761804125,1.4103165442716823,3.4192237949634796,-1.2214385258397826,2.8517788844809493,2.212679157437755,0.5956093541189083,-1.0079918515004267,1
1580,0.4396206302695827,0.785094238924257,1.7284141939437658,-1.7354268443200134,-2.132553619844402,-4.813771249054434,0.8523330522625625,-0.9193156730121059,1.2496502967991574,-1.4618971862672638,2.760110698781376,0.503206248740666,-1.3065899012418498,2.4941807119463553,-6.721374569015643,0.7593517455588219,-1.9088813244160363,3.8612224652467044,-1.4755504868899867,-0.7081395816656513,0
831,11.743266261874972,-3.27851726034662,-0.016716303236904307,-1.521860942388734,4.485613465051971,3.003105685731166,1.0528525487785567,-3.6449737590028906,2.7350260938477997,-0.022601741283161225,-2.989919048710593,1.7322298522827921,0.5943412052702232,3.036560584139622,8.828563455070478,-0.6678088581285422,0.9827667689350723,-1.8494472837568665,3.3371260903165534,0.22955999729279938,0
1187,3.1770859267389957,-1.880317900193668,-1.266412417647816,-0.8867705299055243,2.9111884397692425,-0.9670737451500618,0.6831687107669371,-2.466597690657924,0.4786040466174655,-0.5087769484565696,-2.97181334901154,-0.3745962814342829,0.18074996073167296,0.30830103350451166,5.112364027964908,0.6148916397551032,2.1577080506947888,-1.733581775702119,-1.053070332822656,1.1722803129811197,0
1701,-2.8298875318113406,0.43290221387190086,-1.1658274263436654,-1.0759817429858796,-0.33007453780544793,-1.8997481059442118,0.35488829836613867,0.028109644953021373,-0.2106616814841922,0.9855910310883433,3.6942998913664735,1.944659754340832,0.03783392496892545,-0.8254870847369802,-3.8894833021502584,-0.6418573587332803,-0.30302730321811333,3.8537013140841037,-1.2450208856992129,-1.9718702613062116,1
1538,-2.6916763183763908,1.083400779676655,0.4256514562739783,-0.15144887625983033,-2.1226383557646367,5.445151013619998,0.41448893158085737,0.15596164611144614,-0.10752195934692166,-0.318299051397865,-1.1605733441359702,-1.8424237680738984,1.2530550428065992,-1.0524652499245732,3.688176218063451,-2.2561073743628244,0.2955283035609506,-2.9169987856500854,1.3512711562381652,-0.08434484637743743,0
1788,1.5524420864496313,-1.734634083022486,0.6078572879791431,1.4409319499601592,0.17263404193766152,-3.091736842969686,-0.3665272067035687,0.9493633448759438,1.5036124762436438,-0.3885086601523106,2.6693258211904474,0.48721891975294507,-0.27608430314424603,-1.7020031560736477,-5.066099460554828,2.3871755027243866,-2.0204782580302245,2.04238806130777,0.25565254088465195,1.282664672098816,1
305,-3.4739714232864434,4.016622558051711,-0.5221856885422737,0.3963376457363123,-2.117252195889513,4.242513429010693,0.7491120078926202,2.3863039371240538,1.8176648703191818,-1.295349718123397,-2.793132086010845,-1.7496744000057283,0.4518212686259851,2.5367736673888284,2.364759149713224,-1.9837440895975416,0.8572792756057027,-2.7263775992346684,1.22527587102487,-1.430657563940057,1
1706,-5.926966032123633,3.715240587742468,0.7809575632877,4.655788625298916,0.14944925926179886,0.32932221584537774,-0.6868865125526392,3.327257561050552,-0.4732362278037679,0.15066938513354802,-5.410791535478818,-0.8404420198473267,-1.3631798095461334,1.9442677421072974,0.8437829150311461,-0.9747453347948862,1.2016236569695329,-3.942049183799566,-3.2128110912452232,-0.26898841016535857,1
456,-12.341610486147543,3.923704182957667,2.290724542074699,-0.46398229461389534,0.22019128632116913,9.15948303818175,-0.2669742146965051,4.070276174107843,1.0760203944544533,-2.671099709154741,5.0509667253366395,-2.0679781775139596,0.25898535024126346,-4.989413282813182,2.72464943437622,-6.113200410852478,2.6754245574323567,2.9676229355740142,1.7411209915029682,0.8325013886122002,1
899,3.0065374372522626,-4.244727257975127,-0.2085559287784473,4.517248377030444,-4.643305729496878,-4.7171870105724825,-1.3518583885777984,1.417426562179093,0.4626520393911463,1.811692173452028,8.755034802502818,0.9682144453961652,0.49078002151269723,1.9404678019063257,-14.65882814105696,-1.2222525651025449,-6.322338219866879,3.0362085898760993,-1.2811983756827479,-0.7275889645125804,0
702,1.376805209920562,2.322632364958776,-1.6615920658189143,-3.640383275013992,-0.8798837699414409,9.001909528207701,-0.6228272226328785,-2.145674873605195,1.2550419096540995,1.047029875513832,-7.116851679445516,-2.419561714493677,-0.052493779107650705,-0.9254596780262141,12.748336612992475,-0.25155906316342924,2.004468065059098,-6.0588297775122735,4.697579703773103,-0.05297337993363475,0
1070,3.665094687215903,2.209859499167264,1.0115478871095724,-2.7877686500352192,-1.265962481143199,-1.2605339975534082,0.12888842144383356,-2.433296676468064,-1.1170575458213083,-0.3833399724727662,-5.680574852601421,1.6472841611828086,-0.8426070429236305,1.0903682194820812,2.234365538751663,4.308885521063134,-1.2158304838300762,-1.6081292890027417,1.4073523699309785,-0.6220876521042118,0
1213,4.657817634145795,-1.8054485149783406,-1.2045103261721004,-2.4750282460742077,0.8619496127655439,1.406123497776468,0.6721787088370994,-1.8943497850343847,0.4311153364508621,-1.4393562000263669,-2.9064276670827573,1.2000361943302864,-1.1529111356816568,-0.6221764494713031,6.095178954490189,2.121191783909404,1.6540421529016953,-3.0283986915841865,2.5456643319845877,0.814748906876578,0
1919,0.9002964992420036,2.253010617260436,1.396925134303169,-1.3825710814021448,-3.5515038359887963,2.2278257039873712,0.45135179552754423,-0.47643728856209777,0.08536408493357076,-0.33519353270725816,-2.212916288524397,0.26905328875531576,-0.02753747687300869,1.93447755613361,0.4933667483020059,0.2779991318901053,-1.5958255327630932,-1.8696880592931446,1.9691904705936065,-0.6541646696618473,0
769,1.6633566061898255,-1.4851043507711865,0.4742389148215281,2.286908740818917,1.3435214830004796,0.2509332767682105,0.30748734433307295,1.5940193940488014,0.06689554599712919,2.451160421712767,-0.39073798689909106,1.7911807573084748,0.7043252471764437,0.7640782487504187,0.8386661004177908,-0.17858600476013042,0.7918531734775743,-1.8542642367803783,0.3577391768752448,-0.7912301019155353,0
716,5.3360946559122135,-3.2469795633540888,-1.171586215205879,-1.3053954381369877,-1.1567305546825182,-3.4556333004542035,-0.7426918070471824,-2.3057906106371213,0.45873510439309484,-0.23309911921745247,5.2231425998871375,0.1393319808425578,0.9268579547576777,1.687253334939877,-5.716012788574853,-0.24517439035481825,-2.659437776781112,3.6862381794500485,-0.010214893705191352,-1.4764754291837483,0
1481,-0.805347091369492,-2.541881351582354,1.3219995147684738,7.847799266793468,0.8839404391181804,-4.257205041546586,2.3675619772036605,5.313554777825689,-0.6582799508936893,0.19280046901516967,0.9785418327444525,-1.0109247654580091,-1.071175825004564,-0.47642147554371583,-6.751599839783434,1.904477337610151,-1.0811145958522044,-2.113195175568241,-2.0799752436998165,-0.6200170757564766,1
612,-3.8718323713679506,3.0221948270898236,0.36967394908456774,1.1900183650111977,-2.1398882417279994,0.6261608603329366,-2.2396502000014844,1.4807993792196854,0.5281529124571706,-0.5229945377562377,-1.6749224284932482,-1.0830114893985723,1.1119455656378392,1.3973156828905489,-1.4344455394431592,-0.8101329238710056,-0.5447915864058441,-1.0787491028387641,-1.0545711491548826,1.9361063574804405,1
1736,-6.610525577262577,-0.5655813225083703,-0.31590913950135047,1.896747494588236,-1.1647879533926864,-4.724227242197698,-0.12028730418391888,3.3972222186717587,3.2510448380131356,1.2610054742584955,1.6972573739388332,1.7335665572574726,-1.7306050376379234,-1.9463819823457134,-4.932417129779523,1.8517042764717955,1.9652025520744782,-0.7323922127053095,-3.1253589188525592,-0.42439614234756745,1
568,-4.11160514353814,0.2747791619033557,2.026007099659296,-2.7273637553376524,-0.10497884714688,-3.407729365451038,1.5042533689746205,1.341822699132865,-1.6691946554456634,-0.8656008416522506,2.6182922012932974,0.48030417880523774,0.5258758554529095,0.527531152360374,-1.6176697324550122,0.31953884232279783,3.691248332156189,1.745875053606797,-1.4388821202836164,-1.3919296218140729,0
272,4.256386217763782,-1.7625109469657152,0.9553131782707552,-2.6406396087602872,-2.3797207670872638,-5.157344766580792,-1.877611117979268,-1.1813263815881183,0.9629342067835347,0.032970183744692946,3.1573183793685518,-0.13957954068497805,-0.6825065457084202,0.9808552766320779,-6.042740195960248,3.4108365671792815,-2.0095127668100923,2.60066722110435,0.9616416911736929,-0.7819784244311161,0
1117,12.143218625603142,-4.481098679267802,-0.8218816536628102,-0.10424347301869963,2.992715914974273,0.27549176360289623,0.7978441737910289,-3.906267353979147,0.6106001960335278,0.35413455672671756,-4.6422162930252435,-1.298089836786637,0.6180483162802699,1.2392512959941837,6.620265530865007,2.5418642036608334,-0.5294361357568822,-3.920333441358824,2.3847869793008574,0.3963261781557594,0
1792,-6.627815991609814,1.0709489299491006,-0.004858414578640792,-0.5492939252164282,-0.5525646624522006,-3.622880413127853,-1.278165824488914,2.2644529280783487,-0.19822581412955473,-0.38504601536186583,1.5078733645479643,0.17808318566054304,0.9679738553832931,-0.9231531821828887,-2.9710059618043188,0.8725454894309527,2.6885247564021806,0.9651335331952586,-2.5921142582180217,0.5493160858184898,1
1078,5.276780898615668,-0.4646860587599726,1.2087953806384362,0.008217312032476404,-2.7893071047441094,-4.75758977796167,1.5621846262062928,-0.9589978572877834,-0.23840137166263442,0.1472805975236983,0.9779707415184709,-0.38433308866498744,-1.4157428507507333,3.4068562115572583,-7.069621635590649,2.4513063834400795,-4.025397194988545,1.5825528250455196,0.1006229947577274,0.25265045880634,0
594,3.31881453293132,0.6295069801278803,0.8695892740710147,-0.4876040475881242,-0.18414879074110146,-0.828967128558083,-1.2553714033839878,-0.4267585769235107,0.34026468747581845,-0.33121126672077106,-2.3091660791671527,1.8158949498701409,-0.6106148697182882,2.5059834925094173,0.5714806436608408,1.3153844558358896,-0.42979268370526613,-0.9355252771431117,0.8350189511091106,0.2751891741459837,0
1692,1.2552361845731697,0.664018762822928,1.0631846149580015,3.4438099294974256,0.5230797022332481,-1.234649035979014,0.9272061774094223,0.546368569982266,-1.644426381367112,0.09505265777489082,-2.085535198817387,-3.124592534376192,-2.0093906789415152,0.6402571105444093,-2.285481416104402,0.9231421826140345,-2.5429462041159745,-0.37671053553703504,-1.0466488147186364,-1.737703404705321,1
677,-1.6797543351255095,0.7664235003680328,-1.601465123275714,-0.37185249982000346,-0.36874273111869726,2.0268130845816876,-1.0263092050326919,1.0219957186035022,0.9453474815070086,0.028319172430319478,-1.7970440507058123,0.5979777159488395,0.010132115921059776,-0.33646372751636566,3.1302590090265623,0.03961204442766775,1.788321213585291,-2.4696534469975404,0.8857470891417607,-1.0515345079328906,1
265,2.4913974028995316,0.23415624197081586,-0.7111916442876215,-6.101535584182032,0.37786735193828436,0.3542043907212349,1.0672868700504785,-4.95008135042198,-1.1142004065137987,0.2817745946741631,-5.822934372209092,-0.6823043786102932,2.5757150175731223,0.2557580048503463,9.139541269512165,2.051334411755729,3.3822158857521805,-3.0878686437509995,0.34958401180542353,-0.10826522042855315,0
112,-0.7071961266586554,-0.16606172637320116,-0.6748339470491187,6.108938970231312,1.7851494855471015,-2.4381760724580492,-0.5237207332390684,2.2848486748043317,0.873510490490914,-1.2092761930678122,-1.9784687236843463,0.4037787289581348,-0.7841867865649302,-2.158516234582624,-3.661802953436602,2.3433807256607584,-2.568947802504626,-0.7154810727096625,-1.9638088196301697,-1.3039596415540111,1
730,-3.75421934568201,0.9434995723902969,-2.015099988139,4.469396636451588,1.0274353629722388,1.8888556335586788,0.8904225771911833,2.9722511240110876,1.224658093612075,0.9898099658897367,2.016894326581377,1.4696452856806843,0.20563770367609047,-1.685457231783853,-2.9438762632409867,-2.1698974716631567,-1.602500625233306,1.4814713549900151,-0.7132600265000888,0.34455146132157927,1
23,-4.263295827834644,-0.10819538911491877,0.8172665683287125,3.7070276001666893,1.3261580244837372,0.7649169560164824,-0.7528743877038927,1.1651303652030367,-0.29041531042738483,-0.5170214237583558,3.097069916822956,0.2636793976137599,-0.5094271047434409,-2.7390010405211846,-3.2839516052518003,-2.6825739471169436,-1.6158258298769326,2.640433678087317,-2.2986294238327902,-0.16691058868264255,1
406,7.615198802569157,-0.9201073979967591,-1.4356859110161468,-1.0490993461587175,-0.6958871354827758,1.7791497208178864,-1.2751032385690306,-2.3105691974203086,-0.4207753783696447,-0.22226431590449963,0.4510191125898621,0.20217374666483404,0.5324788617723197,0.025231204805256313,-0.5147717032282221,1.4290261076811712,-4.24580688182777,1.412499038356148,3.9505564239520483,0.054466759903677234,0
1433,-5.0097565540334426,2.3895304047625747,0.8366541703710204,-0.2608692517678227,1.6157251651676037,5.111478731316506,0.15514782416735845,2.1819030179004084,0.8738108472692963,-2.2967530106736302,1.8667978701123893,0.6140144956300364,-1.2676856740583422,-2.624020434079023,2.591953192388482,-2.596026361986831,1.4248957940647458,2.094692406990591,1.745908005685728,0.41918568789894145,1
1037,-6.099237929912799,-1.7275076980697937,-1.0814526095312957,1.431190576647708,-1.7912337517382677,-6.0274408818623595,0.54694949953483,0.9958218711792381,0.3862846087669532,-0.5464031685594507,0.9090641758926699,0.03141083970069203,-0.7121569556493935,-4.415513831007779,-5.198204650822985,3.490935923323331,0.5913763134360814,-0.9772666466147157,-4.140846960472224,0.06059999917422488,1
439,10.150786660504306,-3.092605110334922,-0.23691337050220818,-3.1614618842876427,-0.7612400484470341,1.8934926481369891,0.22885773381724256,-4.494390501751219,1.3817273044784875,0.8696778752208719,-5.124839862143065,-0.08693107432538412,-0.765255724937697,0.05304933435201997,7.262257799035936,3.6621819679567853,-0.6453687697904582,-5.16759883229932,4.085208486075212,2.759562539119218,0
898,-4.143718248459839,-1.2568028692569122,1.0435997620981838,0.6369125355640489,-2.8270864753764746,-2.3214732821192783,0.3382391620334313,2.2944225148646624,-0.033870112725991,0.5391818098856502,1.5681206482288006,0.18966622281457987,0.9104596675658638,-2.499020948394012,-3.4325448976074244,2.1537400602889996,0.8799827245416483,-1.9698876277640278,-0.7237370526277076,0.07487835488398813,1
948,-1.7474419459418926,-0.03408412151452567,2.387174201428234,-0.8027418176545201,0.9211613156244276,3.026314716650087,1.81510501354904,-0.0220253069377232,0.2639995391845177,0.5728964714456865,0.6812143045419373,0.08078403831475169,2.8690097218080512,-0.961916342822801,3.3855958422682457,-2.1680426775638595,1.7805937656763553,-0.16044723646911896,0.49928073831537756,0.8603486997705311,0
1229,0.5381551630959259,-3.4976607982461907,-0.8786103455321066,4.30062962774439,0.30418109146987193,-3.834068236188666,0.9019006874630084,3.433003130461737,1.0255574784484613,0.6358883522177284,2.2098695303225075,-0.9360829634583966,-1.3908849752151882,-2.261452856446641,-5.280702384617837,3.066471885352505,-0.6776342501460737,-1.1647291335149634,-0.3330425585961455,-2.6244888656423235,1
1312,0.9482158399052099,-0.03179344692586561,-1.3045193754109357,-3.209249473286934,4.448015751610509,1.8158146217723945,-2.1243857643355533,-0.24322853498949615,0.2800472248254162,0.6235175855852266,-1.5252163973059163,0.8052242566632116,-0.05137519411595341,2.870750679019886,8.670030207210178,-2.3104225359520583,6.400138836957358,-0.7537843130087277,0.5329326510169309,-0.11316611923839937,0
1851,-0.9827994315666672,2.5152538654067973,-0.36062783370655915,-3.601003480929977,-2.304978309210218,3.86499478194672,0.27269611021832374,-0.9913068398909695,-1.4075779845419625,-0.033336223555982536,-1.2679629944135453,-0.07638679375967065,0.4392620577898845,0.30076182533540163,3.428788238080506,-0.6194856303800251,0.42505879942186686,-0.6792942040027896,2.463760381398787,-0.47075028941410596,1
1617,2.700695643843001,-0.5478025251677014,-1.0276620004021655,-3.304620607371708,-1.751360255389943,-0.786384161574389,-0.12031904781806876,0.6170217723356868,-0.26733424910291675,0.9918499249900687,2.1394430203439754,0.43952183495330205,-0.36731615546879665,1.3551223222839783,-1.0979676205666822,1.7770858875340143,0.7140520176833389,0.6310461615171719,3.134000436004596,-0.053803794972374724,0
1316,2.7139348519535442,-1.0219939444769486,0.05848523087587386,-0.7592915825825691,0.08252858634810645,-0.7018140148212443,0.39681623515468384,0.09842212231851155,-2.2158208890125706,-0.6562256979895498,-2.649805093937331,-1.2721183354924583,-1.256877809421246,1.4756150630451212,2.9405332961942046,1.7930782380803576,1.9079574379308717,-3.302758049150704,0.9246034424645075,-1.2630626387878816,0
240,4.1308193487287355,-1.990969682987985,2.284937150999758,0.7581636108296724,2.8048352743343754,-0.7852701862097736,-0.8530648574154647,0.10873387092535602,-0.40200159870391594,0.9756514868749624,3.4095671534844305,-1.225161615794262,-0.7002959039193737,1.7658806213079052,-1.5014049032650085,-1.5688918476700993,-0.3282029137945246,3.108683562816979,0.5167811382901533,-1.3905930283926589,0
1817,2.1961043044464863,-0.3076698360016137,0.2275884604634367,-0.6106504833264351,1.8282738222162362,-0.6270089834922905,1.1819834079834892,-0.6938464575284908,0.9041580249885398,-1.0256232846039977,-0.03140213432389832,-0.6549573824349524,-0.2227161729347615,0.9217475515545495,0.9411084774234649,0.001764513496433473,0.4296072288288153,1.194356281906424,0.15282613965820502,-0.24040592064237784,0
1470,8.58669903408922,-2.8907596128136404,-0.10958151287733495,-1.218500683388118,3.8014021161843394,0.38963249539374567,-0.215492400356754,-4.742213751220307,-0.24166281195356515,0.3328155564219393,-2.545639901752229,-0.9651729553934588,-0.667799918176553,1.1710127588557853,5.789960222923732,-0.09026738332296635,-0.159124757338738,-0.31845383408383754,0.47463852386562255,0.5656079145250834,0
1153,4.76380245813419,-2.109050575217107,0.08840617701569828,-1.677558026295886,1.77101101111242,-3.2380397560761818,-0.12934913928445876,-1.665092220318801,-0.7939807421592195,2.0681554406829483,2.5927450203563875,-1.7514887304397522,0.6789242314087215,0.5178414728666418,-2.0337167770242686,1.3335592550200717,-0.6266986432396853,3.4609124871057624,0.4353538191378735,0.5761664162459619,0
212,-2.245574312501223,-1.802087640731688,-0.580571263595296,13.244412099162965,3.6426269754009146,-0.03063221033788447,-0.48555544466177236,2.5424004793252672,1.4730279143936857,0.16217663574706123,-1.379458595767913,-1.0011861888317897,2.052546834708007,-4.159970944266993,-5.105706282159002,-1.7093100472020206,-5.654798808236829,-1.2253567453665952,-5.121372294405194,-2.2567536922968774,1
1885,4.24854222015765,0.7763719154341175,-0.12345105597405585,-1.1257528541061423,-0.11917812228000813,-2.331809585090743,0.8228245636593918,-1.0309329587881542,-0.3937057687315276,0.19535315971720507,-2.2218173339602045,-0.8833878840577706,-0.16466667273692187,2.3614205287163026,-0.6887495207784207,2.5631834050807045,-1.1828065088150113,0.27157833138269105,0.8209153555883009,0.3761338329074618,0
1104,5.390526796133339,-3.811002911378955,0.2807067298803118,-2.7157621984252867,-1.313249165071098,-4.702794228492767,-1.5734319569265376,-1.695784665283127,-0.8154296471928569,0.2707455704806291,5.8987611546581205,0.09437712497777578,0.4995618062918963,1.0280081833721626,-5.8839995040985835,1.4857767865024025,-1.4568620689351754,3.7117527245550743,0.8596074876891509,-0.29720803855873756,0
1907,-1.9476371902268945,0.2862005227202098,2.432119513720707,-2.9932070266314534,-2.208925548577613,-1.1580294716474626,0.36415360344500397,1.7855569528039055,-0.4177030477345877,0.12989309321686607,4.379466758571683,1.532792491562171,-1.767188196293231,-0.9651203080334415,-3.66458224384257,1.4386995760030865,0.671537009934545,2.5363763842066316,2.120752964006867,-1.191285794780257,1
295,1.0928930731427597,1.3015344960562407,0.4253151222937645,-2.059352617680062,-0.9511006254966503,0.16020515018714337,0.8512531229446219,-1.4570494432962158,0.2632001279805099,-0.29589950275711613,-1.8228628486219847,0.49692582253333456,-1.1734325262142287,0.8631110894382095,1.242193114800009,0.882846873989256,-0.3475776209697852,-0.17640118670789762,0.668004072634304,-0.1878537046906742,0
143,2.0412265109391554,1.011597875150573,0.04710180839359233,-4.9787500435999,-3.4456679779654737,1.3918999917016335,-1.3907724437192668,-2.770156164361595,0.9472922438715188,0.8004335677934742,-1.6502732736923038,1.6799547773916632,-0.001242577584707359,0.7896978611283236,2.5202596548046143,1.3571821309414167,-0.2145256622954056,-1.2426988647227124,2.417348162874843,2.181134448291872,0
468,1.1450253174879714,1.2908548985594255,1.1593564945151382,-6.859027353766876,-3.7212577045843673,0.3701092726343751,-1.4556980766587864,-3.1077314615168232,0.20359203425009964,-0.14789224396729111,-3.9976519658580365,0.8533162566768546,0.020255224208777386,0.7857202018876237,5.142649160593996,3.0053859916620143,2.125621425202269,-3.282140453279488,2.136155622030694,-0.4598866723434194,0
1636,3.052201156498114,-1.9049015354268595,0.5703817461537913,-0.4085919728405935,3.462647035718605,2.023802580925464,2.124726890117844,-0.0923376242727939,-1.5451485411559818,0.5291130688604534,-2.844993329759314,-1.0703463784120566,-0.13640505526387037,1.0522877089354798,7.826704102118634,-0.5465837905567641,4.1411053073295765,-3.5370981057957027,1.0684846942020845,-0.20444875293118217,0
271,9.796367968160821,-1.3170277774018841,0.33512388045336483,-5.099536241774461,0.349284925752828,3.3278703318483243,0.1798613118047365,-5.298023140120316,-0.041916368855853495,0.36209670186670806,-5.475743409304541,-0.5768445605685116,-1.2969109675751878,1.678305621025464,9.719660845944544,1.8861935693315655,0.5421305561633364,-3.666753424028698,4.254863868965861,0.7054384621332549,0
1388,-4.432121161231859,2.289644736700908,0.410321741955708,-1.0812773616011502,-0.9518072342529265,3.7179275485099548,0.048107601997637216,1.1558373905136565,-0.006039592551513595,-0.9143300947636243,2.837982823819828,-1.9406293740289051,-1.4508534856598088,-1.1122046254410445,-0.27427906296528526,-2.7612885763261357,0.04016453305924861,2.3991798957728756,1.1549761588584282,-0.21118118766358204,1
1658,2.6574747977751487,0.585140099318701,0.9152579079598551,-4.230262578311189,1.9037366276410115,1.5059119515864035,1.2165595579340676,-0.45813646586618817,-1.560561662852213,-0.60121629298218,-3.6589994411458955,-1.2709913689143268,-1.859597787244125,2.0114454434119065,8.107380428329373,1.2501977635691854,4.740976464768125,-2.5087195772114472,2.6229639723757847,-0.7683332479814964,0
1168,-2.9744776752162285,0.8901689760469882,0.6672171512453176,1.437527650531189,1.0708812765033795,-1.2127348448323134,-0.5181061329158744,0.9160021010152053,-0.004934964479023118,1.7484134803557836,0.9793393238021976,-0.1394818747373479,-1.3925365561189469,-0.132542148501695,-2.068945789101467,-1.0538450311168823,0.09037498365815755,1.82128303038043,-2.0876783179558123,1.3468315812173075,1
1424,0.7538280384871194,0.046743363147818906,2.4594007622555822,5.1804616446535,3.382892715776359,0.19465957539084996,-0.477046687419627,1.4399788207320872,0.36943110425962566,-0.857047590075813,-2.1926852813147595,0.5241931601037128,0.4990814237780497,-0.1862328962498574,0.10093448900691278,-0.4010945473703399,-1.2379922143342035,-0.5395460532050724,-1.3595198898734457,1.5185192599008808,1
1673,-1.898984030236622,-0.03666604995524869,-0.5856026731059281,1.1871069979317557,-1.4226325437926102,-2.5151866761056016,-0.0746358468442547,2.637149616688241,-1.1816173248778057,-1.0209300800559773,2.734234755391028,-0.06934536864522484,-0.2649334203815144,-0.6972893242287088,-5.57823356748309,1.55763287720746,-0.8733034264137469,1.3055460635754583,0.04435908942754274,0.3614712408825632,1
1142,3.07082566372004,-1.53802414458062,-0.34169600026402536,-2.4475282585311025,-2.972799022728781,-3.6931538574154836,1.4110028225746076,-1.2257849837759331,-0.5154153577982882,-1.3879171679828584,4.339114345298999,0.7039039856271285,-0.3543284364033203,1.9686314772136975,-6.092527246192907,0.8788726451280928,-1.942066970942459,2.836848040018732,0.4516272566977808,2.5981700112069595,0
367,-8.376587459719362,1.412030164707373,0.8366411276135896,2.8018325920829428,1.4202559062543298,1.6333331136955174,-0.741253485344598,3.1658944921428978,-0.8273293841935979,0.2711615260406134,4.370373541331379,0.606994244841294,0.04824461294495609,-0.9212244292492262,-2.4174112309394986,-5.165481701353545,1.5236966892407984,2.953687245348216,-2.886773901109861,-0.4248773412609547,1
43,-2.2447688703165563,-1.4872233912208184,1.1922115292379971,5.311607503894044,1.3925354192380344,-2.5888481110971164,-1.9105092956198513,3.324890100762495,-0.33812047227576714,-1.0171351000632014,-2.4504544374039114,-0.5617402118562281,2.8820085945490415,-0.9132985739832442,-0.8178672273347805,1.63982590364192,1.3996463020432075,-4.082912047926431,-2.565201699503991,0.21602240258662952,0
994,5.07688778471004,-2.4181589198213196,-0.38807790665674347,4.2511634015142015,5.305307411885783,-0.7145404996587461,-0.544174133302842,2.877701391908474,-0.4532881012343508,0.3915329117462709,4.24962274894214,0.5610887909586533,1.1072072830643622,2.3951396824549533,-2.786187498297338,-2.093074804087282,-0.5083112244958439,3.6712788724302685,0.8672840934368731,0.9145142815528741,0
1355,6.018768318125705,-2.0673928940215305,-0.3168765582155511,-1.3215025709210377,3.5906918035167776,0.005827052350004107,0.283822319515514,-3.857340323611476,-1.0004890857635724,-1.2150085004415259,-4.6830467826652775,1.091277218523933,-0.7204417898902709,2.36221197044494,7.81517508987311,-0.3166819076025944,2.4036934760903437,-2.7538366684411404,-0.8199036476304005,-0.4905937742762509,0
1432,7.984842239648225,-3.619959237678965,-0.6840514484581889,-1.4801393683578044,1.5418641645416673,-2.8316769643922166,1.49086923157894,-2.079852845815452,1.4333745165961336,0.1617240464262638,3.244578075536262,3.181720744479964,-0.9329882982736717,1.896771852608322,-1.9564740839001034,0.7863784335551517,-1.1189643723959337,2.821114204418768,1.3419139333209094,-0.41966404272930885,0
1858,-5.860892738230933,-1.9122032008469367,-1.6863839694062823,-3.233885053836329,-2.7252333660724863,-5.841821406782466,-0.9091583601186917,1.66205075051142,2.1247858343453654,0.124057188694677,6.597926069687645,-0.037040915975304636,-0.2572862744133183,-4.004235345805832,-6.889543738815943,3.1045067184909083,2.046902068591683,3.0217969503385778,-1.0983224912341987,-0.6991537704005145,1
1077,-5.67717365257625,-0.11970447651473748,0.06299877723550361,10.85895512704202,2.854307582939364,4.13922075961806,0.2972974447225788,3.6825565238484184,-0.5472662133811999,-0.31515857612713566,0.27233801856057976,-1.363236450509961,-0.06922008340152067,-4.506829480587955,-2.3836764414421494,-4.0747880104217185,-3.536259764650491,-0.802028549728862,-3.133667729965504,0.6521056797443616,1
1983,-1.0445081010882455,3.469910069177367,0.9413796283113082,-4.795764449192372,-2.2491413374793177,4.372804031469648,1.0475201015461202,-2.2486772038242333,0.9440093837501771,-1.3535917311469248,-2.4080772409809548,-0.36893250433086505,-0.32246650539565674,0.21968464291500212,4.812246306726961,-0.6049978977128918,0.32605719987690285,-0.33480789011190315,2.404441874388325,0.2382164863236269,1
1569,-3.7395389573844384,2.178418193722899,-0.3988667495592954,1.8883309021472858,0.48065637200307076,2.6738540305017526,1.3073177131962297,3.116359186779283,-0.912783585726994,-1.1986816385427734,1.2903128722641817,-1.5107097694614533,-0.13677180984808823,-1.940998559179529,-1.2126562876002847,-0.7140037305420918,-0.6232226293150434,1.4656628238698919,1.3095543678186923,-0.7867014971544959,1
452,-4.855494080813782,0.8916391173875521,0.6276122631813844,-0.3085481110224655,-1.1206722628102648,-1.2063506557508639,0.14072777642032772,2.9390514449430336,-0.5164343088746121,-0.5528813413919388,1.6081117758709098,1.661521849673578,-0.7699201737494765,0.10274470047627515,-1.8234133125051386,0.03385637883830883,2.4551407288695124,-0.1843289775388649,-0.6029130703525254,-1.7478033626571374,1
668,2.2415131352336797,-0.8478074217687515,0.28965977584132324,10.340636809905956,2.344196106237221,-2.5512010202933237,0.6002914998981705,1.7076005196822797,0.5488978921412867,0.6786302799544337,-5.230361649370543,-1.7009836459177137,-0.6283820730240658,-0.5574217017009088,-3.7705544172153567,1.9007129818700008,-4.9466912242662335,-3.2923725556291963,-3.537300479410562,0.15155271979332618,1
1671,0.1995236049382697,0.09984808021227942,1.4317342448480317,1.4408961591993896,-0.011833445227165118,-0.6224105083780652,0.17858522131481488,0.8454457099556018,-0.22034469740252968,0.8622393623048434,-0.021741916956997467,-0.604253566901362,-1.7755641004731033,0.04247124949240222,-1.679760881887209,0.5197785223341194,-0.9534334781552857,0.07244459911171108,-0.09444400255596308,-0.12664476642085773,1
1331,2.4624632561976783,-2.0454415150325973,0.027695826344596195,1.362084407042863,-3.1389644202070928,-3.685121128378223,0.20847311931587334,0.562295812332714,-0.14325747543150685,1.1626889879006672,6.64311052970263,0.8453228258735749,-0.8096403238219494,2.540185953771555,-10.29092427079053,-1.0079234674116373,-4.012614227909593,3.693745475292302,-0.5138324227966917,-1.547178374942889,0
373,-0.20416114293145365,2.020272507005145,-0.45122632546532665,-3.435216952590653,-0.7660301187746354,0.020478312997949055,0.14571847628037565,-0.15106865040974093,-0.677030595029465,0.6818818448686256,-2.1733215816760554,-1.6484427551330219,1.7076987717562275,1.841418269568917,2.77397880358572,1.1648545035873223,2.221408454307139,-0.862986698726482,1.1932625332304778,1.328055768133116,0
206,-2.2374174943280103,0.6140787225687199,1.4994560498990666,2.506900297772447,-0.5647018931584287,0.2333839770784422,-0.2905332972729539,0.5758771868008921,1.311186877919619,-0.7838863298723463,1.1326161529990666,-1.633092732173429,-0.6643843555713127,-0.8873512190118935,-3.1913120082680964,-1.2393917171366833,-2.189453579311947,1.1386785743939587,-1.373716171184316,-0.7680015205606604,1
1839,-5.625297328770879,-0.37169714327339043,-1.3815191520070749,8.414681024281176,0.1539793376818337,1.109916041977904,0.27716470727664966,2.17067422046895,-0.9364205539976669,-0.9612001620810873,0.5548047148189649,0.5557469673186616,-0.08967272405664098,-3.215470543235963,-4.505689663492249,-2.890339147526028,-3.4869080048859824,-0.9481946181454894,-4.192744756478327,1.1638822861378877,1
1803,-6.9397892025380505,0.6102534229487584,-1.078618738917108,1.4087296988793114,-1.7086177797641886,-3.0226273992698305,-0.8177931889574299,2.810798529023782,-0.2483743166130563,-0.335400250634989,0.18820735944863165,-0.1510815473510447,0.12375492236096076,-1.2708909040028364,-3.097705965678228,1.038942286517018,1.9461473275934593,-1.5795031175955865,-2.8966108786879623,0.6249110958183826,1
1585,-5.319076115275819,1.701424878578945,1.7301746238017328,2.8680419043033236,-1.9853309672671564,2.9049339030135535,2.1277609264174435,0.36625022576327027,1.309979086299653,-0.9700374700900651,0.09006950949446617,-0.3959798943903863,-0.09640700801537709,-2.002785546557056,-1.6637724075708258,-2.6928722401581453,-2.3562181625520773,-0.3948073893790156,-1.8021354895777484,-9.112959241364025e-05,1
719,8.471480690736591,-3.566548658248718,-0.2644091927309342,0.41880483317921463,4.766873280235287,2.0725915188752313,-0.3667538405921369,-1.8071362558299058,0.3060561895342076,-0.9787268269137454,-3.381343308519826,0.4770391076083016,-0.4145002190684593,1.0122087517901492,8.159184277068272,0.26290901779248554,1.9133485953576561,-3.178871283181287,2.1103745111760244,0.8662477506621077,0
635,-3.5370298133967846,2.0781880869360103,-0.542362013634208,2.6584473138848685,1.6560038976461937,0.616505976243203,-0.21682520625839652,1.372131027521784,-0.9780913176384579,0.20049190261271851,-2.606752207156419,-0.2752641686428919,-0.011804787492432602,-0.22048029165293936,1.137059148427582,-0.8473289827351875,0.5633011344496843,-0.7597611150285835,-1.9607211410124763,-1.5998461553827423,1
1039,-4.868012602790574,-0.45047693678880507,-0.6274515397142701,-0.00657141178593875,-0.11449038025089309,-4.715806912504676,-1.438630919590294,1.0728160792529604,-0.7396808748993566,-0.6937925022281557,0.6439248658521408,0.2021491002066505,-0.9784297849715798,-2.8438053135632817,-2.9115791808163984,2.7164787000300357,1.6738595269311625,0.36196668504011553,-2.8023150079632675,0.9811504305359333,1
1365,6.74194343044598,-4.240507696651067,-0.25032792296486356,0.6360490232010877,-1.0391391682396358,-4.780952842139217,-1.2032097842617038,-0.6573778923519383,1.872690564395604,-1.5267057940606386,2.8938459720444167,-0.3215845423510298,0.5323482909518379,-0.6995746886764715,-6.032177733069233,4.065080928924839,-3.2585806123065932,1.0452743469377754,1.2787008039110659,-0.8374264828613405,0
1806,2.6164857303127804,-1.2291778619155276,-0.8097645121345731,1.4748008563435484,0.7837342342679567,-1.2949862466265298,0.451293791442722,-0.23485912625578342,0.41027589996476693,-1.2835196739076895,2.2303846808680383,0.271555019891956,1.213082284081588,0.447938104150711,-3.307161697438271,-0.3343224211562812,-2.155595864111512,2.27678313307307,-0.182461885513715,-0.9525233011347389,0
321,0.9889007859563413,2.2892264406791183,1.0752819748695945,-1.366512362298844,0.703725302171744,0.5554699603707427,-0.5183970478166245,-1.2954879869546303,0.4813577841511343,1.110633389785577,-4.744455741725253,-0.11587244837213645,-1.2796831710494585,0.20012612547254593,3.708155686604478,1.9614815123398919,0.1481114011835285,-1.1288825588855231,0.6119084511181856,1.8683598396511953,0
1836,5.15145810120914,-2.316726829039239,-0.8889134920254912,0.7611849884904087,-2.9992805251186536,-1.7081216446068235,-0.5065944514029436,0.060196893072471,0.4888755143737301,-0.8321577070537856,2.775441005465532,-0.863082657769584,0.2047239911209525,1.6970523091288725,-5.542839932703448,1.1783648848859856,-3.4489644427827635,0.1429910817705582,1.7586387752462938,-0.2166206732682624,0
441,-0.9395790215362574,2.0405799834331293,1.1695364080074446,-3.23949560223616,-3.24833028720908,-3.1694233201679256,1.4838322601676581,-0.2168452763562151,-0.2506191116882227,1.41621070681154,-0.05034973857821649,-0.009479598608895197,0.39338188531034746,0.43901961824066216,-3.582581220669416,3.347314665458703,-0.7828164140110626,1.2612966236958318,0.5886521842255339,-0.823075282709202,0
1392,-6.618938426448076,2.5992820261605973,0.5278086528125188,1.3479852094695874,3.4664232194196942,4.399055443433858,0.958605506974101,1.3396997403823572,1.2266658149392977,0.11014141051342227,0.08006838651462146,0.786795478213683,0.7634563631084152,-3.9471832686913957,3.535622771183996,-2.810563051726918,1.4014026317864947,2.087228130181918,-0.7188889745706082,-1.3660511031338258,1
931,-1.0633961278802262,-0.5680701209668686,0.31952858042485605,6.8068830523885,1.8473923355215969,-2.35257391900665,0.3152770859770777,1.0775152112431778,1.0356126819632412,-0.010249811918391343,-6.159885877269927,0.10157169179754232,-1.088740380747871,-1.6263768592591616,0.19507233314544128,2.2816870965952996,-1.1142295672697853,-4.812458876805197,-3.8695627018633347,0.2959453944480324,1
1304,3.9892423442392895,-2.7119983003665085,1.9750550982263704,0.17503091854343936,-0.6546919723365583,1.1594412619937715,1.085668220212316,-0.0981233249852298,-0.5322103029313826,-0.16162560364494105,0.7726989540704122,-0.7093793982598077,0.41802575507513734,-0.5117285663665732,0.7576956177804924,0.7862333835921997,-0.5696374504937622,-1.8550320407116918,2.3621460705595,0.14458175137649884,0
1419,3.3142963082468158,-1.7413313678609876,1.2969259629179282,0.37530910535155865,2.5241863444713366,-1.7545140872389688,-1.0557428053083049,0.773442529222667,-1.0809012407500473,-0.30995956083052856,0.16601755201848126,-0.7584449409283724,0.4869917971497107,-0.581431063234402,0.3302240075538983,2.3232928620072557,0.7054381201052531,0.39504088253773373,1.1970072131765854,-0.004760267150120367,0
891,4.311996028249991,-1.059980588358946,-0.5097492138398604,0.5065858921128489,1.819265659418136,-0.17784918100400793,1.1872850204011616,-1.0302887067938526,1.772451408800407,0.7403643138578117,0.15169418269971421,-0.7159927710738693,0.5980832186502488,-0.5381326224574718,-0.13118721526498217,1.038347326470742,-1.8219194664448728,1.5008427643675812,1.2132732763899732,0.3189571973814729,0
1868,-8.299890802329761,-0.3206084816396806,-0.44993464999234595,-3.944900711163858,-6.059605969768737,-3.6134395650916145,-0.8509690098212136,1.9718848020714446,0.8333430976894874,0.16056331848127728,6.835806441677196,-1.1081665683382982,0.24834120523243844,-2.8998303490339676,-7.395384795671674,1.3848379839740466,1.581098276996737,1.9091761187572835,-0.6971836890890255,0.35332764831734786,1
1387,0.5859897313254883,-5.263451166638931,-2.18920013420388,-1.1731066711819464,-2.749293682083954,-4.577166727686318,-1.4828692849794014,2.4956160761282273,0.8222651309149612,2.2122765939141122,8.700375603081309,-1.1553137075090516,0.5483943426554171,-4.257187145779918,-8.376733255081286,3.977185626648381,-0.43339240960384484,2.2809857277151133,2.350908919067847,0.4726924208300535,1
1666,4.8949644204199165,-0.09214323047184969,-0.24358284018551088,-3.3437224595512327,-1.7818029934182524,1.164107031667489,-1.5072455007764693,-1.9477360433299724,0.7669196774718241,-1.8509971981352156,-2.345211696859086,0.06398001340024029,2.1844604014240145,1.4545495487278195,3.126561767445744,1.983180439692562,-0.1948833867668236,-2.0541207906332,3.126962419241935,0.7437193243377799,0
1889,1.8941955915949067,0.16233907282045168,-0.46377705956383597,-4.719058682154807,-2.247636963753148,-1.452516077760775,-0.584983871270993,-1.0188375885037402,-1.0479719781484749,1.565698925673448,-2.9612156519938484,-0.337550620413909,-0.055827975831480754,1.6629786952578205,3.295715642181018,3.3180499479633765,2.732958528193564,-3.17155255087396,1.7547435513664793,-0.012316549104749408,0
1145,1.3535300486381066,0.5976135313979376,0.0100686139132211,-3.076550575996161,2.8312095681209484,1.8962626428840812,-0.5882053167430815,-2.158600917900743,-1.2824444156617907,0.8813835893059643,-4.7014835710340375,1.3488436403677244,-0.9087931421820272,0.9998781601476615,9.067527496672598,-0.18388828008857172,4.08875305567282,-2.3941351671110316,0.3146480494460505,1.06900788273385,0
1089,3.101851529372238,0.16847823538173956,-0.9129622812283638,-4.583817404154889,-2.5548760650611584,-1.983090555018122,-0.02186431394999171,-2.7106584570320225,1.2583303233464536,-0.46923994475415964,-1.0699328889775348,-0.6325253221130447,-0.22490433146973043,1.7043416848594721,0.2846310010992742,2.3781621864936344,-0.07605513657141216,-0.20886677696454015,1.115364082341735,-1.007622364190825,0
1182,6.408825794815558,-1.4683757528348196,-0.2862301495175685,-3.955160663448544,2.6798076240604427,-0.1944290647530883,-0.5585844881419136,-3.2933275045975874,-0.8589919624483275,-1.2527907628603212,-3.1067289014237116,1.2216688470945338,0.989228808902957,3.1108385830032264,7.243251101764777,0.4425575739166068,3.2094441511886544,-1.4828006729564964,1.0768670976414672,0.4175794521724127,0
1587,3.4024493782734413,-1.4644093867436403,-0.3560784399797191,-0.885225500516023,-2.1965424641293962,-2.855944386954421,0.13743121787061702,-1.7064918255139139,0.2722222740182373,2.1146369373780973,3.884926519311752,-0.9970705276468804,-0.8863779134731036,1.588599274373701,-6.05924722983399,0.008061860623572947,-3.2241455482265455,3.1364840862619783,-0.13042739165395267,1.962511830898334,0
623,-5.355472985167392,0.911135291198032,-1.382920633369428,0.052894897574254605,-3.115935612523559,-2.392111558175174,-0.6051838546037619,1.583978962872672,0.43679022081285757,-0.5729313341881163,1.27094043823306,2.2882490992031537,0.025069010365727045,-1.614073795198915,-4.460068587316465,1.3992540708698793,-0.12661039635823546,-0.0737963202099472,-1.5083446808327776,-0.18639053559032523,1
385,6.826454829007461,-3.3272320778093305,0.5430049228498223,0.07725594192496046,4.418735871778413,-0.44296854289196247,-1.2571517481090748,-1.4542211721120113,-2.248592425906529,0.6405618913507712,0.17797895896096266,-1.053700290080179,0.8516451494788276,0.8274477408096714,3.294296116863178,0.06758532647303672,0.972985410086602,0.5692052282974263,1.0124758943241368,-1.677773935389604,0
1471,1.954854809115693,0.719977288468501,1.3030288389662785,-1.5980721228529369,-2.538605586293763,4.452371930619007,0.0968583128700874,0.02566143585495162,-0.1412589522570919,0.2649451309211364,-0.5169755071386425,-0.743474267987716,-1.0571148832914077,0.16770636258717175,2.2757719135636956,-0.08908285712461161,-0.9713280735345913,-1.811041427922592,4.005496177691639,0.2503297991622425,1
693,3.8201702053216793,-0.9179228449826171,0.49130486926965494,-0.5988158443511188,-0.46322290454385306,-2.123499439525143,0.0587549720477385,-1.178354120753349,0.1807589330661863,1.8248450732004147,1.3614026031823645,-2.4436470918276347,0.7611332741072383,1.4330000890096068,-2.9116316337906896,0.8630603275208968,-1.9194958472590757,1.7915595273317484,0.41360257636328346,0.11932430552229163,0
649,-3.6905105878657114,0.029130773481366057,1.292705348189078,7.507184726034881,1.9428790142647445,3.417331800109892,-0.3557047379460729,2.082171163594107,-1.1019828814929034,-0.6124683007981488,0.49204274469496007,0.5289830593253709,0.9294630478604912,-5.136565539077261,-2.222793275098761,-1.9055989063586525,-3.936028420264439,0.43164259756417367,-1.3880637231302604,-0.3751451980924647,1
811,6.560276330753037,-0.6795157088996888,-0.8814224613275026,-3.5147338376076473,-0.4607077083135247,0.19902573452698438,-1.9140591973087568,-3.1944587594542644,-0.5660549766126758,2.5027029699589245,-1.5077494764687076,0.5650588814818959,-0.643256135863251,1.8838278178486627,2.5964564669818775,1.4823636262690212,-0.7614070771050714,-0.18062048933721675,2.464879899556079,-0.7214987816494373,0
766,0.33916967816387805,0.7035888539897042,-0.9636252474229563,2.619693007743519,0.9436805630000978,1.8450278631885884,-1.5148293400962738,-0.44061719644672426,0.9528068938836356,1.4130256050042966,-2.865088338381427,-0.16914343416997404,-0.172675649036049,-0.6286551411044403,1.6372771165814286,-0.505051704731788,-1.590225909893145,-1.3757625315922488,-0.5721314198679324,-0.12326502406583886,1
1237,2.713556463372919,-1.7200038213563045,1.1204821597080707,5.218089520041351,1.064402381988876,-6.342023082296151,0.7762961516875744,-0.26718971378614675,-0.06969194364177206,0.13303596241828078,-1.6661841831064679,0.2686409931430701,-0.4470961197726983,1.7457025799207568,-5.7743538433505925,1.7407856932007357,-2.9681053364190673,-0.32754134878381236,-4.369211299715259,-0.8546354086523882,1
1709,3.5158486572863286,-1.0232569495504407,0.3810888121532121,-3.2504126295034066,-1.8436173667157276,2.532173508306256,1.3748923056996698,-2.395428946473932,-0.6224851961109794,-0.8504696755092105,1.2141040312813067,1.0779189843918435,-1.8758230875165027,1.174200947616238,2.0854208047265694,-1.2631584234959257,-0.3765845056209134,-0.17846296582779297,2.3947107170094846,-1.6268280617572624,0
1783,-4.00147868019411,1.24321197090143,-0.11264438940293155,0.2689910553752169,1.0441435225842843,-1.0646795867091963,0.013898500584137947,-1.1843319532910788,-0.33437452925144534,-1.0820050251586018,-4.986871438004198,1.299770457855142,2.2742485281086835,-2.0934009807314067,3.6859959439239125,1.3486829084133287,1.8291044921074493,-2.565055249996165,-3.1617982685253767,-0.7836590753573671,1
1075,10.122159649293472,-6.435242183155828,-0.37943942786834195,-1.4168154870994938,1.1843187293548505,-3.6153233258770046,-0.3878264986908268,-1.1024865772063301,-1.1829782904141721,0.8952694022146479,4.642150255804149,0.7443932699435937,-0.8588326324365961,0.11506643908763481,-2.4994421478604445,3.073108581671012,-0.7419504764894927,1.4642635375573128,3.180067648532726,-0.45118722208268836,0
1965,6.0820387222704815,-1.6695353643915083,-0.7311915190582962,-1.0089292121477922,3.4169597319644316,2.7842092179339253,1.7983618394150611,-0.7278719956086164,0.9083611553076842,0.6068283046594315,-3.8325138879850016,-1.2329674156226353,0.29629982558400264,2.2318111880280354,8.760259098126776,-0.069512351845612,3.3280778820014376,-3.740258290877015,2.5797688535696417,-0.2685277950582178,0
57,5.4698202462086885,-2.040910686600938,1.4352857798229282,-1.6197092035087595,-1.4090045554866433,-3.9107884965475033,0.1857555520312684,-0.9743479720456534,-0.6362373145213012,0.6285788547650998,3.2721048832805484,0.6555500408998844,-2.405320975916379,2.777615298392635,-5.0118622694521955,1.39365641281762,-1.7468255792631038,2.3514447046711373,0.9203373153721828,0.686662761949133,0
1813,13.863036469645257,-3.1569790818949874,-0.5333756236986572,-1.4286173014681864,3.5104422629967664,2.8180941571828995,-2.182284566346843,-4.161354142876505,0.8713518343602458,-0.9145521256246986,-2.825409731068299,-0.06445963959273651,1.7724506139373422,2.3701881294697875,6.786315179144409,0.8518036360185026,-1.6098650159979941,-0.9838449455377111,4.614253598921317,-0.3310306086831905,0
25,1.2416239505549622,-0.8067273082752936,-0.021700111683474337,-0.9643442834670904,-1.496713016880367,-1.7602140175124859,-0.7391530931405685,-0.9457220694218023,-0.9580553032784606,1.5326839358177846,1.1295226147505746,0.5772568997581985,0.6015409682276099,-0.17458824736854517,-2.425798841205502,1.213261556965675,-1.2216765254568616,0.7096974899572983,0.081468495338328,-1.218735694860379,0
1215,5.187591235950487,-1.8538786351602068,0.996057001498321,-0.8769648112138663,4.033468361578363,-0.13370108270647352,0.4879998450011917,-3.2610624020549044,-1.5891179307206669,-1.3141512536640134,-1.1260658735588396,-0.14739809272051108,-0.7860930889736614,0.19489007936341673,4.030559855611433,-0.3154167848184033,0.3313268972602227,1.2370015878290523,-0.20310968827175535,0.9924479722594842,0
1597,-0.3699154918278273,2.7168403895735462,0.13241607329154645,-1.3501655826963264,-1.2481390627125908,0.8038285937902674,1.1348622405304605,-0.8264376900435921,1.0775290224074936,1.514189870454121,-3.4403444453074776,-0.42816404167440236,0.7535305137867581,0.6413489638917071,1.6156491859604076,1.1904566152980385,-0.5844210153068569,-0.9508489203728854,0.5533932496607938,1.1727816818251553,0
1307,1.24872067415034,-0.6790512944072635,0.9294168501038587,6.336217320782999,0.7409550676345409,-3.82879374393868,-1.7959276565711737,0.9398169334913928,-0.4667806763206025,0.32321630699054427,-1.5853447191084198,-0.22068469377449243,0.9344124958040682,-1.1476919997001391,-6.038176416157457,2.416574688410228,-4.560993727588574,-0.06682660358947534,-2.6343013741840666,0.6064904878902212,1
755,1.9678365361863597,-0.19825133732659916,0.2719203458041513,-3.6641060961306673,1.6313979362765796,-0.31985998242037045,0.47278747223470435,0.425804860274573,-0.7327574126416943,1.1681745891278976,-2.68657772537402,2.058085234068843,0.06143609274255222,3.5729473836724703,6.594888424992483,0.6541960926299462,5.861981334242261,-2.943354036058085,1.305430754854455,-1.0693359566040306,0
431,7.267250968077291,-2.8857640240870017,0.2579027491102639,-1.4754327654899027,4.607842212513571,0.5091285179537578,1.0331274801610204,-3.701745186280901,2.1281225506922454,-0.36251015681871657,-2.890951404890611,0.3390701228643098,-1.5145446148609203,0.43220549451086454,7.29244202557305,0.41467800814246225,1.6449864470901263,-1.0062422465915664,0.7112576243766393,1.59694941196478,0
641,4.751579371366998,-1.2940159912236038,2.727241136582106,-1.6535171553054977,-1.2713526602643528,0.7985267911403192,1.1499881118650868,-1.1124080718144984,-0.4732615595198135,-0.08421704179083828,-4.436019024107672,-0.08821438314705307,-0.7336760279435106,0.32178323306040024,4.7375402990536735,3.3433171853251604,0.8048285140273423,-5.1401998600159295,2.7096041781464226,-0.545288895839387,0
845,-9.093722889148028,3.520486273031746,1.2628763883884144,-2.6975430607660784,-1.2047352605441592,-0.6486966242363523,1.030155752744619,1.2460244285354056,0.8330427835251608,1.370142355212386,-2.297965574695111,-0.6833478114677376,0.3563217079034868,-0.2857014406089411,2.6363936619475137,-0.1607066337332299,4.829522362013378,-1.5509709315096285,-2.5732937569483383,-1.2392185324459501,1
300,-3.7506849850716724,2.4982148556926225,0.17468643605571343,1.646750081794476,1.6519112111518264,3.769970909841741,0.4716379764419066,1.1276990866639425,-1.1026640355522488,-0.29300118519743906,-3.1582748129798612,-0.6814572027754189,-0.13715091877654714,-0.9801369136684008,4.383637026489471,-1.6871460877543702,1.2362414722266628,-1.6081622322754061,-0.3913893719717736,-0.4273639447492247,1
760,2.7467939576494995,-0.5535941321556521,0.25660362366482703,-1.6597068250364557,2.631051537569655,0.287596098088228,-2.3728829599381354,-1.8633826345997917,2.564176827385039,-1.3097725310990542,0.16468356152892605,0.2556943233121993,-0.6919982264603768,1.1034764254529803,2.8180894114462722,-1.1285823369817467,1.0556361846871272,1.7110103269601162,0.13421243402826732,-0.08767249094669353,0
38,3.8076474452570803,-0.8857311642376721,-1.2667989639443267,-2.116876098811585,-0.8458683422530718,-3.2788421950294517,-0.8621652240174967,-1.3022659782682426,1.031263537881809,0.11381237974957625,1.9743994104309859,0.6760716003489149,-0.2073899456407748,2.124759464790698,-3.3064825845288226,1.300239638103667,-1.0748164707815142,2.330979255788259,0.4591580844425559,0.6802847185686476,0
204,6.243741139706762,-4.862717215404583,-0.4280158103680048,0.46482986956088485,1.9459556106571303,-3.176593726881121,0.17435354638128653,-0.899959719812552,0.7270680622739935,0.17175731961729518,4.013242259341176,1.8944890326325756,0.28186042241174625,-0.2183471695675907,-2.8298879250374425,1.0552811958279802,-0.9201650382312996,2.0990023393253745,0.584984902069074,2.2515101452076913,0
1796,-3.1032892556650835,-0.4967475189445715,1.6690347394311824,0.9859945091358192,0.7761728949322844,-0.3670906421166345,0.0813894314802421,1.2535429635960442,-0.6594637878790374,-0.7432163427061386,-2.232152884939776,1.2309050716527221,1.0312646481934185,-0.8639899970697718,2.887404285937729,0.34287743973441076,3.1274665478285275,-3.360268486329343,-1.5898452616203547,-1.3141297256295958,0
1653,-0.6704319646744042,1.2245838739218846,-1.2489542008959191,-1.2012438037517639,1.568432987603896,-1.6687268112982987,1.2868597468753,-1.1729605804380636,-0.1599847555660777,2.2166685378406092,-1.1643303335772934,-0.5089307467511563,0.010309165652699154,0.47941861779783634,0.7839881279117362,0.28086294685791346,0.8078919092465572,1.6156938581603786,-1.5157229151075469,-0.03163861997441774,0
1286,4.414859531535983,0.06596788288800437,-0.2741694817264472,-2.948188611176236,-0.26451211712076583,1.5134552150795548,0.9779979597924627,-2.717049968233748,-1.814713889674468,-0.981120448440448,-5.2943509367107415,1.4541104881547569,-0.11653955577169267,-0.47164142673065745,6.236289519431162,3.1776370995552248,0.4160101018549738,-3.44960134037313,2.5413485434104137,-0.6054371243614255,0
1744,-2.90463561321999,-1.7183878140672517,0.04881399859052608,-0.9135060083827427,-0.4983315167058282,-3.328871938701615,0.008743705467253771,1.373957796393892,0.8697886571976505,0.8014834765366012,2.039574137773012,0.4525608301479918,1.5276938499761783,-3.1973684546799657,-2.1264527019109516,2.8941256466607257,1.9118774180922977,-0.0007116737445649335,-0.5422745596983354,-0.23023156329048194,1
1247,-6.636286818229857,0.19699118753290756,0.42132314607605975,-2.3840566043740914,-0.69256197428999,-3.2364004147983993,2.3307512015235266,2.786444265918479,-0.15490892826959646,-1.8600287393591453,2.909315012052137,-1.8233540439789062,0.7793519551450638,-1.997472270551735,-1.958882063625621,1.6548126700957955,4.228810997157744,0.9354020429819812,-0.9796095359515223,-1.3382782427557152,1
1385,6.956826518906573,-1.8676420036557546,1.2979413281741718,3.577372123527909,3.4073503101146856,-0.18603611592448313,0.501809778031581,-0.1235751367698793,0.5997013896944556,0.9170115224275514,0.9491792570748293,-1.0668796804469602,-0.36445644481838263,0.6229758370430827,-1.9718854264018353,0.12194460685639819,-3.542082646196274,2.3328752007140134,1.2504443081279208,2.335233447225087,0
1491,-1.6567124870855108,0.2507493781308924,-0.3552912674723328,7.634009044832856,1.3563768760925825,2.7222792493733983,0.6517485151165974,2.0838832100293683,-1.0868792716433444,0.0430212094107222,-1.4859446521938557,1.2285897558940282,-1.0395679166791334,-2.5620376378149055,-1.7256636774409706,-1.4267056323923184,-3.788346630124417,-1.346414429703676,-1.299580790255213,1.152254148735475,1
737,-1.5848928599265817,-0.7476414407208547,-0.543109551961946,-3.678618744056812,-0.16583398192004695,-1.27941503668271,1.192428805130068,-1.0094564203261713,0.8997927672109078,-1.3796886583398527,0.2933750962974777,-2.1321947950067544,0.4649117068335841,-3.418864384419651,1.8235462896591161,2.8066277233940684,2.170657813905982,0.17959041206614357,0.617842996553158,1.1107390442402632,1
1578,3.0355995589152,-2.099167634834153,-0.946851466806326,-1.0622976314212353,0.7538908207009224,-0.1747004435325352,-0.2699922504755724,-0.9144537929392176,-1.8549226226862827,-1.2176222003188313,-0.5594940368081007,0.4603721564431436,0.3720383418622244,-0.26567133652249564,2.533510824579769,1.1061852614310224,1.1650870042335024,-1.4718637545829336,1.0222658818813475,0.24940155795692448,0
1008,-3.273704954952156,0.7259035800646492,-0.4892209227797009,6.540219388824294,1.0962085447802712,3.162271175940151,1.1728482221192487,2.8647492586642893,1.3629715965818447,0.7757458253555302,0.15591647215233254,0.9879916386786395,-2.501195968994609,-2.5341063363776497,-2.0073454771506953,-2.11861762301804,-2.78262869125549,-0.33648631238466575,-0.8407726220733425,-0.03726155709656699,1
498,-0.37643574386276213,0.18552596931283216,-1.020010547680631,-3.6485636793445306,-1.100222731901582,-1.7138189116715825,0.6703766466068319,0.6813567747174316,0.33478509412484797,0.16120393342889802,0.03374091244367048,0.01374257617785597,-0.9082734249030743,2.4422122295294164,1.3750684774865285,0.9764897108688857,3.697306421894123,-1.0885280561305921,0.6970972486211526,0.05662993578940308,0
1345,-2.7131005504030683,1.849750564545979,-0.43598791064689124,-3.4752148664290203,-0.11697681857209496,1.135842850977475,-0.5668194593655593,-2.0988041516904024,-1.8408528962833153,1.4048696562922378,-3.728036237831701,0.20820731997038297,0.48544760432473816,-1.8560219342244644,5.427808173090343,1.1798786613554733,2.2433055849757677,-1.4940468883764744,-0.28481065730453414,0.2950239959540758,1
416,3.680411531464024,-0.9159588343602263,-0.007582740299056688,-1.3173020837811569,-1.6510683396632428,1.7016119223742319,-1.275196351532546,-1.1553202079883906,0.04471238135162226,0.38353654443210505,0.6821340547138097,0.7278484697641531,-0.381769916446204,0.900208337056265,0.41979161618276795,-0.16379602789996928,-1.3292860707321785,-0.5101045487692109,2.341409325661376,0.10474308592992253,0
1511,-7.371354069508893,4.861326646761121,-0.1188151503310536,-5.330758830923685,-5.056735228630942,3.098306458542555,1.1650019234999298,1.8327649477713797,-0.20058806549910152,-0.9735601876568419,2.0703328771030267,0.11793924182348782,0.30789699927717534,1.5168197689671272,-0.18924741853377683,-1.9441440240140881,2.370099613664173,0.9307699478787594,1.9426674348270372,-0.9266388209405193,1
801,6.490866277237393,-2.062096680193142,-0.21848505022702466,-3.1824813229166855,4.612250381456859,2.6613861434018236,1.3881842062097538,-4.169446035634523,-1.8695522733232546,-0.2993332074521615,-3.0871000889047417,0.419566987186567,-0.09776552381372465,0.4207659531827225,9.942813815790528,-0.6435964185095093,2.741035974817115,-1.0235202707048268,1.5816061398399062,1.2482433314702412,0
1510,-7.910481634840689,0.4309925901344659,-0.4475703058124001,-5.271977610047354,-0.5068416801319628,-3.180771721953336,0.5778675139120492,0.7096949892892381,-0.15843310169921387,-1.1621221433993973,1.8356191808849907,0.4205053389462684,-1.76606780571908,-3.368009581063567,1.118997006122191,2.0809636690324584,5.851046075039773,0.8862913147643559,-1.5129190107716246,1.462898672798645,1
1898,-9.837127443040949,2.5656028012899794,0.7047564855372442,1.7562647755418197,-0.16552453800638967,3.948327814018285,0.27870808462565144,1.5837978562127268,-0.9770682317695457,0.8938534006994064,2.5604892980266274,0.6011051701455101,1.386481430267535,-3.4690102020981373,-0.5572181387669972,-4.575041285140008,0.29602527222318753,2.011339224436741,-2.2840335111370402,-0.6376585613202168,1
340,0.45020103714252363,2.450801003749702,-1.8993105665432406,-0.5708998947566946,1.3126525724015226,0.18295672704571947,-1.301779820701933,0.6368248167564017,-0.6714670831840774,0.5701118609530322,-2.759310064961654,1.2916247699162373,-0.47712206234443283,0.49182792775782214,1.67939198331597,1.742897754583777,0.28084603557095433,0.34184627594928507,1.1532819762222322,0.8386083767398343,1
124,0.6207536174331091,-0.12415364890342662,0.2790543222252783,0.21397419639825435,0.6747080143081963,-0.5092349272824729,-1.036316661165303,-0.3058260549370857,-1.1158425574114361,-0.5655496042725475,-0.934166360583056,0.23665738865161262,0.6157986155885158,-0.9712050427799108,0.3709145032477733,1.2270220025466096,-0.3204865768904356,-0.06275683261587717,0.0509544902168535,1.0692308498968857,0
464,7.834253372676647,-3.469563987664166,1.4220816635932367,-4.341472341742876,-1.2663316016204254,-5.293576825837212,1.0322341668126174,-2.529200656434363,-2.0372355382727445,-0.5658917054740498,4.619837810825599,0.02052955265475986,0.18606473021323522,1.8091174753764814,-4.90373576092433,3.0783474990650883,-1.4822574923109446,3.714208745144664,2.0138398129486097,-1.2032427782929567,0
459,1.8783246459627618,0.13069597775312514,1.1650010990582016,-3.268622734805858,-3.0748865429695527,4.035565864376072,-1.1331954082709994,-1.6151462235334821,-0.7240807220471717,-2.122310567572888,-0.5133866032728114,0.37104350361752914,0.9044261171637958,-0.011528940820940248,3.2809111379915925,-0.255877714813612,-0.332583464213538,-1.9964978788581709,3.3580964349811584,-0.28177869299357483,0
12,2.1495033388282643,-0.12742738301862222,0.9269755660953545,-1.494671861117854,0.08788888927358185,-0.1452706711387442,0.4143081966531307,0.032423544642624424,0.06889687625221716,-1.1350644651966375,0.1600473618640219,-0.3904522512029511,0.5252216511828893,1.309378897224405,0.7056906287088699,0.6022365672246026,0.6718740573432351,0.15392349377162207,1.4556139763591296,1.9999547015012555,0
1227,5.257825267002523,-3.7334005964846764,0.2650563010489736,-0.8149906271905897,0.09623823787805597,-2.0293201085310484,-0.550336393505782,-0.9031882902305133,1.7047942349881076,-0.8897413953467495,4.0143576564313275,-0.9488119123546062,-0.6048827984380523,0.38186905120223935,-2.738991038332819,0.6472423062414076,-0.9694658649125305,1.7506111766322114,1.33489555233238,-0.785441569010706,0
797,-2.3251971154291056,1.7659031091861848,1.4422803234847426,3.0275962993667456,2.2491285931942007,2.353238943522853,-0.06075202427254682,1.2112488715924195,-0.591617988133756,-0.6424346781692151,-2.668644349012829,0.6658897955637322,0.2471602268611877,-1.169221359632107,2.3132362451416264,-0.9653383586337244,-0.09789695400848653,-0.7993378607155939,-0.7514790465655328,0.40901351998070656,1
1013,1.0440588671712656,1.968140346024192,1.0985412712000575,0.8538503001164368,1.5146535661508955,-0.6704760275198204,-0.32984921753978985,0.053962667814529075,-0.3444607257894703,2.803720638362824,-3.8243031136370007,-0.5010085167517913,0.22423812067140536,0.2718755582714496,1.1315099736218266,2.094841144195345,-0.7066729792930369,-0.29123363858276874,0.026442967415619023,-2.2639088492812167,1
413,3.1298678923656733,-0.7923393173962904,-1.3471081486097232,1.0046989676469398,-3.2409137925121256,-1.8073795385804445,0.2146901701719043,0.6794820994238897,1.2724285976801688,0.34199905847243395,1.4946340229602926,-0.1359944938785462,0.45083897149530183,1.21713116434905,-5.638384068482905,1.8491581884653403,-3.424856609697699,-0.06065518341723597,1.3784698237932107,0.2545394862873671,0
1984,1.6802387294927352,-0.5588687434608097,0.13700299336792685,-0.5931296368522191,1.8571383943361002,-5.048694800354306,-0.2631525563861865,-0.5567857677851547,0.23519064031395434,-0.7972408854440164,1.8096503516981417,-2.122446790872866,1.84474308264757,0.6347703979392516,-3.8563999789543164,1.7591963024904178,-0.4164474834164714,3.8748359037953266,-1.4434410752489661,-0.8631711041055006,0
117,-3.324675735079965,3.2002881013511937,0.387700564700576,-4.5279662542527355,-0.26255166860157386,1.6111728758744486,-0.4288961294515607,-0.2258268118413982,3.178555593225404,-0.4278080334147618,0.8427527205889032,-1.0996114166810365,0.12286139411222907,-1.38220231584097,1.6160725525132087,0.3349704233058661,1.379142040615886,3.0631614142078645,1.770876866160216,-1.8104507925105606,1
1669,5.830098076097266,-1.2964965766669627,-0.9987169439908753,-1.103110075029093,1.210309740643067,-0.17114607844864685,0.24903501785211743,-1.7523181347430898,-1.174422118823223,0.4316480047381198,0.040558486278033455,-0.2897708788464818,-0.8119135415805799,2.4712724202209797,1.2155298772789596,-0.2090746157038088,-0.48247566607032455,0.7077670270596164,1.2733643701007877,-0.5935362044513115,0
546,3.451193061066236,-4.9508014745607,0.030674893200564532,-0.5347703516803531,-2.8321579608342047,-5.501360724282473,-0.5710173446324109,0.29855922784528666,1.1821567433071096,1.5437284036733678,9.627745546659513,-0.01598612496575007,-0.8398411728684658,-0.22623968025939578,-11.000699818281316,1.0494835940157763,-2.9253798471999017,4.673145854922346,0.5147801293243717,-0.7815531641709403,0
1548,-0.1691874018336714,1.974639227667499,0.8830590067001384,0.07676061101585434,0.7537310654666174,1.8826575961120808,0.5154387028221418,-1.5597072795763984,0.1616371050872737,0.058913617163035926,-2.4778828967283024,0.8709408728448125,0.8556909046184039,-1.2394572688419436,1.8995385997815162,0.01727661528019886,-1.6572070300177293,0.6509701568834229,0.03526449769567486,0.5931052203598315,1
210,-1.9581775370616559,1.7067366232214272,0.18796387524050595,-2.74194234397251,-0.5592091211843577,-1.6089372543172404,0.9990575044118092,-1.5649814418691275,0.9485147706146458,-1.8118038608886036,-1.5440943608079056,0.3547335019685105,0.13460883807693697,1.4230515005589002,1.1413504402981987,-0.006056630964303533,1.6057769305743648,0.3409557167023004,-1.748836834070572,-0.4187265934947744,1
1110,1.9909006375148848,-0.2995805502321869,-0.23594224013303627,-0.2387135370193285,0.7073572429875585,-3.203301498828885,0.28553373908992424,-1.7216291331309508,0.7742834130725201,-0.47031787820406745,-0.3057308314575376,0.46895348481486415,-1.6596858003914037,1.890309778621031,-1.6857296573157674,0.2734395625302388,-0.6835853535000911,1.4518584770696181,-1.9489989479032301,0.1107736010703039,1
1570,-3.2601728769315623,-1.4952025723216753,-0.040089067303657626,3.497960252086216,-0.4203368821918778,-4.562288388326567,0.7735044840830555,0.7282775468828082,1.422461905452826,0.14441386229844175,-1.0204113019513634,-0.036701247342765926,0.3992043230510857,-2.785300191402174,-3.8097732264629323,2.4792541570382025,-0.6476086204684517,-1.7243990742119761,-3.905770168150648,-1.2586361915652928,1
534,3.4238600966898827,0.36795619298993665,-1.3394407602396514,-3.9069490710060824,-0.2036087034013041,0.45714294770682024,0.6505435434348544,-2.3073507597978606,0.34378457171465854,-0.47788479586657634,-1.6585598692744807,-0.9508234753740895,-0.026986724702416573,1.840591082542523,3.540915300476753,0.7463080334417613,1.036788788457251,-0.3037188231465019,1.6839521596211662,-1.3650440926615033,0
85,-5.3561713279637555,3.0247473901226836,-1.616643980984441,3.488276621412367,0.1830308480334657,5.546356078991314,0.4466607209137196,2.261089197082188,-1.1651577257060728,1.5393712176295216,-2.4038289473726193,-0.2956260675087653,1.6987969154072091,-4.082277516521996,2.0759548177250298,-0.89925663688116,-1.4629033570741397,-1.4535588780236512,0.8086944457505563,-1.6132733898955272,1
1855,6.29371568889901,-1.5902003768009267,1.2721883360156931,-2.564357126880883,1.6082866131274414,1.1722758781101112,-0.03497889530517672,-2.5496244640489003,0.1665861785505761,-1.426080057466884,-0.7570646527578146,0.9985077605061166,-1.103809399189093,1.1730177815337033,4.145182211286635,0.34392602692781815,0.41192232389019856,0.00019231042055434244,2.3762881582356163,-0.6543689933423706,0
1097,0.3486070513222095,-1.0796421176194317,-1.0540837523887243,2.1977353976052223,-5.483319348724544,-6.132870062739031,-0.5986180342623942,1.402383790956998,0.673550934716272,-0.47015978471466763,7.658892144272997,-0.08621373298554323,-0.9221700252700863,2.979887843135089,-15.375305827836819,-0.29750936304088715,-5.696636178285408,4.5654485658257755,-1.8469357134545472,-0.8513931001550957,0
443,2.223321614814402,-0.05562172439342494,-0.07783199433459485,-4.0874376353291595,3.176799120518248,1.7134296975382988,0.46793287073432854,-3.027019569854454,-0.23567204976580838,-0.11414729896692188,-6.234251130809975,-0.10693671440078904,0.15053586132786542,1.5882337242769844,11.724713923566723,0.07355298228045137,5.649883918779753,-4.05642819341841,0.08564474408721501,0.774562440456176,0
1474,4.519960075358481,-2.286269081290153,0.4720524767059435,1.9118143668813918,-1.6068412377958752,-0.12835659618968973,-0.2964228661188637,0.1749944485799313,-2.097258473535849,-0.6545726321423997,1.7737228897200246,-1.252109518466496,-0.8275423743288457,1.7016302515948876,-3.1829692821152484,-0.31405049100741267,-2.645873736827143,-0.7400165531030403,1.177446090385439,0.24164598701235307,0
1906,-6.009225493058671,-0.0915045115371167,-0.075086920722361,3.1408940298078054,-2.0023627900264565,-3.980413058294344,1.1805047825626684,1.3478975224153409,0.30403233435565474,0.5924796018893619,-1.5859710809190322,-1.400484952058392,-0.8896340578472534,-2.4070830136390056,-3.8682134945262834,1.9896214781656067,-0.13465491935970442,-2.604214870939754,-4.308458536122933,1.8727894142867245,1
1966,4.304864424143493,0.6522964460865583,-0.4531307258273428,-1.067430428260421,1.244559217278375,2.874829321703717,-0.7606954826412834,-1.5389061404257824,-1.8801839172151755,-1.8761731917531392,-4.164833638624715,-1.387254172559126,0.7338298422423464,1.7862452763252252,5.942822542391815,0.08490925623707146,0.48825396176346536,-2.3043726555771675,2.054681761121576,-0.06422498391721586,0
1847,-6.002337682325955,1.2240270496988934,0.49501103393766277,8.080415393622626,2.370771543633536,4.5991976149353375,-1.7765711371980732,2.9834973934875393,-0.3351361791052054,1.2055327868402204,-1.5288960564715466,-0.5254108137853145,-0.39934426421545927,-4.3815204932062795,0.2796856153249822,-2.9175970243856515,-2.1576776160610174,-1.410325410807737,-2.1456891134195075,0.11837044330355816,1
1918,1.1297718090244964,1.2474392192384198,-0.09084813334685822,-2.4422568243740175,-2.7128716754340845,0.28796485695562896,0.20984570914643233,-0.9770608195825938,0.36372680645297545,0.5800881134818426,-0.6158713212211437,0.5734231690300933,-0.09176033745897035,1.8144847034420988,-0.29810472735324145,0.5181357040776695,-0.7198809726313591,-0.3492974997913225,1.2720915407851292,-0.46307158247913427,0
1818,2.844457551848379,-1.5036800083484225,-1.8996603123035272,-3.32505561334908,-0.25707749878058317,2.2147523749908964,-0.7584068152411991,-1.078733509247266,0.5395377808236739,0.32662852909521944,1.0935290311758519,1.2334158033295612,-1.3807738390534,-0.03996738106385789,3.5703388175898683,-0.12629072115800377,1.5809483316932247,-0.5825723199193686,2.9323948579101224,-1.0066837995149518,0
144,3.302142227423256,-3.205005755128596,-1.6845931255251907,-3.8750243716824215,0.07561923044989549,-2.6535950748269634,-0.610797037119157,-2.182008230296881,-0.6246981740944388,1.0482169313614353,3.656397280193432,0.8833204459891688,0.7721171147900263,-0.9778689763110484,-0.81707999124633,1.5223225724034695,0.8531393736228949,2.284232926419584,0.966583390361702,-1.4352770767343874,0
861,3.398961987246346,-0.3014300675801882,1.085719075065945,-4.004699944396951,-2.2834604840112696,-4.515649821103791,0.20096127484711424,-2.418566051574,1.7717056257701134,0.09277004292143956,3.387752217564392,-1.4012367555124343,0.7278959055741016,2.5019282577509294,-5.465770521771742,1.3901077458678173,-1.8554201498623097,4.249924815633884,0.13520729602069692,0.5225860949012834,0
1194,8.592017427679856,-2.9489390414219283,0.2063517475628199,-3.3136013766282697,-0.7505398723966932,-1.5193195029932698,0.3938768311823066,-3.3675255728351163,0.5677215239958802,0.30156628387615014,1.3022517270578242,-1.7074209543568817,0.908077698635534,2.1794258625370704,-0.12735662621756608,1.4682596240638564,-1.4070190205189173,0.8242998484516764,2.4154425328428895,-0.7329106880095818,0
1917,-5.728948830291064,-0.3664970162443064,0.00841702844491631,-1.39064122208954,-2.982097606385234,-3.4531939769044033,-0.9099434430131021,1.3378254796570959,-0.8940623857562698,-2.1697905191864164,2.9339795723500792,-0.916732977209866,1.4524017109276515,-2.8820182928725906,-4.575468133997184,2.066738943928561,1.0262480719944778,0.578197615514582,-1.4308599187887117,-1.7088686595426876,1
806,2.62986320652636,-2.119820224498505,-0.9330804573377385,1.1279867655828897,0.5543377145467745,-2.936458593833335,0.8460811561967568,0.3499763839086105,-0.15467890348268962,-0.6970243089693323,3.8832079209733483,-0.4190322259602548,1.4210346041655635,1.4025750960264383,-4.8507683823215055,-0.4288240321462522,-1.2837131317232926,2.6996679150089413,-0.5947395849372072,0.8911620923554977,0
1534,-1.974395527149483,2.172727217202552,0.5903229563223275,-1.9318557935006704,0.11808921733470668,1.1277202465425256,-0.015262430736513804,0.3263581455848601,1.2283921362907055,0.5816074926735382,3.22518485958833,0.2311025382129827,-0.8097742143778119,-0.8601284714264956,-2.0147606929487667,-0.936178499037261,-0.8552321091023847,4.724587259441709,1.2647773882018696,-0.9140851615645098,0
1457,5.0428277576893334,-1.69183950005723,-2.1993211661862486,-2.142496014248619,0.24800722947224307,0.04821501302057629,-1.7818859949609978,-1.700573866583217,-0.1289848312609225,-0.3234830850773088,0.34587170662200906,-0.5331954248212875,0.3087641146482151,0.7012071648082523,1.5087998693137281,0.996135670797959,-0.153879543922812,0.12995597667679548,2.1125242717455075,0.9613153376769062,0
1178,-0.967099924024163,-0.5178838117654782,-0.9535422357743143,2.2978177437782414,-1.1557045824857206,-4.785048172735078,0.9037029629602981,0.8178561794007608,-0.7538089811786864,-1.292731110623849,5.753718832654237,2.3242724631096094,1.6064964600274867,2.376329479743782,-10.103885292203914,-1.9115911406018435,-2.9736501497341656,4.958127472476766,-3.1872395948269254,-0.20115280278156702,0
1581,0.47094510435550796,3.104869499122344,-0.699285443607851,2.510729311446272,0.3457738799715342,6.227255815204184,-1.2409297215831365,0.6478042886458857,-0.7001016248489357,0.4691650797037378,-4.915326414749606,0.1916680594451176,-0.2802967115227513,-2.186542530133214,4.060351336566406,0.5213293791107672,-2.8906159085865024,-2.2465459865968933,3.0503929911648067,0.20428913267748433,1
873,1.477432210975002,-0.22569083868072404,1.6591976476249868,-1.1912783411584176,-0.8070673231163719,-0.5751662677659521,-0.8175218628314199,0.10165347106429268,-0.7298097587538536,-1.6126231780370237,-1.4627791742325293,-0.44440362636900527,-0.9524884367347322,0.9177297106804423,1.2366564371805122,1.608206825089255,0.975170566377366,-1.879413015114178,1.0200049864145755,-0.3243580562261087,0
445,2.74607722459663,-2.2045344967376552,0.4129089717024473,1.7553774633696784,-1.1898113923251363,-2.980442871606184,0.019692199625059012,0.8369211162203891,-0.8118923728327889,1.0611829120169605,2.7093662190290484,-0.5355295202330824,1.3577923189670493,0.4865616889944009,-5.597374537011144,1.3436077171586307,-2.2867502626869722,0.7905734810770788,0.12328048741315722,-0.18576288202646482,0
900,-0.6947123160576808,2.3619998069740378,-0.8830364162350802,0.5058015515411284,-1.7832484395952282,1.797058576963159,-0.2893005663593418,1.3535009156059743,0.7524828013660905,-0.23479826585977,-0.3711856834679914,0.6681192643512261,-2.2874477209309956,1.4693361217469962,-1.3402744537142774,-0.5702229864773223,-1.4442806380797348,-0.003436842366148163,1.3180844721521736,0.16933439305979092,1
1146,-5.303613368130669,0.34559812398794876,1.5159116983813843,0.2314425089632421,1.0412180163359959,-4.135837684895033,0.5050191957234595,0.49191069677330257,0.1871304254567064,1.6934069659974142,-1.8007596958777397,0.6444816624637062,-0.7571059828807012,-2.61499457040434,-0.2733778750625291,2.4252743808509507,2.44733516168435,-0.6126636653058541,-3.6193617593414578,-0.9966050294060037,1
1659,-3.1203509202148223,0.5322811257379108,1.0862442426425432,-1.7585169437045531,-3.2176919192392033,-2.2460567499134707,0.49394405443791667,1.3085273213544695,0.4475489883771343,-1.0481337538660298,-1.7354937621124389,1.0379168903821319,0.5604037415280977,-1.4031793505900305,-0.6127628419378058,3.8696490868573794,1.665385158303167,-3.071439029999134,0.24931396364943503,0.9964769781726363,0
1041,4.563902973878416,-1.1737870065404439,0.14965024417088693,-0.9471982062478224,-2.776729754676262,-5.734648129325965,-0.36741857118251636,-0.9591276410848493,0.6696595889058629,1.1067975031684965,2.076592821569227,-0.8930900520037675,0.02901645013443909,2.617382205012435,-7.357724306947954,2.938845567500822,-3.086132699737799,2.0143746040399284,-0.07679038966595075,0.3547256056409763,0
312,-6.244591253015015,1.6683637773196036,-1.2359760247347549,4.5614901964056305,-2.9280841033311287,-2.0072240930577934,-0.17878482357511064,4.544246487418154,-0.24999967575709212,-0.059023246484343594,0.45983725811031845,-0.48495698078337335,-2.088096931084303,1.3174077219434177,-6.269394775335923,-0.5943550269476683,-0.5357547287019726,-1.8046464680482928,-2.712330110596248,0.5365762100332755,1
1920,-7.061203403302059,3.1110262569524214,-0.5025377574203146,-4.105621695746035,0.13659217911820432,-1.3772807956656534,-0.19907590962149194,0.5787445357559178,0.7342212056619246,1.1989600170524162,-0.7763330828995761,0.2558638610737945,-0.06882234755475058,-0.26889290419099854,2.3304342153338924,0.2483805555068863,4.771773062139287,0.9171273392556794,-1.7097717158026418,-0.6585896497084955,1
223,4.17009343018706,0.3823092938317556,0.0026368156548183743,-3.8700041000353274,-2.394037500077447,-3.942927445485977,0.8474319313570184,-2.1613723184794376,-0.2626913368139765,0.011833370291472899,0.9770976121157458,1.0246537739328274,0.18627619377175583,2.775083564538488,-3.8167142803500975,2.540981806082863,-1.7396933009537745,2.5165673582790387,0.9218081664507816,-1.7649493001513632,0
1116,1.3733048582815173,-0.5741282560130312,0.11920566782398352,-1.9739875375615814,0.715744429675674,0.4819242170250171,-1.093122829376511,-1.000870418703571,-1.7796028143686884,0.17110174704769898,-4.2008212815418835,-1.8971892355018456,-1.5720021123118404,-0.4160780704381397,6.109901604539779,2.118586316413457,2.8972403115988126,-3.8773813452228567,0.8510568398821564,0.5131240078163157,0
1081,-3.42233337964908,1.875952770058237,-0.6549403793214637,2.65868824141061,2.1427873545846525,-0.7885956091620914,-0.5713985474979546,0.2008306573151688,0.19030772961095663,0.7975362924692571,-6.666295694466109,0.13602359126661828,0.7595616638468409,-0.7588461486001478,3.9401557418680437,1.1264740046016675,1.648552924583672,-3.609718729460818,-3.3599828541078227,-0.27790205913550614,1
1485,-1.7784639575640588,1.9044827663556216,1.2532931397754679,1.8807826396629328,-0.06825338705051398,0.581443020496458,0.1528719796976402,0.6037315841702126,-0.014005681499355358,-0.2647202588030502,-4.016720873998252,1.4570229337279743,-0.90544701993628,0.06204169439071605,1.4355991135983361,0.5922035472401439,-0.21829188402530986,-2.4206971293774355,-1.0099755980452938,0.8613926137325438,1
516,-9.197125131285544,1.1179039952547813,0.4174962990837153,-4.08635021349007,-2.5970084463837937,-4.078397737072035,0.8007405730740239,2.3252929265646287,-0.13894721399222798,-1.9532750435081214,4.582605648527526,-0.11933007841925938,1.0347036768514253,-2.035406891091928,-4.138335846736847,1.2021615900893243,4.081509326006359,2.4467921967841635,-1.7589938893633148,0.9604594153245275,1
1359,0.4525130120273903,1.3152372374967782,-0.4258971153344014,0.012864212367855149,-1.3915667769803424,2.6963610157891553,0.20575496407947097,0.36453824558564185,-0.22216142347582696,-0.33286543518837736,-2.2200531889744552,0.10202688067086811,0.1355608378515209,-0.0037196485322782413,1.8509192108142396,0.5003566538979979,-0.7696644488292077,-2.0765790075054174,1.941507074973174,-0.535685494236569,1
1121,7.501489433395907,-3.508586706310672,-1.6667111739809652,-1.249885271829414,-3.639882198169624,-2.623237491645357,-1.036388942075017,-1.2987567971285945,0.2694793144654529,0.016133648990611527,3.2693558315460867,0.4249899262507479,0.9562274764855857,1.2070666672800376,-5.453927625441143,2.726044359987307,-3.6318546842922137,0.3446212676215734,2.8120074748263315,0.7629093225295891,0
2,-0.8710199479094437,-1.1908319284512066,2.78241535671894,1.213370852823823,0.2920803870926171,-3.3807551666097786,-0.5591511738492428,1.919074858020668,-1.1042919584810884,-0.0009479488365238282,1.4820567927138242,0.44333375655879015,0.1645537263928886,0.5534576806263101,-3.0300282788231097,0.9470899094067017,1.1215493754922221,0.0595023004442774,-1.2791570561646286,-1.8656623695470662,0
1942,-2.3085164816664725,2.793953759866959,0.6917406558208106,-4.91596372281406,-0.4189453288811229,3.714840329275401,-0.8594042300813421,0.38466341204319965,-1.3165272031937503,0.17065035903587086,1.755980719445426,0.38130156792083,0.590227323334491,0.5806159841888143,3.231556451740713,-1.72034556696648,2.5094838164253215,2.2685001354417347,2.9822035624271273,-0.1211017571823599,1
391,0.8522486645823754,-2.545436152487759,-0.03200552924227791,-1.1452241895939956,1.616373879120066,2.0661438265288647,0.6542584667055403,-0.9652150119143611,-1.8304213715483122,-1.3798855233358835,1.7930611255242965,-1.601109903344118,-2.116422449362104,-2.98850421844763,3.2842341160675534,-0.5502088140774744,1.356633262423962,0.09775229310862177,1.2710542945492065,-0.06715141913571548,0
1527,-4.175043164498676,-0.23684910465287956,0.31654518163653544,4.319415784958886,2.916091793517816,-0.0900060619773082,0.5244203440875558,2.586877791849193,-1.1414189340155898,2.5796580338509463,3.4975663966399257,-0.06235133203597997,-1.3854809420688534,0.004409697986389016,-2.8557876893613536,-4.080137454636356,0.53094390198962,2.621545803691366,-3.0582562828675766,0.8266699564421712,1
218,4.428847769155272,-1.5738051047004271,1.5003031104226068,-3.349378925240086,0.2435346746046001,0.31212319551008955,0.13302287144246058,-1.632272517213703,1.5510130118753203,0.7989086394396842,-0.6267805004436467,0.5117168884911721,-1.5564596487094562,-0.09442739793524946,3.455019612504574,2.0028815446338273,1.2051318087485199,-0.888788130638082,2.702388201292915,0.724352002669427,0
733,-0.14795458328081196,-0.12360311305200378,-0.43874061993073565,-3.495359885616807,0.44524370096684596,-0.08882938802210257,-0.7772090586269769,-2.176682706616062,0.23252924186517093,1.0485482164773925,0.5477532435624773,1.6030261621320394,0.48329752431540485,-1.4893343664237473,2.070688812113436,0.49308966563631584,1.1182353328910994,1.5553553015766135,0.29246682668897095,-0.3178579496390688,0
1027,-2.349301619406731,2.199473930433233,0.7702657519513221,-2.444941690284221,-0.47384347212647726,1.1185499113321038,-0.2629773332032272,-0.1752688094024124,-0.0006667802221217552,-0.15637783083044365,1.7083618499322144,-1.1859168057600034,0.03797087207765292,0.3041551286183579,-0.3039026067119002,-1.3584567258122189,0.3437090517327652,2.846900424555291,0.5023059923900492,-0.8747777445912689,1
354,-1.2478776713959099,2.618304452059394,-2.1501346870677516,-8.780576978891201,-3.1784688883420866,1.113732590654685,0.9309898449889574,-2.2951339284768313,-0.25017995818222727,-0.3709716751884938,-2.8053518864681632,-0.006384557643388596,-1.4645225306336205,1.5827131734762616,6.329818638817688,1.6632941927681166,4.413613453026725,-1.9271407115285286,2.3824222733210934,0.5359712519372319,0
906,2.808863632288917,-0.8162139935542797,-0.43876476925224095,0.44357891110364506,0.43081654425233884,0.4646552470449327,0.2196309145504576,0.37612652650793166,-0.6166666339765243,1.5896475044026677,-2.1995982683299844,-0.752239569784802,0.22870755088230482,-0.7959893208788906,1.9877148159625446,2.40625235681712,-0.05962826325728332,-2.274772275243784,1.8887446812445328,-0.860806952605141,0
681,7.695117914497806,-1.018228133445248,-0.5595309000085955,-3.768020571501379,-0.5950878876961254,0.40227215758643653,-0.561387877551736,-2.9137332583925817,-1.8019406149303536,1.7355512335681726,-2.2410936653562534,-0.7239457017672114,0.13914120079409792,1.3548368456609738,3.3796308102416552,2.844206283659212,-0.6669633146759312,-1.1576044701807424,3.6625757673063273,-0.9238034038458812,0
1261,6.5505337070837095,-2.4849801915216507,1.8530090880347287,2.451375195753195,1.313516610558601,0.5864005434519061,2.284838587583358,-0.9583942119385118,-0.5751069411320369,0.6996490831571385,1.7214694684814418,1.2932482639865406,-0.08239024729516442,-1.1132046846683585,-2.3435765347138653,0.6841943283820553,-4.351693966673117,1.7849272126283608,2.0411196784927803,-0.8372082125432798,0
6,6.725378560735931,-4.616433573113412,-0.36226098091302655,4.9356072567533875,3.160000646005234,-2.350088067547318,1.0276571342281324,1.223414947636718,0.04129724867810225,-0.9543865797490868,1.5571137515252818,-0.5891717846818606,-0.5646072688389197,1.0700500328947595,-2.5401973685487187,0.46236312647933,-1.4898348784230975,-0.39800090775981745,-0.011639591686478878,-2.1885769597113316,0
1423,8.024257247491304,-2.2468670257404812,-0.7880505642368044,-1.641049981528154,1.892532076595432,1.9707097447928803,0.27220214871662757,-2.0057398223731484,-0.4537551550434692,-0.37246121768678675,-2.1326541966307335,0.680607729482653,0.5136242894933254,2.4495818470108057,5.894645434180675,0.1685160573208888,1.0427343902557302,-2.2233630018699477,2.9560088556807576,-1.7857202365465017,0
1268,-2.6925846477906417,0.9419166824696237,-0.23109598442901608,0.6448303950879047,-1.2803043328406842,-0.8093759869697834,0.3729735542307998,1.4315001855980292,-0.6691268286716705,0.2687415318831957,-0.18060154707378726,1.5568014655705948,-0.018769234444597927,-0.24733509041738533,-1.744893557921626,0.6366727803083826,0.12476997523879463,-0.6186040731315547,-0.6037126192297377,0.7087821130474629,1
1684,2.071855650055753,0.47347950937421657,0.05801559612578648,0.6297013244782712,1.430723314072278,1.1154016153606128,0.5803281722859729,0.1004719453635039,-0.4724639273482503,0.05676877642618773,0.6871772202121685,0.982374630040705,1.315867603026753,-0.3671999742984855,-0.5071797522339265,-0.006336104079899485,-1.7064026624049116,2.1410022950108445,1.4736344862609874,1.0295294227119536,0
368,-0.25470130561969806,-0.566711124771376,-0.6314650616333966,-0.6837124586761061,-0.2197544980543611,0.129326188719391,-0.06406536328588669,0.09045668823751507,-1.3330265685070206,-0.8825592475299819,1.339899569248721,-0.9997243927956362,0.9408475274606495,-0.9739910952736293,-0.32445861277303856,0.18467818789753443,0.19393587329778694,0.5490167711607349,0.5799821304757842,1.1893507151502902,0
1314,5.309310336618441,-1.4386297766126932,-0.11078239596469633,0.868682335441665,2.7430551421313414,-0.12996243078285719,-0.5364695509133985,-0.12471961058564895,0.2423465647359665,-1.1314422791811707,-1.2495037867543872,-0.9306928742061665,-0.23646114634485296,1.974815211754223,2.228944837937602,0.3437607010878444,0.4162586935459395,-0.6189725128878077,1.1090804782907402,-1.755858868949847,0
671,1.5730358381271121,-0.7252640198204232,1.7939890468292496,-0.8031089889163179,0.20966581906683168,-2.213615230183473,0.7075759214054151,0.9738920009268317,0.18506379296825978,1.0674885538577188,-0.08470946556997369,0.20025805513773878,-0.5178941255734804,1.3536124788877781,-0.30457654898203623,1.7583927159728192,1.5078118057143592,-0.639919134473594,0.5960280469346493,0.44331622221124495,0
1822,-4.266025380931121,3.3181195976158824,-0.4028157014161908,-7.634630217494019,-1.2754046276383981,-1.7013988085540948,0.7555184669069734,-2.7465897088524085,1.6261496072240658,2.148351103572251,-1.5459244476961513,-0.8149347298307454,0.34985944050726686,1.5947128127728099,3.614525757294162,0.23919278972236235,4.344087102760124,1.3425628424728617,-1.4054587574144302,2.037629170403092,0
1877,-1.864233972576867,2.5418799236428056,-0.43069975469937666,1.4867079216837285,-2.1807227110023106,3.718425737094866,-0.6782420110461459,0.8374551979336718,-2.1313064002996165,-1.3293659750124753,-4.752904350991416,-0.5914812108940808,0.23950481659808773,0.726443861963677,3.0992874065976634,-0.4539961760291207,-0.42569465847167587,-4.562677949397585,0.6111001909808467,-0.6625151976107075,1
1022,-1.9752258368089979,1.1394132481167054,0.2803061693638962,0.9303119254908839,2.356271410507744,0.5769720477301529,-1.039835420955425,-0.04956735522676059,0.17904324916625228,-0.01603586919784707,-0.6500638808016583,0.06699211304986966,-0.0737036940893877,0.06740277293933605,1.453843728795676,-1.790092621446137,0.8092921418183625,1.1685027093000588,-1.675667837468712,-1.4352526055715098,1
32,-6.2450109237705576,0.45977561622382535,0.8629214748239127,0.8210973286300661,-2.452942771852852,-3.15892015005476,-0.5919075388662909,2.389980819921793,0.36256712970871213,0.4411137770759726,1.9663751613272489,0.27491894694002744,-0.40014483964284575,-0.8572325146309785,-4.877615346078675,0.5242437343614308,0.9410221363561412,-0.10092891048188013,-2.5418055962306934,-0.23573342176499448,1
199,-5.852146621914333,2.0372727748751664,1.5138023039369526,-2.7483827828969725,0.8718972667892622,3.7690796139019414,1.2635298828537245,1.1448216524892354,-0.686369601768057,-0.8413534739507426,4.901691999220353,-0.5241182010887412,1.4355146822912508,-1.3658290753637234,1.0600818775551752,-4.131443016336275,2.3702445316226792,4.418178595112997,0.8346595794724483,0.1871565962119019,1
1059,-2.4162815909864257,2.048967791684573,1.7368981647052975,6.035041388882825,3.4576044436374223,3.0079550352247217,-0.7857026297178733,0.7931659899764638,-0.18784655131106273,1.4042038865612478,-5.951858239662012,0.10574051515260917,0.9837803545652684,-1.5733186603554816,3.857797606699319,-1.2911598822566157,-1.0548207558403324,-2.7338937286428737,-2.404255470566447,-0.22364848730887027,1
84,9.117221402746857,-2.9784639457824307,-0.05796668323872806,-0.5460418763301713,2.6246836363614596,-0.020045100796543633,-1.1615884799941267,-2.876133326290384,-0.9268632590394174,0.006840269670449828,-0.7309847006564865,-0.8999769335312656,1.1756224774413337,1.7131209612482676,2.739489631358182,0.5355873542812797,-1.0601021583638457,0.15578026965675473,1.8287883978150374,0.5338312631560811,0
1242,-0.44520046299525595,0.5253975936206736,0.49678254650692705,-1.0935878430903336,1.3789406910637925,-0.9058087666256628,-0.7121513103125772,1.4426597942801496,1.52498068353552,-0.01883462726081209,-2.703003670520813,2.2024252131289033,-0.44959512704623666,3.6969791467981596,4.199307191920845,-0.27978334328224297,4.881578321823734,-2.889097871010544,-0.6039443088166205,-0.43822886399027067,0
1933,7.45642187576761,-1.848690145497181,-0.36178775629322935,-1.3540668225632468,2.1470244851614035,0.5253689662499622,-0.8171792089999508,-4.330295355599276,-0.9853142536531767,-0.9311638060239532,-2.4111743385987325,-1.009853604317983,0.9089942494012685,0.38079959597919366,4.0267197774548045,0.7943656369114411,-1.432619843568586,-0.04637879446346571,1.0503104572195388,-0.34304055002726386,0
957,4.71648976689957,-0.8588257783098828,-1.2154642536111164,-3.2192029951680325,-1.1055215475914557,-0.4264041435293284,-0.05358782102218938,-1.0514895576657353,0.5527471915552598,-0.4097125250604192,0.3813162108312714,0.4756894946817735,-0.5367986398941214,0.7895039609484708,0.463222190768754,2.365969239237297,-0.26415992983893055,0.1631470739249512,3.1476557044509703,1.925715149956971,0
1798,-4.135637743738367,1.221488427546683,0.5530182487027399,2.8740848991907186,0.6414921138532235,-1.2307210435296037,-0.7719196555930992,1.0831600852444099,0.3337241000552252,0.6101208078269345,-4.856347703932598,-0.8198034010715579,1.9435577146075986,-0.7649161155080729,1.7306253609072606,1.0177919872676167,1.413891935114342,-3.709566271438271,-3.1979274219018894,0.35324967524746687,1
274,6.682405039708623,-2.4191139717736747,-3.351199622239492,-2.5757589568865633,0.6405398881620515,0.19273341506116687,1.3760837348530943,-3.3552430751894318,2.3283634312502164,-1.4129270314854097,-4.199053167000065,0.28636198154105647,0.717224970067749,0.19071141860516216,6.204064721125942,2.753913614937252,1.0163969734618001,-3.7437049904048942,1.8650245608663918,-0.5283482179984024,0
1429,2.8368389697380345,-0.2683911004199462,0.1547115626824348,3.6303977139870907,1.7121834992779,-1.381069948751769,0.7786150829709348,-0.09370634370106679,-2.0404553171291973,0.24217975990512372,-1.504369653723536,-0.7760565700362427,-0.43589085548460194,-0.408560798120884,-2.247022478388749,1.3297879523391702,-3.179333141657126,0.6192435267740279,-0.7187191233484924,0.15585006129449522,1
860,0.17985901516693295,-0.9768331502684422,0.136356206667431,-1.8017638017175897,2.7080294102079194,-2.090017970120891,-1.0671550335373614,-0.3096212876001583,0.6702672754522327,0.6012586725280086,-2.837742116032032,2.11330363737927,-0.5792248990494299,1.3278433699543908,5.292864892013181,0.9180586819762463,5.118279312436391,-2.400101178494598,-1.3576610443052264,-0.8764565806113745,0
1716,-0.5447106629147261,-0.65968577324795,-1.5713716159502518,-1.3459581428004563,0.7623870797396628,-0.06469700183969097,-1.9413047942454835,-0.1778081357951533,-1.3920303967041041,0.2035596024809116,2.7482239754395863,-1.05819846703848,-0.37545124026637716,-0.06226315290083573,-0.20754847876591317,-1.3233208190914891,1.1023719934235863,2.066852795992812,-0.04142302695356204,1.5758287603343295,0
243,4.4412080505934055,-0.46700315868001696,-1.2202419884571787,-2.7253966638162757,0.01362747967624034,3.4507485067348225,0.1176507621369802,-2.517416793048911,-0.8579691649778668,-0.38132867806970333,-1.9445674715449024,-0.01684216673593029,2.106962986901194,1.6823392683296388,5.7666346135462945,-1.0247489883345557,0.7213025845879817,-1.824049016571319,2.42597259291873,-0.5536515471870801,0
483,-7.733441803494369,4.395226291044067,-0.36370184792783916,-4.999287512228764,-3.7901221743877365,-1.871004370779614,-0.9043027681345759,1.7328290234454755,-0.672073097121607,-0.4562068342441888,0.9423935144892627,-1.1577810353782458,0.6033766278380623,0.706138975387332,-2.151103079106205,1.1606448703328023,2.8937127962288374,1.4844311937273509,-0.27650043543706193,-1.143404403170858,0
1479,-4.408437334414079,2.007330599975517,-0.3408790024526722,-1.6963480588142008,0.20050803204502343,0.9000965612074291,-0.9535955438802618,0.6482954795133566,-0.2634831626004918,0.6840098514690192,2.653848443311885,-0.5000503301987477,-0.17536591450524855,1.891241067886853,-0.15010033983531734,-3.7745580683314732,2.181969625006501,2.714237574128917,-1.2797862072591424,-0.12394100440568995,1
1756,-4.045179048716754,-1.0199961632984746,1.0084350331891547,11.62161708912399,1.5617596449794968,3.0374836729991106,3.2848138549652997,2.8232422988676316,2.000350050320503,0.4957203852360464,-0.2301052978092179,-0.15910111109889066,-1.7104664997862424,-4.98440161183257,-4.141374616287767,-2.763189228943462,-5.480185779318481,-1.5781380256902664,-3.326390315293135,-1.0891533935684747,1
1943,2.3436745222920017,-2.114465009506712,-0.7992374836082852,-2.0547326726309234,0.9162806310967915,-0.6978690686612327,-0.2909903223569736,-1.8079900859943527,1.5693899812680883,0.4207353812468511,2.212774826731814,0.6211437460245538,2.0992812285265554,-0.8340295879419914,0.5112931637809041,0.07131041455474241,0.42141682829316585,1.6928329858074558,0.49604135496218715,1.511216498904775,0
1519,3.407628226760085,1.3024904979208882,-0.4468739013298219,-3.5372014833883094,-2.1095563277011324,-0.6300490796091712,-0.478115693390617,-2.4163281358838606,0.5014630591913991,0.553764168180702,-2.987696854914652,-1.5276608500970659,1.6197116739474169,1.9459896119857878,1.4733259448902176,2.352852476122214,-0.7118088806354973,-0.9552836896820105,1.5385769960403493,0.854920476556734,0
1549,0.48350913937874784,-0.34643290068797505,-0.8852621428276487,-3.7470388479641143,-2.987488049102744,-0.1869802960922755,1.3825645590673583,-0.5415909804082066,-0.7839723437134565,0.2573995718737125,2.392494318984807,1.8617714414694526,0.8425810807124755,0.023891036217183803,-1.2188185209819493,0.9759396747769171,0.21659549537656497,0.6360122661381042,2.0736234439557175,1.519906046437631,0
930,4.503822270048924,-4.135158896298991,0.5864762812402647,0.9247984671926744,1.0025098178026117,-2.070067333984156,0.5062567916886279,-0.08697960836084528,-1.5481599256033076,-0.1041508693677616,5.666099918601209,1.7552595194317728,-0.2845946781627558,0.9018265967287118,-4.2053854873074386,-1.1610472182804035,-1.1272137833942444,2.7892083782829706,0.2955837056854427,1.0234695955726878,0
1272,0.3403918232756903,-0.16573566202286405,-0.7559806980586383,-1.6080704226457132,2.6079690147514656,0.9936763086263884,-0.6869306139752592,-2.3686348572607567,-0.29591797855579294,-0.2118305063319696,-2.7662993571908894,0.5768671816903721,-2.3770607419654977,-1.8916677615773732,5.634402891317659,0.42150149738715115,1.7451922865493006,-0.5768265703414591,-0.4362175438487266,2.2925128133932957,0
1611,5.556223660016429,-3.0479347903044465,0.00629724076578127,0.6759677451493219,-0.15642859758238314,-1.5371419041885792,0.7923413997452228,-1.0878139912973284,0.33720063411187456,-1.1483663476924266,-2.6374248715550306,-1.4695368956663115,-0.014728903067817036,-0.08002086195284375,1.4645084402505653,3.1609547485941563,-0.4894016633716882,-3.73422321284711,0.9681447569175975,-3.0546212573780758,0
1680,-7.277044373624868,2.6945781530817436,0.7681967631512544,0.7967033835325662,-1.9880359989013998,-1.503568654857642,1.1753038516479732,2.495220605332326,0.12744374974108558,-0.7622283713659909,-1.6670108051888823,0.22197417014927806,0.6426780540960377,0.06579542912454217,-1.491151673088032,0.3493193917577275,1.8521140034768693,-1.8271232235009975,-2.553880718470867,-0.5912775683103942,1
917,-5.09476256907652,0.1206278140954411,-0.8788275638969912,-0.5423964644237584,-1.2430902217679438,-3.765236668504452,0.39937190386749344,-0.1479414683018041,-0.6367593605442733,0.10860177540727407,-0.6176873694588558,1.6563352465503525,0.6232673098999675,-3.1572778127030956,-2.0059560203870483,2.628932693785175,0.9297291910685113,-0.44166604642509066,-2.8880286645278357,1.3234394421420952,1
1426,4.167255937585836,-2.368881059563595,0.4868090669626421,-0.8994638069232859,-2.50836612519428,-0.9305423846164733,0.49001711780716395,-0.9453532949536139,-0.0719775670632641,-1.1021194876568532,3.3895623476413865,-0.5024264677415693,-0.6736513201297061,0.9570244900021064,-3.75823378979388,0.310627667020809,-2.3138995286586925,0.878469245426077,1.6097126599615947,-0.5876001421631373,1
1568,4.488442927126983,-1.7011345428284845,0.007402693454298897,0.2749986868189539,2.264513505292273,0.5534309718414175,1.2962197175950945,-2.489153659681733,-1.0588812784774462,0.853067470532771,-1.626607173926451,0.8288540371073327,0.0807769751226488,-0.521916664994801,2.940748943647282,0.2782546802992757,-0.8351405410435508,-0.29534016889252646,0.2538065877231096,0.9877843411581314,0
805,-6.031231380972335,1.3572395581903682,-0.17768931299809812,-3.9814054218937467,-7.118746487419934,0.5963978450600188,1.299264186917792,1.6786920384961386,0.23978606904224894,1.306538353141956,5.050368826839285,0.7511417358992402,-1.8396122301371165,-1.1793157664236575,-5.082683620049492,0.07192218658936622,0.007117266960683488,0.7411887119414962,1.8181648711805272,-0.03982481121966489,1
1835,4.77696127686101,-2.532165067233872,1.087746270285927,0.4531859039005743,2.0616641115066705,-2.125403406269204,0.4429932499937048,-0.17336469559988044,1.0289319463579434,0.9137706926361964,0.9307676037337119,-0.35853929233494414,-0.9043802565845028,-0.19947682888841656,-0.7620996599447369,1.9668113284660156,-0.40436450875754526,0.852753962985435,1.006535888562482,-0.04217218306344968,0
1940,-0.8148815102477065,-4.750023182987286,-2.4658584738930807,0.006767215847931798,-0.4374929261093372,-6.337948666972087,1.8407961966605852,2.1385013797067884,0.9116859665847579,0.374155222036911,6.0944574875598505,0.44180536193747966,-0.9878220059803041,-4.6899956683615365,-6.965732390283143,4.553612678562724,0.6175645497977849,1.9188802563388583,-0.1520613421944902,0.01210237034759211,1
236,1.558555068473698,-1.1034485962345213,-0.9562385788206804,1.2871934453396718,1.6394663855391616,-0.9214186028543013,0.6747063691546455,1.1752189262175672,1.4142172286947303,1.1062548542010748,1.8439736321586349,0.42406489600697667,-0.6560824214778724,0.7535609490875015,-1.501013798804348,-0.36950419475643215,0.07390851493731776,1.2982979578094405,0.1808085187011964,-0.617040008793351,0
382,0.5161205524808412,-0.9496076455617783,1.4353658762032844,6.881372631758677,2.9983865303610955,-2.8160668610691584,-0.037257000268077774,-0.880231949542934,1.6399642183872807,-1.269774271957475,-4.442760544962146,-0.8452414514020375,0.5767563612746855,0.908581167742238,-0.7755469636441565,-0.914630393960988,-1.9178449843374492,-2.212154824072455,-5.718212101380074,1.0745794389914864,1
770,-1.4073825705568535,0.1705102962114622,-0.9586517127422696,8.090415062575952,-0.2918503988581471,0.611309037001943,1.319294910973687,2.8827941068117386,0.3523330139515832,0.21902680971002672,0.44584480341426347,0.6912811325285232,0.9962982892485055,-0.9727471235056353,-6.134815876609713,-1.2813460025680579,-5.002371013601499,-0.29039511667593554,-1.6912276487214153,0.8767464757479622,1
333,4.608688305537204,-0.9170070468718211,2.334799177302908,-1.0123329881310281,-0.4689868261002661,-2.5347596418908123,1.100607951891934,0.36564152376016934,-1.3295249104632934,-0.25202179472895986,0.9811546830441249,0.691567768578256,-0.9987497406296199,1.4370439510947315,-2.6724718266977168,2.7847227001532495,-1.0332772780898254,0.9740442706040462,2.0913534032460857,0.8078247816493609,0
881,0.827292022362531,0.9453679616103728,-0.31733516446374144,2.266187398803255,0.6518213816923131,-0.45976838561839284,-0.9145141322767767,-0.5713974931557084,-0.3667152703730453,0.5707007624709869,-2.586484659862149,-1.1252947369090966,1.3548070678474744,0.27771883127748254,-0.5317424172879373,0.4488872307143472,-2.0397348268680906,-0.33461913536531873,-1.1953844323967,1.467854552367154,1
1530,8.70326724974253,-2.1993073804299037,0.16305360132133687,-2.167905039145861,3.329788334720804,1.7063929822053703,0.7432807507334971,-3.4376895166305808,0.37415712152861846,-0.6322702600517308,-4.829015048162742,-0.10036231613661914,-0.16604524534227524,2.4398819654575936,9.081606107465024,0.6531204670861194,2.0981997382352846,-3.292950341397103,2.0892302944063825,0.3967341834145409,0
1871,0.9935726945455003,1.2242603125390596,0.5701411311821918,-0.03562520442297043,1.1577844319895494,0.09241451003478676,-0.8444316029907973,0.16066662347311755,0.2656286151642244,1.3167683658779754,-3.064577416369117,0.18304195551978442,-0.12958278353113695,0.7572516251144711,2.3579634296855896,1.243295488584011,0.6321236635360954,-1.069994612536123,0.4667151198709081,-1.5436995373250701,0
847,4.8170466985085385,-0.6880663997265111,0.7550602939381116,-4.20884929910807,0.1608080505373296,-0.33420566981769945,-0.08834968683712724,-1.9442877291791545,0.6868553437057051,-0.538898292067915,-1.8585229503474703,1.5875232566326873,1.5306696742613846,1.5099375854388424,4.074110100318955,2.208174623260331,1.7663232405728193,-1.1129049906041104,2.4697479377877625,1.5944661786757097,0
1728,3.623295153597544,-1.401764813197097,-0.6240261487284209,-4.398489436593337,2.6212838197941197,-1.2431985365881972,-0.6038951321212301,-3.619964338229587,-0.21502018028322478,0.8836304652816686,-2.151996058855829,0.43149990228404905,-1.0866218434289223,3.073159249707063,6.677094711059751,-0.7450883949187359,4.318158797842564,-0.7819004432056085,-0.9589735240761303,0.6484119658456784,0
1443,-3.122579263923918,0.4261281700488433,-0.27527724144741533,-0.22051079444789629,-1.4488196707924779,-2.3326282671885146,0.33060669586417996,1.8232139886861058,-0.08640365321586324,0.16177440470476936,-1.8573088243383378,-0.5426407013663493,0.6038465392886698,0.12501885561054416,-0.09280515327336103,2.158703382663182,2.4406851731619565,-2.9410818714117934,-1.007341140256552,1.403047960189375,0
205,-2.1098861779441895,1.0736402360451018,2.2095520929726327,-2.1149338418423755,2.210567675001112,-1.2225028311918382,1.0307768997427862,-1.4961325786622912,-0.17365344429712817,-0.6993337409430568,0.6366061861226011,-0.22558843287435057,1.8760211234414028,0.5460480802835443,1.2487936465849485,-1.5811937160165002,1.9586542085296539,3.013300042029247,-2.182334103359404,0.09777404751418184,0
1274,2.402956381777453,0.5050585034413937,1.800576095823938,1.2778381485350883,-0.5531714662935723,-0.9700362757110907,1.0506612965719286,-1.073976337429324,0.8649712879003744,-1.58748835052554,-0.8664508001672268,-0.6123968005700736,0.7392034483260633,0.10513844021493957,-2.708447577407183,1.1815474955432888,-3.499115975321787,1.0091261405513288,-0.07791040541968008,0.263415899673912,1
1430,1.5880004168691209,-1.067005550957327,1.1172332332727097,1.0758067361337822,-0.671863747979911,0.03623881153091694,0.327976379575629,0.38979665736922064,-0.6798926743675495,-1.2209927409483101,2.6505837920878093,-0.41372503023712504,-1.3681510373045196,1.8910085421712615,-2.689163407850285,-1.8991916295005042,-1.170562468185922,0.9230215922060244,0.06801647196241722,-1.1968334053681131,0
1559,-4.6128147755197855,0.7934039824318116,1.104675550733288,2.7846182003652635,-1.520701441522764,0.6787769692381147,0.6633988258611376,2.2939627822290505,-0.6361156704875006,0.7053882994471452,2.7138257044448992,-0.42739038479087804,-0.2320636843970127,-1.6657964325149197,-4.523591501341748,-1.4457592001962352,-1.725150707121581,1.1415790447828338,-0.9533094775733404,0.04481438763773304,1
1138,-7.312250842927087,0.9742216195586153,-0.46741623849524716,-3.837973445803824,-1.814894433746956,-2.800928144336496,-0.2446368400577863,2.8638052990923515,0.09514089848627287,0.5521046668953067,4.468318723430133,-0.1191901878566292,-1.02157816431255,-1.224920175456189,-2.9440772840540275,0.8874563537079125,4.215687500462666,2.1978231748089287,-0.3536785592470383,0.06903729157958846,1
1273,1.1324229547090614,-0.5860814309602604,-0.28394213720224803,5.190757253381061,0.3157973832875163,-2.4277290644940135,0.8897357785484497,1.473240170017228,-1.5972101009936421,0.23169793244190823,0.07784161940553033,-2.053813601787806,-0.3254486920705704,1.182036351770539,-5.255068867073322,0.019000623480674328,-3.0904142123768263,0.12417765692971261,-2.0031708230541923,-0.5718608123210975,1
1220,7.358072594727873,-1.803788218517786,0.5594197623397117,-0.8690894505250176,-4.596149883898737,-9.283631437495176,-0.87675356450848,-0.9324206598087755,-1.6628260277419578,0.5537168643381688,4.032862785493337,-0.21811923792416738,-1.1970712823140641,4.578582224876021,-13.047098236592685,4.442720973606342,-5.453505792593969,3.6759824952471942,-0.03295839341803197,0.6968553541807474,0
1882,1.6962757128022388,-0.46593464151441366,1.5582607540596631,-0.20593260966492719,-2.404579925475231,-2.87739944635322,-0.9281577889710555,-0.18869235942036577,1.1062806566667593,2.2102223771515463,0.7071067135253345,0.573302893849508,-2.40938337740581,0.5171975090850649,-4.351076393687135,2.2926829094485592,-2.1056775954583826,0.3121315280045317,0.18481730115672113,-0.1785770118543015,0
1574,1.777589347321305,-0.5393194603626976,-0.654809594994514,2.421289211740062,2.516576857092158,-0.0681757332618325,0.1886247226542809,1.1584101159625586,0.4909905187334144,-2.3167108959292304,-2.6536503725507488,-0.09140143391264904,0.324747615662787,-0.3504910830195669,2.0640194453799707,1.406900323310176,0.4943738750994042,-1.8395094962149277,0.2724857055037526,-0.10562641730952249,1
837,2.600913135640237,-1.2870947060868951,-0.5300119030068599,-1.9266411656512568,1.4995940214388077,-2.526684388455471,-0.32114001141555487,-0.9585753740017884,0.10730410649790932,0.31613208379420266,-0.28721924168134505,-0.5398350272504395,-0.0208837545884576,2.4245058940026545,1.6252942092456473,0.4025112679126188,2.467688078869199,-0.03941606167451084,-0.5938732412317733,-0.9371291162016596,0
698,-2.579472320815163,-1.1432004218856475,-0.43390464008457263,0.18353338183354231,-1.2011288251416803,-4.088439901777374,0.48351691307999756,2.3161389609942833,-0.1565558629324484,-0.36986042509633915,4.114841508763767,-0.46634067302228044,0.6597892274103156,-2.041762399544694,-6.216633238510239,2.3576439112171563,-0.04137163589588666,2.094140448388623,-0.4529327564848822,2.1156768261081162,1
591,-1.6343556021297907,4.530694593217395,-0.686154128268335,-1.9518875913747946,-6.3165709217020325,1.2297778067507699,0.6249677307390962,-0.9754362321274893,1.4399895964430094,-0.23360889135915952,-1.9532906848373681,0.487827154409077,-1.415509587717655,2.8190041671286847,-3.0639317335656786,-0.03282012990696481,-3.4660642949696263,-0.5445498135437818,0.7042844652955933,0.4005646083098138,0
1656,1.9123978262441699,1.484837354356143,0.9026837465842882,0.6856934632909083,-2.0972575709392896,4.674187871837568,-0.15450910260012857,2.317390189430509,0.9029169755286961,0.6239926026263454,0.018301740987732865,-1.2764534302966621,-0.39631842553915425,1.7593304019100642,0.36075376438315854,-0.8556950126689107,-1.5213676247576728,-1.4736790066148402,4.286783078669583,0.2223429988227688,1
1014,4.528613774353268,-1.1860271034282457,0.5957490734038089,-1.487590097422037,-0.10184824449052443,-1.220630081375287,0.0664859013425992,0.37049730752507903,-0.3995347311290901,-1.6699137525477732,0.9723289366788443,0.963575921190565,-1.0573247461765258,1.5503240191934617,-0.7020634098626526,1.9122487358314857,0.06699880252625257,0.32689244934630945,2.528050690369958,1.0022293861649898,0
833,-0.24179366580339468,2.2256089792087566,1.7121903766092408,-7.226685214028306,-2.6727625561898782,0.9991873209602198,0.016927127739407844,-1.8108287396748621,-1.569219568904859,-0.5976433055276423,-1.8254194784762896,0.05377366556454425,1.46758234421163,1.0114656302179255,4.409623775694384,1.819732227567035,2.7977977955213564,-0.8562712019370419,2.6892580674277093,0.003247590641182712,0
311,0.2295899394659444,0.6191491095286719,-0.6830226504480659,1.1426614544131368,-2.66605299810608,-2.77123085740287,-0.3928067698762493,-0.2200869683679605,0.8610095966826857,-0.24277809751369156,1.8664703814411818,-0.1333023382509383,-0.07124922079603573,0.890811792792343,-7.011740044386129,0.6064480998671924,-3.915871385876694,2.2611282613840853,-1.0878703930602782,-0.9684418243029068,0
1047,-0.69203271328657,0.12547737721752728,0.717654762374282,3.140540371689302,1.1338105296718886,-1.9435097161934227,0.8013558136047954,-0.5404614737035609,0.8269859933908335,-0.5982784837849372,-3.849360609205265,-0.9352113630199185,-1.1837742269842904,-1.711435714925142,-0.12331083384557084,1.9173951547306238,-1.3200093404520494,-1.7168183700505457,-2.619811777179846,-0.9617305082705992,1
102,1.3811404617822785,1.5227470114032537,1.1497990290641167,-4.3381055151078245,0.5867710780990343,2.038834593658294,0.7341488972129462,-2.752203837289924,-0.6997385261672485,-0.5030561660703972,-1.707198425400384,0.915732608358864,-1.2168755264347124,2.1904955508797332,5.315428439797732,-1.4897770793712515,1.9338490883961401,0.4441375351661735,0.8331416387644041,0.8094131146957698,0
868,-0.30450105100682257,0.1818152630037111,0.7484196952113837,-2.1133719755956912,0.4175603527686037,-5.013816627700549,0.1332676072166033,1.8290399004010038,-0.7913932340555581,0.02378935059747958,4.079104136769808,0.033197280075690276,2.0366813434869173,1.4261322448601192,-5.25337531263198,1.8466878953551569,1.2178240156235915,4.344786136890933,0.07344164726775815,0.8635413195020004,1
161,0.08799626746805825,0.6460490968743859,-0.21993639384626115,3.5391962344278216,2.9321123106541114,-1.2948713195031807,-0.08790151477699008,0.7046613366324781,-0.7517071084457944,-0.1417730767179693,-1.0985794731213427,-0.06616829974537419,-1.3310967253800028,-1.0466879313106123,-1.6986300558063878,0.6608296347156217,-1.8055351267454172,1.6596113361391445,-1.4834640639102448,-0.3270046402581329,1
564,-1.963428230383065,-1.8891818633513897,1.6395412188544407,2.132104707681985,1.5330438356312115,-1.0483919282650784,2.5854569325198904,1.6726541043136387,0.08923397977051194,-0.2142196293280735,3.7053850371075954,-2.317877536446302,0.5571146319929335,-1.571212848928202,-2.6276183132644477,-1.230488332284347,0.5373442618284441,1.683935800057189,-1.2845254842326628,-1.337499480868435,0
1698,-4.167931117027733,1.7661670326448498,1.48770760073336,1.4939642897315033,1.1306677828742102,3.020475018488125,-1.1040979320233364,1.2002264237138998,0.18804418673839715,-1.2824033443151976,-0.2815527447902467,0.3310462284164006,0.7861730905340494,-1.6748173135489062,1.6295640537407496,-2.06328642473247,0.43324886056403966,0.32633095631811326,-0.48544742742766755,0.8279854351294847,1
1833,4.674892929268295,-1.6553675694118626,1.9206555989131915,-6.221042605776932,1.213046239544838,-2.5521426111471555,-1.955781869232736,-2.894363151544521,0.49193384387539846,-1.5434858531515987,0.17762566512166036,-0.6931871238354343,0.9267471826431926,-0.8679907385842096,3.0547331914240985,3.9044595190831224,2.213130517877547,1.584681012750031,2.3689874421318318,-0.613548663063577,0
1421,3.755734077234652,0.9967166950286481,-0.5109286612887961,2.681631215195477,3.4372394989662642,1.0631881746679273,0.5625291921992024,-0.4174036182754659,1.5257902695909504,-1.8500407169136852,-5.028425047094985,0.9095074401003284,-0.5795025578036123,-0.3562005868808662,3.2440421833981667,1.7546231494616853,-1.6183943555678606,-1.0213972804369797,0.6938583659383837,2.1968028091248986,1
1862,-6.070368564465793,1.590674329255444,-1.0230434772228665,4.280803719748666,0.6417171178388574,-3.5892699296282284,2.5290600283013074,0.12655160715840585,-0.30063470472059284,0.7709081814272645,-6.17147973840813,0.15805775250519571,-0.2718606340774719,-1.3938005581841644,-0.0026578654270667753,1.3932360537569912,0.4772033011281087,-3.6070756296521567,-6.276223718346003,0.7589851515160017,1
1974,4.777766276343464,-4.424854666343599,-0.14534006028799867,2.6465057948294386,-0.024020138276035552,-8.018360650633268,-0.4861275220208814,0.35737933187673443,-0.795748246740711,-2.016301588382554,6.953805360018878,-0.17683386232536644,0.13792528169019194,0.7260341772056644,-11.912652007497503,1.8969148966076506,-4.028336458030324,5.086767391132656,-1.7541775658868564,-0.5377029717886957,0
1632,4.388020312545842,-0.2111703289022654,0.17386039184029664,-2.76125854568922,1.8347770921565592,1.343063116354073,0.022889027298371268,-3.934483512671702,-0.8568369754319812,-1.8847224840809547,-2.0308022168311397,0.5417290700728323,1.440084942818419,-1.2353899082874649,4.344511349942151,1.0441652490447402,-0.8666180993012242,1.118402785237615,1.4469499857168626,0.5361071366512575,0
532,1.850535519459705,-0.5206218474143398,-2.2967002980720665,5.701533501891033,3.82674480055888,-2.4913080842457878,-0.3267684052730255,0.18324848831215013,2.2912504050947895,2.078752457143326,-3.8839541742744674,-1.23261918531904,-0.5682139175098888,2.5424719633937003,0.10525898930726582,-0.8907493627682388,-0.5896009634761807,-1.5641707353160714,-4.072521833746331,0.7807145951946928,1
1864,-1.6548952457366988,-0.5630948448362534,-0.1953839977240962,-3.1392822511825216,-0.2704051043710962,-0.15093601765791526,0.6727509164730683,-1.2146802936101948,-1.7508120829598839,0.48303582252474436,1.1007329490139046,-0.017332958313801192,-0.3744447918381981,-2.3830910690776723,1.5629034470745904,0.7867224810790612,1.660644719630187,0.6994852038429922,0.2742206020340642,0.38697307085216515,0
1438,1.7040580452474692,-0.14849283177781347,0.6639393321755509,-1.409114028165229,0.3816545749082886,-1.0039010064479512,-1.3318260499542052,-0.46569168204176503,1.3181928774646294,0.8383534420135926,-2.1491493662055015,0.693427607934517,-0.1020883826912053,2.5090675741945367,2.6567977240883103,0.4834800927484916,2.1869638754364464,-1.875007870075395,-0.12469308771107324,-0.47734053085365213,0
1324,-0.4314017436806577,1.344817546739601,0.8357158853922388,1.5893022535155434,0.47896358142390194,-0.7234817204375079,0.7926983785358026,2.5308471024614176,0.11291946263674063,2.59861767052221,0.7863224309648121,1.3199078034052087,1.615574328535041,0.36658068279232103,-3.0067198451425874,0.9101770920036663,-0.9463443053261018,1.5481921131030392,0.8193571391272623,0.3774777310893699,1
1672,2.6468804689305023,2.9556013421368754,1.0513057296988872,-3.2868791969033695,1.873792634800782,-1.3220058593523856,-0.5539435698274453,-1.5016254146115675,-0.31073609560698967,0.04092020767023847,-5.109075346684077,-0.1315555057532785,0.7092829989303863,2.0127912827977497,4.083496783791703,3.0543777780229746,1.327784724829344,0.2511800529174155,0.9892315462254906,-0.8291731249820818,0
93,3.461903729622783,-0.6450311068575583,-0.7591310337287392,-1.1673100096469118,-3.2089736458419607,-0.8463225848258277,0.02056284849827014,-0.8181594495019989,1.732851363168123,-0.6299638750404902,0.23099682386771384,2.475428420198342,-0.18935152719339882,0.7158699482938495,-2.5217824453416076,2.1460563322455615,-2.3860645392945177,-0.7179539145677969,1.9291618403297717,-0.3488960387293365,0
1710,-8.938281703046263,3.186099419351951,-0.32916036953320177,-2.935783279794074,-5.788421251734982,-0.5078865552400436,0.3690393205495385,2.8682735634291787,0.9422021809519615,0.4024417533437422,3.500245356262745,0.6320734591563276,1.4214673410058243,0.2515164912562933,-4.797101675895646,-0.671914403135154,1.5619719075945837,0.7735886747203582,-0.3081729241456469,0.37449319435518386,1
1056,-3.9139823644015834,-2.391017485182804,0.4818449915685532,0.6970040138352988,-3.406537186986585,-2.996009235484534,1.5484671828298096,3.862842435293462,-1.6480481416215735,0.9026502970542266,5.057296278553769,-0.6918453757379085,-1.1403742284452894,-2.2576174451397435,-6.345658264772129,1.9266579470347769,0.9141189441555606,-0.6848859183715448,0.2234973086879577,2.7268751830399713,1
1031,0.8792042949818893,0.2040998264386037,0.40798664668231344,9.487086732163904,2.379453268909691,-1.3528485504207617,1.9926392747898338,1.5150302894073306,-1.10899104922671,0.36741636024582736,-7.126567833865197,0.06294435022575808,0.3522937734937621,0.7385482331779805,-0.6617197001001658,0.7498997328496391,-3.048274493532431,-4.882925126722354,-4.037028599730402,-0.43121335268001687,1
1410,1.618378249434902,1.1198827616971,-0.37273916738233437,-2.214394428592135,0.12146594730425764,0.030646429294265358,-1.0916268378905971,-1.9579922698451429,0.9107340546662441,0.898749202088617,-1.5125000582553085,0.07816019855834268,-1.1181493770604862,0.06931582125752944,1.445942647730113,1.0902720803151942,-0.587070269563061,0.950966964373684,0.7117748279819206,-2.594232392993297,0
1589,-0.7966624734216028,-1.0043058018774156,-1.5869012801197924,3.6885116477017794,-1.3065675398583605,-2.4300657765896854,-0.2676636547309932,2.987880969349683,0.01243222871070314,0.9708702980933376,2.0936210933858836,-0.8042124923517244,0.8241844315627745,-0.4451541705575389,-6.177928853141869,1.2450517560085579,-1.9226628423387377,-0.09606959610840815,-0.5014475413712127,1.5188738110940443,1
1512,-0.8180514782577539,-0.02611472432725337,-0.8338879110455405,-2.3468326578952117,-2.0424537988009748,-1.246976889180288,-0.4996564488209833,1.9764013375808562,-0.9524634579447895,-0.26260632130921524,0.642793188228876,-0.020981287788912166,2.2297399884979336,1.8820385236630943,-0.11628935195440561,1.2424969362386002,2.8987319669922114,-1.7422432637602512,1.3139602000241732,0.9466300002513581,0
1190,-3.01482967288752,0.3989453653355589,1.0646095266978675,6.332901743091362,2.8799208099868094,-1.2743987688853295,-0.9560889421186402,1.6256360569734576,-0.771011556452448,-1.8419764946693926,-1.334885661662829,1.6698564489529728,0.5431535282200572,-1.3180449128026193,-2.4178452878983694,-1.0156579558077465,-1.57600107337011,0.2637324674884337,-3.9309875541540538,1.356568471251853,1
1540,3.814292775327213,-0.8089190016601753,0.6848058323705408,1.8501152969166714,-1.4352322367615087,0.8967842885542437,-0.10172425169645177,0.9559308595050307,0.7092183542950486,0.8161079297515762,1.0032985025097738,0.34886602864110783,-1.1997897805499458,-1.5047884876961857,-3.3723874349552387,2.278304916378916,-4.07773888895262,0.19290559445938493,3.1934995722677475,-0.4324388591572906,0
1120,-3.555044953865216,2.9798320220609025,-0.14577048254760544,0.8215675216522385,1.713649450984697,3.5290191027600337,-0.6028164544084048,-0.15008912006926223,1.132372920337719,-1.7136161512438093,-3.6766003308166773,0.9146493564816444,-0.6781091272633135,-1.4046222046102783,4.6031236353771225,-1.3675156517837128,0.6307530783020951,-0.7968252931794932,-0.6926583337871504,0.6324129516339067,1
275,-1.8008159203600036,3.5674075850061113,-0.8846827527546581,-7.885505890957718,-5.750321102485671,1.470438115021472,-0.986934482557045,-3.007300822623428,0.5330759915948212,0.05524623124759687,-2.375025508453769,-0.684324431250555,0.8193028197854216,0.6647132079004803,2.805241719715601,1.8279380129021277,0.7894366319002477,-1.133151747080062,2.2806205880320793,-0.43993108048627977,0
1450,4.5396960311736025,-0.30863687742129753,0.2511830076171236,-3.473397181258554,-2.0594583732917435,-1.6180472693638213,0.9961595301747443,-2.9110311232091277,1.109619651607133,0.13820434697770748,0.42341309321556436,1.168402782711204,1.9883259440531387,2.368128871693637,-1.2153014596984089,1.0432861192239153,-1.5104276571476618,1.2147356660208115,1.0841763685919075,0.014573456839673425,0
1926,3.6377853868061614,3.0829328161164318,-0.8956785362533872,-3.6804762947759198,-0.8557240931245028,2.039268327537976,-0.6193054742529294,-2.5722176317350587,-0.3839357905698667,-0.1990235267239502,-5.145059041703762,-1.4068246613503848,0.889296009755994,3.428604957338513,5.055973205049602,0.7733098463322233,-0.0019129161193331967,-1.4337637965976726,2.107708862090441,0.3523801644989204,0
11,6.09131499246019,-1.9624845518158391,0.44858738403877196,-0.631729815415935,-2.5642952239304004,1.1908546988291286,1.3105552778794647,0.14243926521393302,-1.319648746989677,-0.03350267009106752,0.5690951496021335,0.7857642803988628,1.476691747776021,1.9572982509259598,-0.4446610514112156,1.1879073163944014,-1.498874696004417,-2.257768410788945,3.827536571697983,-0.007584842030819711,0
565,10.925510542081847,-3.344242861453696,0.5303984967663589,1.317672726791546,3.8443061339269695,0.6546153897688931,-0.3235769597412475,-3.21824963995664,-1.0780697410063678,1.187293256570556,1.007037915710812,0.37340079780237234,0.2211727846979222,1.286373714430739,0.6411573319932721,-0.588116348477173,-3.6960344844734507,2.6611847727693947,1.9948163915488495,-2.578099164313778,0
19,-1.5005409371969527,2.1804055214347584,-1.1362705111382088,-2.4769311693656952,-0.10546218866692603,-0.9345365844607741,0.2659376929353109,1.0568777118360768,-1.0409126300728584,-0.3980570192114607,1.1668050505153797,0.8840568560509755,1.4303075908911795,1.5748978380962404,-0.9936792986856178,0.22844882257675414,1.3541390774934874,2.4077226182423055,0.7089000928617507,0.03238501800161189,0
1240,-3.641956146629094,0.7538765088055299,0.4332052574299857,3.676565894653661,0.7058993647840369,0.9604321212586242,-0.18233381566815443,0.8894066681176578,2.0525291900206972,0.021600876216845314,0.3417390709734959,-0.06554013885282559,-0.8922087905484724,-1.475212040413901,-1.7608838582885025,-2.0971445133662776,-1.4746337192652788,0.6357112110126384,-2.301799361004768,0.9114997588961076,1
150,-4.955674113919545,0.015138327806778151,1.1713756644649251,0.22874356883192934,-0.6941790180085228,-3.0570505576099576,1.7871146536639282,-0.5380523688578356,-1.8948524737785746,0.313982105317327,-2.440803446018828,1.1002817758476884,0.9336438041170898,-3.2521926358047186,-0.04722253305509853,2.419169150954999,1.2266315192038884,-1.9809217031871236,-3.375556735921683,-0.8338815605144135,1
155,-1.4011118692592006,1.4068178682234562,-1.3924341177944153,1.215971046507244,-2.0238455692629174,2.0240149249073096,-1.1842988437865425,1.0577193773015612,0.6491253661353057,0.9704443443088446,-2.7420759670480237,-2.1575910473712834,-0.35317870750851876,0.2366961023106593,1.08229205992946,0.21272610279578574,-0.44994752124583126,-3.2711721212976816,0.5696577346762206,1.1032403738570484,1
90,-11.589705218347538,5.181950772626384,1.3785230915045645,-2.0279800503889183,-2.0978382710638277,-0.6415722687208646,1.8702940169151303,1.4830232269781831,0.4690966979185338,-0.457301228036996,-3.4195912474609322,0.47583311039251486,0.39272822228436594,0.07894016039930318,1.9052929880610476,-0.6682152336034466,4.409729432524436,-1.8447816688698937,-3.844322170363468,0.2223851304164544,1
1416,-3.897543665859724,-0.12038080571741006,0.49171748174840746,0.008287302617867323,-4.796154766727959,-0.9833418141051532,0.19657862624239963,2.3480809557808717,0.9605511495045411,-0.6291000436828419,3.902340810371249,0.8615394903686349,0.3952000380319281,-0.759402043599885,-6.034975022036817,0.31576888808450343,-0.9339408717001705,-0.06244764745851128,0.3034887467979672,0.8331076060908221,1
1465,-0.8774438235064402,1.0816150976416319,-0.35942613321873174,-2.3369396411440753,-5.4197095412773,-1.3373512113325063,-1.5484506075451108,-0.3933573245153975,0.5989567279666671,-1.6439626523511748,-2.111475702114447,0.4521751411501308,0.3704475708792662,0.21647289779730683,-1.5991210703125922,3.234649663250747,-0.7924275316018168,-3.0994080473967767,0.8451328939744632,-1.8013328406259663,0
639,1.6932084205353328,3.19087588755869,0.6293179448904358,-0.507702584326707,1.0942582235846325,5.738247725079524,-2.000205195222052,-2.3397721030869487,0.12129860405272658,-0.6425149262115356,-8.186758367970972,0.46086028438402915,-0.12270520497696173,0.9295296947359093,9.480949561997829,-0.648145889976192,0.21793454739268225,-4.182005267947619,1.35747506627375,-0.9904224120850973,1
895,-3.7706265027532377,0.5503487318510505,-0.3048925783134219,3.6592758298707997,-1.881777690029486,-1.2561299657719112,-0.5197903081006562,4.108558794918934,-0.13173588126981595,-0.36334455290245,1.483958148119385,1.5088488513046148,-1.7617168745780938,-0.7873248400597832,-5.513983010788467,0.8424433803533325,-1.125332109302955,-0.6674963528678133,-0.4947336791903125,1.0249094606774443,0
735,-6.441561518368347,3.2544455171597093,0.2959696550878667,-1.4284009597053993,-1.8838683173938775,-0.7839843290789442,-0.523759158529726,1.9819653109558124,-1.310834996307312,-0.0446741446127772,0.5748295148631652,1.1327845309943947,-1.3441420711785446,0.464179578889399,-1.8970946468710312,-0.3116203457565967,1.67271600880904,0.956021316889788,-1.0991805436526034,2.7145068562617487,1
1988,6.771203636852723,-5.05035722647987,1.25760620394036,-0.344018896306557,0.8196480926258805,-2.4463311251178395,-1.4094123094911422,-1.6387601165856178,-0.6817065071404776,0.08589863332020205,4.478328490590833,0.344402240956221,-0.18979121952354133,-0.3790267289657918,-2.893210368317017,0.8766648316145185,-1.5650583070138158,2.0525011039379972,1.2044702005424937,-0.14456744497237883,0
1542,-3.169993416505935,2.2154135797497685,-0.5368171557586141,-1.2066029353319396,-7.081642548701117,-2.250252587663084,-1.1810993606941467,0.10887115939590819,0.736968175512219,0.7834454068497497,2.630870517989714,-0.09802611023364229,-1.0933889748035532,2.0065626489816504,-8.445832329059744,0.01101120337915662,-3.4759874262130324,1.2666866082082586,-0.8846344142467177,-0.17294083887179243,0
1235,4.656010307596802,-0.9453661406613947,0.5176466108324069,-3.2867662416598864,-0.7482250016178225,1.9473660989151294,1.1543245375480817,-2.0388044820701685,0.5816513120658702,1.15860176558875,-2.6966130579899663,-1.6965089510675033,0.9758716255473834,1.0367621781242664,5.478298777172348,1.3077817829756857,1.2743165241449805,-3.0841799331908817,2.8880157457774116,0.04462106138069484,0
918,-0.7525264571343048,1.2618992115296024,-0.3318058376508944,-2.7118819673942127,1.51299701730784,1.1436156773035315,-0.7146932953040999,-0.9706020082402398,-0.642225424699938,-0.9992874701682702,-1.8832354033667762,-0.11776425644827779,-0.790440667413599,-0.6437442389646175,4.5498600315868,0.41629503858608097,2.2894897242584262,0.0908862732437028,0.6214384760828405,0.2466042800483883,0
89,3.22997136600674,-4.746152854893582,-1.1300067036422166,1.0404698946392577,0.10646711759787797,-7.669104058780092,-0.5088399253184213,0.008589860620879186,0.7226827102392215,0.6589776113749934,9.472026242362665,1.5167142602717791,-2.0488980469374893,1.1193334185115513,-11.694085078233789,-0.18768163858351472,-2.541453036262209,6.622831085627699,-2.266040238685818,-0.27526340758373025,0
1677,0.12193910038084287,1.6924573361907955,0.18210683528154678,0.8139217608109923,0.9312412965782255,1.8759826606140455,0.39401041093888917,-0.8203473798153376,0.7318787021451091,0.2919559851556524,-4.789520243823141,-0.10092941747676926,-0.36587241529360387,0.025137054676289905,4.07842961437415,0.27658189134304656,-0.05435633945087259,-2.3243098944588305,-0.23803116317012063,-0.1541181404942616,1
953,4.912291832779291,1.5289361221931288,0.13277399798225867,-3.006976979048898,0.10572803373868722,0.5573180024055543,-1.0010790127885525,-3.0861880798609453,-0.8430399620594895,-0.6056200459447214,-1.389749192308866,0.9623352133978552,0.2889691182051956,1.9226685772574879,1.21964517273075,0.6676506476582783,-2.0485602778996332,2.2313096123663225,1.8624773876778604,0.5927829260504551,0
1484,-9.29366135094831,1.5351148647838473,0.017437915332577707,-3.8676545100261417,-1.4672170109526146,-2.7456131873107066,-0.643350207450208,1.931719614069939,-1.6476396142166025,1.5037157845612419,1.4713231569667005,-1.0704547839464218,-0.1926873382274768,-2.09579104917551,-0.10770674625826328,1.174472388131032,5.398771450515427,0.21271538503161236,-1.9761579900054125,1.2466236369062724,1
384,3.369758159846428,-1.6599690410003933,1.7598262586703655,-1.3363567556029425,0.11780337387364825,-0.9323224926197914,-1.6469937329534121,-0.22724989792739125,0.45529342602242184,1.0889417924416822,-1.1759836187640358,0.6388891328793076,-1.4194261222042417,-0.30518026755234073,1.8252215732023662,2.7980984752842017,0.9954657079971243,-1.8705236982294577,1.825602069016024,-1.619184085474992,0
1595,3.0570716617993683,0.20846269555318198,1.211299863018549,-3.069661686362463,2.409257415706623,-1.7298297684181416,-1.6138383705361004,-0.8399000963528529,1.0731755236450757,0.8886661721613204,2.037348856478046,1.204016264136756,-0.08837204735575735,1.0640192348440216,-0.2360316206053142,0.8404519595720217,0.6662439864251601,4.3714531181676595,1.380686705170922,0.3859431586858457,1
1478,-8.334157605202435,6.004694351318926,-1.2770454907600761,-8.262686889458369,-4.316024879272165,4.818486959976511,-0.033166990661008394,-0.12334691687853727,0.3710245224384067,-0.34961178679585286,-0.3854605497853806,0.6188253704603849,-0.3336051049762505,1.0583076409194057,5.12419602036206,-2.259822119776633,4.5195994287121355,0.16233870873769396,2.004291764715901,0.14613841639958222,1
1004,2.317521697966236,-0.036816541576994544,0.010138229064818436,0.576432063876156,-1.2102647843783862,-0.551619128127307,1.0365461139778385,0.08164211198525484,0.4359251345634429,0.40028708816162484,-0.37164543906646325,0.205783708062069,-0.2449665999568981,0.688919112899626,-1.9095654131846687,1.2853043784759977,-1.9259888940607084,-0.3222627431552436,0.9833893259588159,1.0000705976412403,0
1766,3.018655926451289,-2.2335765957540668,-0.34412900633497395,-3.505564041816802,1.473337230304781,0.9373475418458002,0.6068235546536925,-2.1646252758239224,-2.993121891561412,0.28569648991185564,2.018377292375743,0.6149131984761577,-0.16483192968120636,-0.2559795833231555,3.4818053392359927,-0.7899100310807665,1.9533096840705633,1.1771407247724959,1.5017484755438364,2.303572287006778,0
372,1.177517760823048,-0.9356699416286741,1.26542903052814,-1.9147786825428554,-1.6502546970806526,-1.4591412912083104,0.783090235064564,-0.33988415437161745,-0.5203496353305613,0.8309691635731965,1.1964470787806532,0.5366253467078831,-0.2894329343773038,-1.3958615227444686,-1.690436511970457,2.6079443535143225,-0.552046012701009,0.34752582734585036,1.4785245583702653,-0.9355240007708685,0
1267,1.0397558661623105,-1.3395539628779638,0.6126675806415343,-2.748542039192148,-4.464030872515748,-0.012066909194295847,-1.126844702138461,-1.4201269536461711,0.9992023203812634,-0.3115627260799805,3.8276821270210664,0.09663456789715479,0.76780616814769,0.6172964982016793,-3.3365421448296897,-0.6322811965046062,-1.5388252081223142,0.6949110119718003,1.224078994041539,-0.8369660376149641,0
1222,5.952808453258834,0.6870932981266655,-0.835276445167255,4.007485425906462,2.898576610161106,0.8163123880175331,0.03426971774372164,-2.4217376399075428,-0.8527740372482455,-0.4162390542059819,-8.707795606999307,1.094880535464744,2.0657411060552433,0.3329404698437233,4.515883887803737,2.301262008402409,-3.17995081819264,-3.643541931448625,-0.533910945026236,-0.7278584012887579,1
1993,1.4399264595323071,-1.328028238259804,0.3256894318385298,-1.8477520732238932,2.2847644980759294,-2.429106104777128,0.9457997259020263,-2.0740947081347088,0.82089413788584,0.2058959175281536,2.092296364806448,-0.26049296217392354,0.14199419263859092,-0.3659482519169426,-0.36281933054210064,-0.09196195041096256,0.5944732585524375,3.4122973033078785,-1.1666043895228695,-0.068099260608809,0
1197,-5.212334564240016,2.064063784387038,0.07159154025305497,3.601074967488724,2.017648982421727,3.8388043421440288,-0.08368861159917979,2.21648834467042,-0.13810043593076937,-0.820564560918092,-0.8572151061930855,0.1144378948292702,-0.11631170672801389,-2.6386660101023756,1.655562458308046,-2.3257710622393555,-0.020896564657418293,-0.029748319075750818,-0.8004058633337762,-0.732880385551262,1
1997,5.438443522226278,-2.0804472836350683,-2.5160683692195454,-0.4102346468326237,3.97145661209265,0.10531735183713321,-1.137182237768247,-2.354225239092414,0.36303253910261746,0.130062338960149,-2.4352678614330165,-0.7387840729475831,-0.16816253610263754,1.0405246597078672,5.425142301151009,-0.03659289843305258,1.4990919188468754,-0.89904553945429,0.08571393404603322,-0.023778430864330256,0
1073,-4.458219447279167,0.7141946281556611,0.8761314047213035,-4.382763163651447,-3.2194337090880922,0.1602471859471919,1.5113967759120328,1.6527526161430546,-0.3934918219906586,0.7829671239519461,3.0573942044049485,-0.9438206813978008,0.4461949088674086,-1.5208878383860625,-0.7200185898244776,1.1199894699913646,2.7159321348584706,0.33309000860969196,1.9811107603134444,1.593046896672248,1
1591,-0.5978947968241751,0.35008155271126695,1.1156744110666972,7.051470658078438,3.690425813115215,0.22690858331941272,2.0463418701651412,1.731080916318243,-0.9599372048871223,-0.6069866956653782,-3.0891407810234517,-1.072871180820993,1.8359440085354548,-1.7399450847367715,-0.5174886957769128,-0.03578480054602262,-2.2571913707327487,-0.8515063638252547,-2.2569374008548637,0.5063146977215682,1
509,-0.7867167352640194,-1.714911379651057,1.0266923826789596,2.5513578211608623,-3.3871957202170706,-0.9281134007161858,-0.0016512656972732442,2.5685540439120826,0.9051984061339193,-0.8967411830317041,2.029351661464128,1.67117327960107,-0.15236794351793378,-1.7490850183833326,-5.100995044352498,1.861634806644159,-1.9770461607970042,-1.962796596545682,0.886949582794468,1.4317954810446984,1
1444,0.657272937196,-0.993321612931303,-0.4388575703152173,0.2463524305286299,2.4057268762572632,-1.6839542835984616,-0.36372654832697193,-0.6819048367271751,2.3893291112400767,0.6809729495424223,-4.773859877590589,-0.6418134146735965,0.048472272238712165,2.1411718160277955,5.5705178995983875,0.24618486891644875,4.087256879453793,-4.223313435119341,-2.4685762414951737,0.7277700025443562,0
1909,-6.934978622888443,1.883142339143875,-0.40425985406077536,3.5423101863926236,1.6626740595499507,4.851587277828145,-0.3761131176438309,2.029229344234273,1.4488306104375104,-0.1088848209749178,0.5624638166628707,-1.7028178625243653,-2.4754873497070498,-3.8495176492664394,1.4076922616563132,-3.503657510259371,-0.13910549531057037,0.6092119327212608,-1.1087192260931076,-0.2025184067252479,1
1566,-4.077411427831663,2.353613983970779,-0.33385576825319596,1.021152428649406,-0.17136394086025586,2.5906001874750713,-0.08737437699815867,1.2282238435720623,-1.1087179650835792,1.0575006979843977,-1.1066114184601241,-1.403442004469675,0.5972501996599519,-0.5230112025651126,1.2457017017663021,-1.6292901254695895,0.36177265975010564,-0.5363948315574905,-0.4194068566283313,1.4846763087672237,1
375,2.5538967931644367,-0.44661448292498096,-1.403040408804517,6.2365556288854345,0.7801583941385227,0.2017945747013049,-1.412443372106296,1.6400502703687239,-0.4460221738771713,0.7991741309702777,-1.100445277191191,0.34939345189091114,-1.1882782394758644,-1.5235577094882333,-3.8678980809356536,1.3766480754906905,-4.9296081930747295,-0.41728147649016756,0.3134195848466619,0.22494314551845443,1
369,2.588728305276453,-1.098243719221852,-0.7263886904585501,-2.4035904728428608,3.6565675119039054,-1.1707489447634716,1.1981122107371152,-2.7359088001129073,-0.039259505798976704,0.2977755285823632,-0.3679500063880793,0.762509064004841,-0.0887340691470404,1.658608023236759,4.0297880003700195,-1.2799943679845716,2.617758571590561,1.5978579925111838,-1.322952988650671,-0.07451148994998319,0
383,-1.2486023481387727,0.7761785718368212,-0.35552456116218395,0.25126761394029473,-0.10234516308260222,-3.072463996053723,-0.9593831193996819,1.8825183282482598,0.2167676824026716,-1.1366153119385158,2.2284078510522054,-1.299149443291455,-0.4210229871670841,-0.20764630970602738,-4.891098257132976,1.7342018745908496,-0.6690674717181136,2.80737400877688,-0.12059768885870525,0.07239560763005559,1
269,0.7279094716254261,1.699725049857047,-0.40924732357786486,-1.0810583849192985,-1.257860667299878,3.2264261526937115,1.0669373292758029,-0.3089427675274903,-1.9914733173591674,-0.4057150822656812,-2.5024090981923917,0.01270562020783326,-0.037490157464265435,0.18227983240735424,2.9974688724133256,0.30771334385788773,-0.46251788001555716,-1.77527409209672,2.2720204091978147,-0.6367371159934133,1
1469,-0.981500626155223,0.4521091640882674,-0.8721743292301062,0.6066098563958321,1.4924897659949732,-3.528362688040508,-0.6152884509995381,1.3967518457032957,0.3096664001325839,0.6793467690919126,1.0840303188222558,1.3951284595386024,0.17722083729041976,2.875490314717096,-2.526213714854466,-0.6221141391667016,1.5641343052151204,1.7770984492974984,-2.193587974760801,-0.20360654458937885,1
1368,6.556575686823185,-1.6489176555956657,0.18274436229052402,-0.9058780405894516,-0.11518085446582482,0.7847328700468573,-1.319809785169127,0.35273117769255813,-1.4974788068499443,1.6893591402181454,-1.1479670225841658,0.5273818910768047,-0.5070968504270168,2.471711974690474,2.322909460030944,1.6377293877136028,0.45510613407930034,-2.4965788375674283,3.632714924377665,-0.5791292704403683,0
183,4.2093141430369885,-3.007801223029589,-0.13254580018072679,-2.9019566413980886,0.9290041378342135,-2.2333267243072967,-0.335854636860043,-1.94715056046538,-0.056432300660481556,0.058705992666817954,4.234133000350684,1.657440483228733,-0.10426851645318172,0.7711148219493866,-1.2552278600778768,-0.14456388147553856,0.49349637362818144,3.1462395973714212,0.6786213660127041,0.553634241864327,0
936,-5.001313781424521,0.41803840010792126,-0.8092801187966312,2.7986663754063277,0.24479246475041205,1.2642196813407216,-1.0715347364950873,2.3095594817108873,0.3914796688536901,0.04827648000008731,3.9817267841001938,0.1129427434893262,-0.021642868752043604,-3.146604645518274,-3.927890314397448,-1.9386834674131432,-1.3792032265119685,2.769179350896624,-0.7994410335957874,-0.4935545628931997,1
1989,5.955123134534577,-3.3289102581350813,1.7786242807156558,1.6378345692564846,1.2668501656790836,-0.6906852551467442,0.778656043068663,-1.4076536616740853,-1.1057112504158513,-1.2066264647912428,0.3296451336296133,0.8245005614969577,-0.1561693152832721,-1.1552318381984845,-0.5359169944177663,1.5008146141148342,-2.3596971275205227,-0.21126758496239528,1.025021603061513,0.7726387137879442,0
1030,1.8704116067745835,-0.8706208364950888,1.525499375589584,0.3080332958110144,1.773118720604914,-2.284329354642938,0.0008574107389065477,-0.5724920351492808,-0.9100338399516044,0.22806706232104074,1.88433829376661,-0.65121657166247,0.46973183860957907,0.23792616468644834,-2.3763492076830066,0.16246659461597568,-0.8808374791744922,2.976218119336742,-0.7271445603163649,2.5507739166349674,0
712,4.159351093599924,-3.646482456104783,1.8114086143532606,-0.26737775711734046,2.532906090523087,-2.197129010201414,0.06969399479832354,-1.2939187348307697,-0.036220209131974324,0.7787844530435608,2.2647433104814505,-1.6398116854642875,0.600721876981113,-1.0504741819494012,-0.2084297822997504,0.9113685447967106,0.2587149056721627,1.5611730115265363,0.09466870797435434,0.7800837555939275,0
1488,4.860084424107109,-0.12117716138858203,2.236756003390298,-3.2404812124894353,1.1772959607108684,2.228471669363158,0.6528514919579611,-0.21740947835249558,-0.7797997026585818,0.07218823148227173,-0.08573516606083578,-0.08441800772751805,0.5323689243932147,2.189872550040202,4.181262617155498,0.19978953308791048,1.7356403778882377,0.11098847856073601,4.003420550779703,0.9337075215030286,0
1209,1.5811294179029662,0.21344417500117507,-2.257141264709027,-0.45144127881035834,-1.972648659638815,-0.7722619747740667,-1.2130862025458062,-1.0724482474204993,0.1678400951764137,0.702358056859091,0.3018788502324236,-0.08714193158987818,-0.41691620306735266,1.1103607224767151,-2.3969137087592176,0.31992547168547847,-2.1003027201858817,0.5026093144376602,0.1273666469418021,0.48742930779890803,0
407,5.42089910215653,-0.4930926187243886,-2.0812339320921094,-1.4166751245146196,2.038194081763325,1.5758652855933983,0.8536656804562772,-2.6011935406931492,1.627777484291904,1.1491849094510753,-0.310059407268663,2.2273352110569813,-1.14118512825372,1.1213482988428274,2.668618003702134,-0.7320293867405443,-1.0851224468760878,1.7211957786946392,1.6513676742851282,-0.0716566610390468,0
1980,0.34823596536242885,1.0235975848580843,-1.9062821227967859,-1.0630159403858361,-1.4639288897193077,3.252976821303195,1.2163819231963944,-0.6011469272761976,0.9995791661502283,1.2500201665551036,-1.1827548772246652,1.6157340315140052,-0.8851333900077645,1.0692726317554087,2.620249349075344,-1.398927457021225,-0.04837728281543929,-1.5406958489105467,1.4159225514219673,0.42407439874689795,0
1795,-8.34874158256326,2.9012605352478564,0.4956231075801567,-5.21907276003504,-4.232064890660911,-0.6297673338093697,-0.09121149693175798,2.801387601001325,0.8379704577776507,-0.6158962245637386,4.998004607072215,1.9245848008496897,0.7826042833113888,0.34118245630350685,-3.333090952811323,-0.722696253316071,3.488704464291342,2.526360240236325,0.6802164118135332,0.38831120863235924,1
1360,0.976369851082074,-0.4148087553737485,-0.8428315515968036,1.5622787101256552,-0.6666624249109128,-0.6381416755395903,-0.17824729246833132,0.777156300176627,0.5960436111316777,-0.3242028483737048,0.8523802093927347,-0.1776730882868661,0.22166217448863956,-0.3791186019136883,-2.8919768537804593,0.8364745294543894,-1.9363245305751784,0.37552724842015395,0.4566788050254271,-0.8716121408834636,1
1180,0.836710493908173,0.2446205027179229,1.1665347692645425,-1.451836881558164,-1.4234110111903349,0.5500415650918692,-0.8355593653233093,-0.7531857823103115,0.046582172935298184,1.847573428313193,0.13222593638029334,-0.03676174607734125,0.6267818567447739,0.3010983193301978,0.005572942984529135,0.2654211470988156,-0.5541071484921356,-0.03224069836890564,1.0070603782845158,0.6776621947246475,0
231,2.2313974687455733,2.009747567424672,-1.7902918244812296,2.264793079525689,0.7349643804557626,-0.8500061999653569,-0.6409883142130076,0.7345607763951048,1.550459670431708,0.5547197425241013,-3.6651819616569963,0.15238633428984633,-0.2227658492214561,-0.7267134037923442,-1.3861872398599027,3.6457515707573735,-3.119239927588893,-0.016978114053470605,1.0979408340723018,0.42429133886955905,1
1544,1.9444038821434053,-1.7644143306430724,-0.06130811419777258,-0.6272798478180157,0.880292843807378,2.687110370395735,-1.773436205206182,-0.08520739895687834,-0.8836712923064535,-0.8287270780450696,1.415065013707109,0.16904174848377868,0.1308677120847148,-0.25950155770450034,2.8673144995448165,-1.4509651167802238,1.1242535798687525,-0.5684134313147913,1.8838885291192575,-0.3223276381830753,0
1870,4.555409786541996,-0.4925939308659395,-0.0819365189592895,-3.2553187793213567,-0.8269761227892329,-0.46430340550779925,-1.0103704442175174,-1.7999622745538362,0.5267891232340426,0.2880616713008805,-2.5754370622566594,-1.1346183960399912,0.945362879113638,0.92275377482643,2.991764508556204,2.9520647685010175,0.5630564092105532,-1.8713581265011912,2.3530770469377167,0.30806328441397074,0
525,5.029669546712531,-0.5354777799300539,1.248629814709777,-0.1909140297811843,-0.5563187480058067,4.842950729507084,0.47570450451704055,-0.5638325806213165,1.1600835421845137,-0.21907053292938278,-1.4407698366731627,0.20297676744491253,-1.4976106587959108,2.6349408426368433,4.328835498216174,-1.9047873897616197,-0.41278872174826187,-2.785617229443441,3.331845841083007,2.3372240320723647,0
1654,-6.417557159917341,0.055363119985375464,-0.42168560473231925,-1.7632265478861073,-3.4615954067189856,-3.0559572771241386,0.8676636822191207,1.9158654622934677,0.32795282276978827,-0.4606664193925199,3.438235180431318,1.3585030602334154,0.9821464783944338,-2.2791907537369096,-4.710995345145793,1.5692925725640485,1.488495831359419,0.6122580536020548,-1.1282664643167155,0.17129752927067057,1
1843,3.1418282012420606,-0.5825291096246271,0.6236129382810133,-0.13328257780293917,0.6610345880484183,2.040183324326068,-0.4921367348850436,-0.575149702485283,2.020227185385826,-0.8519537295969487,-1.18134243349881,-1.5706146247795798,-0.334118916435328,0.15903862549653702,2.71484344015234,0.1292099676798194,-0.2710433098092936,-1.1289844828158335,1.8818977379291386,-0.9279136285402283,0
683,1.0844138698039436,0.8924114098346903,-0.6823624923290575,-1.6807241529540362,1.9278432638327065,0.8244709249631804,1.2383440460738866,-1.872115921514098,-0.7929037387746093,-0.5659987963778127,-6.742511058486293,-1.2908505025498735,-1.6983562239809133,-0.5070719340742769,7.852763925643969,2.2590436918094534,2.615474101445044,-3.8185581443660688,0.07399058783159507,0.44417336075533226,0
123,-2.908515182187099,-0.5030475154751948,-1.6595193369401304,5.970684939966987,1.985336872674837,-2.1276644384848016,-0.3881495599171901,2.9358155263434567,0.23146314335721996,-0.7085397057212052,1.80682082610544,1.409779141826173,-1.6148752112022007,-1.0675732564015334,-5.23483819356878,-0.9525336531142319,-1.5300939154937088,1.43955827711599,-3.026242810676497,-0.07328593916846121,1
101,2.4121459358441237,1.8851543328878777,-0.5141441794062056,-1.1310746241944778,-1.978868714343081,1.3536693095865442,0.17823690598986577,-0.49488806291568743,1.9120450793726853,-0.941361311241213,-1.8610955836931744,0.08102747195480121,0.6410167561192939,3.4673618127271792,0.5418826809135341,-0.3360307284348052,-1.0872243680236198,-0.94786740891868,1.5538167111386914,-1.337934427906695,0
1746,6.845580628174853,-2.0111334803577483,-1.4443890383609819,-0.02097874495110669,1.213557128238273,-1.4748107606978407,0.49288271908539794,-0.5550849771903866,1.1710747926436276,0.4320386543559539,2.14045869725377,-0.15291850516102243,0.9642009759947113,1.5093741927841817,-2.338354546047837,1.1415070799012137,-2.059029705903772,2.3285683967152666,2.1369216661973467,-0.43007456956988604,0
1693,-6.048915890290541,0.04488447848589461,-0.12249997759288418,-0.023685707366702096,-2.9393179675212187,-2.929089706622631,-0.06979574190720587,1.832959327315773,-1.1474672916104864,1.7157065683249453,1.8890119463702324,0.31311259922041484,-0.2881494161369622,-2.189025143071029,-4.33061240513501,1.4609138188302833,0.8267913450256357,-0.415967359188709,-1.9060161200544812,2.1195844135766517,1
849,1.05631006503266,2.5833041033162756,0.4554598122501784,-3.4271291516054996,1.2073404850701115,0.6688938358183605,0.8231060795185182,-1.8436227869021655,-1.196776830568994,-1.5902701959832362,-3.648824085412354,0.011048525975985459,0.7527148176922385,1.1779487318119077,4.640598909966798,1.0479871132780745,1.4081926434494147,0.2933695873979244,0.8838116418842399,0.4775994314618559,1
1865,5.893203708783962,-4.947001750226535,0.026057260839183752,-0.11281968449624012,-1.3212762743185926,-5.386012565429889,-0.15643915575892695,-0.802799851397223,-2.1726620296043326,-0.4978199786472104,7.779187598994113,0.5904640688036109,1.3851475386383563,1.0847512374148864,-9.173537025737085,0.7427460293215145,-3.1191988984447785,4.383496195224091,0.20793126689862929,0.04709710495456701,0
1412,5.377420475120171,-3.4147023914303896,0.03952511972123261,-0.8311162782715311,-2.1532915347016743,-2.0447324990777,-0.45434821720395535,-0.2843258000365019,1.3781844619533141,-0.6114197818097962,4.8012337825221,-1.0166490531451005,1.041150181191657,0.7871707166357977,-5.120424410945613,1.1657424837391224,-2.3002255687790916,1.5534757627117861,2.244812465922804,0.671850739379784,0
691,-1.5675396187413075,1.6014179854740167,0.6540966245083115,-1.6242159021133478,2.4437633568584243,-0.7962774513323766,-0.5693127077973315,-1.4159831160881442,0.5521557844754067,0.3234269148423835,-2.9874757917311303,1.0286703360369913,-0.22690163004943184,1.1563363523551604,4.1165550640572794,-0.5831814496300596,2.808415568503206,0.10009564889185629,-2.159557458795561,0.5249689167159293,0
857,-2.8067275168343353,-2.0505822270662417,0.9040750795759035,3.8106512050026162,-0.32845232203018815,-5.0791009574513195,0.4697518320886235,2.454586756785687,-0.23515059499754282,-0.018171650406577138,0.9197907366506539,0.00597712775275459,-2.5340251682215977,-2.37554309461411,-5.513976383607088,2.7612527862072227,-0.3098062919626692,-1.0496820604377344,-2.8685879536222387,-0.6485239558618592,1
1932,-3.53629841841542,3.098687527175337,0.7166838032552963,-1.4783430547844953,-4.510882333505375,2.181995359583165,0.05009278835718445,1.7844433630086567,1.3554775960655385,-1.2294600891235568,1.5679890735454687,-1.5519649269962905,-0.14328263822406687,1.110824905417851,-2.83514284369193,-0.8983224316794303,-1.0413284073152789,0.38658834850070045,1.8082256563548365,-1.2305855990186965,1
1106,1.6078082061124859,0.2441171729198649,0.7431353432366131,3.0458777541936026,1.8232647237257376,-2.2506912279585904,-0.112459774505974,1.857286992370617,-0.3002643401021154,1.1968509665383111,0.26659578699544706,-0.3117104469793553,-0.22903275684931654,3.1376450306457926,-3.032114346984448,-0.5822813429352939,-0.6352047252704844,1.1460528492288677,-1.1672301509335883,-0.16227470569629399,1
540,4.682805925157836,-2.3435804650921415,0.43283729777321517,2.7364517800506247,0.7486013118572239,-0.43944611534427347,0.487350535895644,0.08491923244575683,-0.4555205603295789,-1.4084658622958806,-1.347175414745685,1.4901178274837699,0.2466187075005157,0.051446739489462545,-0.0956537550331106,1.469250399684383,-1.6033921299999423,-2.1657234445941413,0.7671577889077172,1.1132713973668484,0
1174,4.734940363974727,-0.5178384109884765,0.6248510227647193,-1.1813706935676087,0.451630682854804,-5.376862513651252,1.1989775352477376,-1.4189917995880255,1.5942764725615473,-0.7828088287605589,-0.35817759550197653,0.8981862765054446,0.0696773494539729,1.4663066811799732,-3.5491670928484385,3.764293920723114,-1.6539092318226052,2.2184968526595195,-0.18660657318423768,0.3080109655796562,0
234,4.479460048483116,-0.38993417472581315,0.23522561225824246,1.8176565259469095,2.9177076672688704,-6.282621683908728,-1.3054813329011636,-1.974357717547278,0.04003562455212988,-2.296706667623172,-4.82630662906509,-0.5259855804097668,-0.061645228556922754,3.218248083987877,-0.61479634758108,2.6802318835052112,-0.5011917924743575,-0.5092878782842751,-3.6808570990734366,1.1201731421436265,1
437,0.6686069121541337,1.1862177427481755,0.457922909765571,-2.8756110409696767,-0.9123337531031358,2.3326251646075553,0.6288520161427766,-1.578229972821972,-0.963718896411195,-0.16122815601608798,-2.3779904433086076,0.926232169518499,-0.8725653361299779,0.07268715599284425,4.174650012030454,0.39379872215279477,0.7766486627996843,-1.427747024448284,1.6493410859263025,2.4184436478650975,0
1118,7.28653896776752,-3.539905552963476,1.0324870150492365,0.7861491643831097,1.9528424628273555,1.230587328121901,-0.7829283463440727,-0.6491252613196535,-0.793231203588854,-0.5402035620529939,-1.9019595368048439,-0.6854582842423421,-2.032337330744818,1.310161655372018,4.559005388887082,0.6907925305455329,0.8733767620837357,-3.562301562762592,2.264697641481826,-1.7830537588693538,0
1968,4.377832829086364,-1.0224689242965304,1.5379732398996642,-2.7844232919399383,2.108064737510044,0.26950188696243094,-0.7153433186213072,-4.513078225772876,0.5808364510077164,0.4354974922226207,-3.7092859886939618,-1.8192204174688282,1.3597538435239769,1.0997635083764241,6.495774147037038,-0.03492705904958315,1.4125584969339884,-1.2898236763147533,-0.5351887493965006,-0.4872673701916644,0
59,-3.5846630270369357,-1.4491611286666588,-0.4580669092102798,-3.700573250833987,-4.36124493323414,-2.3141687430468365,-0.5194586153233399,2.127990267936509,0.04409742173998061,0.3135198182175795,7.094369243224776,1.0084422878652537,0.42565921503217913,-2.9436878033905813,-6.1613544902659765,2.2376679309155616,0.7783579658356024,2.352725950372959,2.0989342342397257,1.5310235332570366,1
690,-10.596148780488761,2.1308324256335185,-0.7184687776890245,-0.5135079185073516,-3.128322421118372,-4.400310178798394,0.2319160894632667,4.48744560463328,0.6016002903372543,-1.7398770969315145,4.164430757467571,1.2749311350710704,-0.035465092637060935,-0.18994965659196517,-7.014679128093054,0.05626717762091915,2.9083374040274963,1.6819923096771299,-3.0788173370654626,0.8379530133350882,1
576,-1.5358123606479779,-1.4285224259911327,-0.257585324190855,6.853434984565132,2.118701999602342,-1.7153890145141393,-0.12623079738260204,1.5764426668174791,2.2672083501541738,-2.2526841101552026,1.4259558969677133,0.2880722238810033,0.18376875959644628,-1.9883862057084056,-5.1095126428722235,-1.1007739801622116,-3.0256127243921482,1.2127222931621582,-3.392037862070739,-0.1839484433883682,1
185,3.296377306410412,-1.1995735092219852,0.3027812007871685,2.996081248629926,-3.141444664489043,-3.9400694641321343,-0.2621057458887689,1.6749581993180445,0.8768932633992764,0.06907551673382856,3.678660530314759,-0.797855837683358,-2.112504253317671,3.0771089295380603,-9.926834706855821,0.7337648697862893,-4.506592839233438,1.6185196530108934,-0.10539077703309863,-0.6132746600778644,0
625,-8.61756130758189,-0.9918849159257834,-1.051448844757093,1.6053885669528956,-1.0206146282633175,-7.98554444506819,-1.352365990868091,4.658749207765201,0.3747020442295344,0.30249923695813663,5.205588903400148,1.4393322523353247,1.9569694689689314,-2.212078793044851,-9.230308723465983,2.2591643151216916,2.515709809599157,2.1333044461641335,-4.267347864580893,-0.4667679572439902,1
1380,-2.7800146481709977,1.4125855428934853,1.146286750984477,4.000751531263159,3.0934334000716714,1.5880511020822223,-0.41417208933220634,2.326041126930977,-0.3530795335883715,0.9827227995542829,-0.4320158302106448,1.3975123549064776,1.6100505230288662,-1.7574001125156147,-0.07266245497820638,-1.1417987889091574,-0.5477780456763255,1.1566211896017213,-0.8200099959351264,-0.6748620156979687,1
1912,-4.3643576329685825,1.1140638430424836,0.6581137040830175,1.0141077282841622,0.435177310132959,-0.27057292098529995,-0.15022882016997807,2.796014518681094,0.2931705342867121,1.325787782704606,3.8160309554398193,-0.06650873167322809,-1.4771591245095856,-0.7459905728599683,-3.696214921180547,-1.4099343723759377,0.3563321224020506,3.147800838145672,-0.5041057885575717,-1.1512676195254248,1
202,1.1266968448630588,0.04847254386979505,-0.22861816311154778,-2.0844503489920703,-3.763113144844212,-1.2422844820573065,-1.9480667105736085,-0.3130425470580467,0.605192957243015,1.214646369215585,3.414157755277928,0.0677592541387598,0.6256420415604703,1.8192419055667572,-4.932946280636346,0.04342728620338743,-1.935659218633593,1.880678618922606,1.1529516515862481,0.025595243917435076,0
556,-2.4981909714911374,1.44977611813899,1.1103632885781092,5.390015866783207,2.504011526449056,3.824341598431177,-0.10766948007568533,1.9081359152240487,0.8525123083755578,1.0292577095869513,-2.1661739686055954,0.6906062768228067,1.229919686492638,-2.163103175520675,1.5098813091741585,-1.857879280770813,-1.567454030825529,-0.8911057008890957,-0.6455218588305269,0.2676844269480412,1
1093,-2.182224063137969,0.5106852342663616,0.8707448241795565,2.307359001247266,-0.02494024085509905,-2.658843536825845,1.2219319887161386,1.412435093439113,-1.4095370058899688,0.3277471604175979,-0.4594172084336718,-1.1233081258509443,0.33975422523504134,-0.8624006002629175,-3.34166236913894,1.514794000194784,-0.8388271557660667,0.15596108581350143,-1.7986753993622913,0.17233212961950334,1
1743,8.408223097223962,-2.6134981295363042,0.37010339097672995,-3.0803308438278116,0.7090610969272231,2.2393458252172875,0.676043342742639,-1.4213180777182002,-1.0742039365385099,0.6120106794202741,-2.3928817593309755,0.22153563008975297,0.7731261840105358,0.9169562785938499,6.60586058273622,2.53152392715789,1.551218484884831,-3.479113608287959,5.050812794328666,0.5076224263513319,0
1887,2.666836683603416,-1.4396119209507066,-0.8055674946152293,-1.5793983552779354,-1.4914339980686993,-0.0777932050604402,-0.9462429352581678,-1.4495780369437197,-0.8533807414975718,0.11560409252524786,1.9252025537746376,0.21368370114161983,-0.5643122771913325,0.3493022732363541,-1.130023874336168,-0.019780888616195202,-1.1124196300592935,0.6595303809420086,1.111007480671774,-0.018331013684365776,0
1854,13.438170577508858,-3.6090317455743013,-0.7345994992359138,0.919751889725478,1.7730367146263912,2.3527956053866204,1.045552325489905,-0.018833499718401647,0.8723116201772383,0.47721203364208786,-0.21628688887092995,0.43100299379884094,0.061845746791995095,2.3209374279523187,2.0280200994262527,2.102255825876833,-2.5706222274848094,-1.3813951529172535,6.571287586659236,-0.47668785556163534,0
1303,-1.2635594789830122,1.4071928306798234,0.2023638670598908,0.764052327884501,0.2588430054191486,1.0761386116748353,-0.7567530693002343,1.88626635490332,0.9863062052457079,-0.8328590484393869,1.220198441145046,-0.5180929481652515,-0.3261836084169565,-1.1091291432436918,-1.6811565447633572,0.3143321244674575,-0.9729178642334391,1.7578943388266919,1.422242807900302,0.4072356298280892,1
1115,3.5101475648280416,-0.6803509048126908,0.35058891551141963,-4.635102891859574,0.2400517952838015,-1.355166070495393,0.38379619976236995,-2.662985154481658,0.7943314131292967,-0.3225026044970926,1.835585119890924,-0.42697644913105753,1.1075602636638366,1.415823866438717,0.6349736698239427,0.3727551973951302,0.6947156772869434,2.7989398358991022,1.1561412612781494,-0.611520750296962,0
1681,-0.9935835113672077,-0.22583369471288806,0.2422452591693399,-1.7787508572577204,-0.3432652091532191,-2.3528723745213487,1.016724278633489,-0.22671282580909724,0.29756390282094813,1.9636005032908184,-2.219017014618031,-1.4154924516422922,-1.064152899643479,0.539185688685204,1.9844726726673618,1.8377331259830303,2.8651351189579284,-2.3314835399891534,-1.062960798313196,-0.2091165588842963,0
1340,5.781944537432511,-1.1266808898984462,-1.152272774061844,-1.9375447261134309,0.22901228334703938,0.08697298393903372,0.5731888348266897,-1.3953356400662877,2.2298580510852886,1.4554054611496892,-1.309897881650379,-1.3773021364353022,0.015886284348647486,1.6237355118374266,2.3411988267322315,1.6040727041824407,0.007370675599168708,-0.9835711829515474,2.4501767139644812,0.160090447416106,0
264,1.965907935379195,0.8674900020622995,0.8599521425154485,-3.0257577340464987,0.8912795244657599,-1.7223203058871324,-1.0564568742843343,-2.2909067905476572,1.3491543125486982,0.4739987515715801,-0.701904509134089,-0.5858758865366624,0.08156594523179625,1.962455880208905,1.0236551761968877,0.33606849609284917,0.6016840808055417,2.018604090118661,-0.41331736182636614,-0.8090868851488713,0
1779,7.522301795285776,-1.6199509473001985,-0.41218713731627177,-2.6094511502337627,1.2193200802151518,-0.17679579573489496,-0.3484364281633726,-2.838605906535453,1.7215669209179614,-0.16568295857307933,-1.0443040022830936,2.5603982049922656,-0.2861620331772787,2.4821772598023566,3.028764684110781,0.8040806303144961,-0.04221255633423859,0.052930415058129565,2.049802921884732,0.6155272114363803,0
1507,4.521203179099252,-0.09306621717047392,1.0832200164314196,-2.4336246991065402,1.0587940083057037,0.10770292568199448,-1.94344795552737,-1.85426758172949,-0.7166608464193523,1.5161499346158196,-1.6242148820159703,-0.7915266200484401,0.33911959238914885,1.942247671892546,3.0508083259050314,0.7605332939728454,0.5567999805163741,0.04480693628315757,1.5374384812900037,-0.8068957352703127,0
1560,1.0327884295366307,-0.5711970052315756,0.042023570126644746,1.5412833384629667,0.3264929150881454,-0.0042658718954634856,-2.10864968386173,0.9808322016587763,0.2258033047413137,0.8099957101371593,-1.3084992437025027,0.0316112859776213,-0.12156778462107996,0.48180201967404657,0.5990892263161878,0.5788703210855186,0.23483645894511607,-1.935985488981986,0.23659279117782006,-0.20477123863724797,0
487,-3.6920148493077436,2.756670547125022,-0.5553917464682873,1.7767019342683694,2.0340044575852967,0.04369350445361004,0.07030337272647608,1.8407087485744533,1.1778699908020367,0.3328453663648061,-4.766800427605625,0.6642786446622243,-0.12638186833884024,0.8245383165985052,3.2989890390144003,0.17307145626935694,2.507689621272122,-2.3220093272642313,-1.877041998550319,0.10866109384019687,1
741,4.680013747296428,-2.1720339183243773,-0.5974967857532812,-2.5500662789963986,1.5074535659798194,2.0775225745165677,-1.0495999150381794,-1.5017783128097064,1.766289630870616,-1.5105449106097737,-1.2510609463085338,-0.16495791706730537,0.08517037496654638,-1.3552118727793587,5.811152428795076,1.6410376202617407,1.6458864662916812,-1.7828447073641747,3.249730902351431,1.304174871317803,0
1816,-2.695009242711739,-1.742011034938944,-0.07227177717387959,0.0012907711703726936,0.6565437205737696,-4.9829535872572945,-0.14817881444766248,0.5046625220368648,0.3637162081868178,-1.757755844778465,0.8254479546217764,-0.6080804733543321,0.5576205733939632,-3.8770372439124845,-2.58543588850378,3.767069234737789,1.19428043597753,0.4965930057438872,-2.0530230966391496,-0.9102482530622211,1
817,2.0303854531253362,-1.599997348430465,0.6044200433497762,-3.134350003556857,0.5152345855172669,-1.7221972312232519,0.6062435889070731,-1.6205193384470065,-0.9271360017591594,-1.48397992984564,4.683018710383745,-1.1515111923880705,-0.7340270360149208,-0.13299572686909888,-2.1471111562160465,-0.3002193032945977,-0.020762106991212836,4.373757935270294,0.6373997631364777,-0.15675213299083107,0
526,1.4381302246076204,-0.2517220353253953,1.7089756423920854,3.416254213008324,1.6269884561125445,-4.645435680507444,0.292347039886758,0.2351221235302381,-0.697690880984248,-2.3190500407101617,-2.528276519071952,-1.6808806790843949,1.0656668206499245,2.6167852291711817,-2.569609423493871,0.9799570868123664,-0.6732621175853939,-0.6519380726489428,-3.4839005971212273,-2.2984996171817933,1
1339,-3.7301627646746285,-1.2657207025380734,-0.5422902390383646,-0.7622028925822989,-0.43411070389425976,-2.925615190668634,-0.8662880984695143,0.8090251523592464,0.654556688902204,-0.8162425874233467,0.34843061967178296,-0.7911448241159166,-0.8564723294055161,-3.195305314725678,-0.563271093547921,2.609799814420068,2.3157705376327953,-1.1324540746153546,-1.38154648536707,1.9762952048266584,1
389,-2.23202330877855,2.4691549967073154,0.19462214909244407,0.9108745541194064,1.8728193232340966,0.8193212693782453,0.11689548748930204,0.023810873474048755,-0.2480473971383746,1.5495101104361537,-6.258487613307705,0.0009436549100848357,1.6315161452561022,0.07381469411580532,5.264780016153605,0.7154878125155554,1.9518308450776611,-3.108469430752785,-1.515700599471868,0.44938782010780304,1
430,-5.193846186507663,2.4036174564477744,0.8780825133547437,0.42224421732517076,0.6856407406855021,3.5019230891360795,-1.0124800328545223,2.8204879163213645,0.451165773005163,-0.6944400472438474,1.8913251706340353,1.4005539255709067,0.5872454002221098,-4.0214741385328825,-0.07685660433402823,-0.3128950512029449,0.02497896312901071,2.2496713088852043,1.9479307397922345,-0.3906145114396238,0
342,-1.9626399768504128,2.4616933797730263,0.32770923568270427,-1.0572494925910387,-1.9413619134932087,-4.926798817906505,-1.0435906071824292,0.6355515415606545,-1.2677647085458308,-0.4730162637912698,0.7669764991780773,-0.5251580681409694,-0.2554538833064011,1.8535561416178883,-6.200163548067738,2.035378835756104,-1.1740588141052983,2.8875719412269465,-1.601775264345234,-0.3935354922225557,0
647,5.841651695773974,-1.2152053080144705,-0.5905475097590536,-0.5093243213545863,0.42949135531988825,-1.1249225781561956,0.24498549725096266,-1.613444834611019,-1.7400835829115702,-0.11011596390619645,-2.4508902451221526,0.8411967003050805,0.24201600604809537,2.3499595497518158,1.6442535529725955,1.5538391799036422,-0.4463412904780999,-1.6467749639023006,0.8907030984169165,-0.1819149507800378,0
151,-4.451033883600595,0.997300210215103,-1.7937094088213363,1.5851022848895489,-0.3511351087324046,0.6862676501993134,-0.7217502539413533,3.105988696829899,-1.0206998045723856,0.3000509951964045,3.8022582443720685,0.05094434443040715,-0.212465953898722,-0.6559379562992588,-3.707253733892225,-1.8815688817688787,-0.006882310884364307,2.2469688193739668,-0.18286725325391062,1.7302262215544417,1
1748,-0.18239586035083094,-0.00501376494285144,0.026887760788157723,1.3809756387514556,3.005524412793854,-2.7718358468034374,-0.10115874075839416,-0.890346390118256,-0.4389680662506016,1.976397758944747,-0.42381016754546724,-0.1793929041668974,-1.0804561299055957,-1.0781148674551322,-1.1877107303914567,0.6442949282178463,-0.6167253507594066,2.4757803068896584,-2.503253530026261,-0.31543182916824786,1
36,-2.1095456440721425,1.5731376645244022,-0.09672182997230648,-2.7014923952680947,-0.17629566097416638,1.3563089379595619,1.155719961263712,1.0925688006901986,0.882182714990343,0.06712767167889198,-0.5376249269388681,-0.5111148463629587,-1.5660767274746414,-0.25673723764455725,2.8280667152611225,0.6234623230465595,2.67650118912107,-0.4335228844446165,1.6964696378370374,0.5487011532208298,1
436,-0.659332701686293,-1.5840919433772118,1.5590363507395002,3.3272286904055006,1.8506937825749856,-0.4798779040214481,-0.15392892006360903,2.7021641007792714,1.1482022367946736,1.200340724166014,0.6928153599000101,2.807983613321137,0.051100209331311645,-0.025846755243042807,-0.4219525292595513,-0.5749980951286211,1.3493293909393322,-1.2911196030429375,-0.7399884108455133,-0.09879826980237016,0
996,-1.5105157557374147,-0.14003700640081185,-0.7809391443359961,4.560704905602959,0.8410031967183725,-0.6838327472545822,1.815282392123155,1.1204766008281843,-0.037249953524408116,-0.7977917711706457,0.286518474899878,-1.5007007469405538,0.7557823880176463,0.7219545494266395,-2.920655875693425,-2.095179777004235,-1.5265755094689062,0.10207842015899182,-2.8304352210084462,0.5559717679586802,1
773,-2.0881555372488574,1.641709454839161,0.6570699225219725,0.11917326891072606,-0.5618961537989073,-1.9750433620408645,0.9529815470285729,0.7060289048304027,0.8586665867049772,0.04641709614235703,0.8770741008195121,1.335499068964183,2.1655154406846955,1.3531404236461082,-3.284779335917149,-0.3092248459491975,-0.42348027347093664,1.9489438638289998,-1.4285764059211252,-1.8355455891363328,0
371,2.2089011109190766,-3.0974780274477514,1.5180355303740838,2.7618366540609163,1.0028730251943625,-1.1891040504726709,0.9158429213757164,0.7312333490988716,1.9001084656759304,-0.18567109678955993,-0.7939083198779692,-0.146437994631639,-1.3344578163091094,-0.9564584307573554,0.3143237343124763,1.3335416498423207,0.25186039694635387,-2.866353153461051,-0.3787258029053284,-0.6071598004389042,0
1626,-1.5620362845019342,-0.2452608577706834,-1.1893124953557435,2.4395859951212366,-1.1006326165309446,-1.608854708248749,2.011558183574147,1.5701218898600033,0.8794686792824822,-1.386073896886005,-0.5283897205867969,0.31610356693343367,-0.4342881335278341,-1.3137740117279366,-2.8486919603599428,1.736961376234293,-1.0597694552802426,-1.3717085329148127,-0.8355071099685659,-0.15842364563063124,1
642,-6.948417664673787,-0.44910158922792864,0.6380638463341928,-0.3155042191562392,-1.2336736153097165,-3.1228232562009355,-0.11027297831262961,1.2960724876201146,-0.2190282229069472,-0.15157223583910773,-1.1934678496863356,-0.6524861757321974,0.24218813546322987,-3.345918486440366,0.10377338585069189,2.411762121482495,3.4445680152953986,-2.9221964721650435,-2.9360453741419454,3.0725679393979726,1
310,2.5168229821949097,-0.059956239939053635,-1.2084552048062454,-3.7300859913370807,2.0189171115388587,0.7690955513980012,0.24345409204282367,-1.6931697901740739,0.18459337493249195,-0.7859718023711534,-4.06480045882076,-1.1537187503023305,0.7951579229235836,1.5145283967326262,7.988974726221933,0.979088450698748,4.269367322319562,-2.679007130515849,1.1172538158197398,0.6392681337667794,0
910,-3.0597649418559527,2.8735120329852646,0.42070794291858754,0.9721070818104293,1.6449639925982846,0.41146151577105955,0.2869208656031168,-1.7653208256123816,0.8322163782557818,1.4714664339269772,-7.038808533021982,0.5749837158492999,-0.47900297550332455,-0.4755796620068784,5.0295581522390185,0.24042909243866506,0.8843194855841824,-2.6141252998700284,-3.2235318722526323,0.7886494644994525,1
757,-5.824762221355375,2.173002221294121,-0.9235197204059462,-2.762932565353462,-1.63231889248308,-1.3041322820607342,0.18965427706438845,-1.523541770126264,0.2614399137722581,0.39042630935549694,-2.2720475335346877,-0.8502368008612952,1.3878617140191707,-2.200141408417963,1.318219325585386,1.2832201551702853,1.5938194129953187,-0.5450637878270487,-2.3760930873893766,-0.2657602191519748,1
886,1.9153212375508282,0.39698814854975595,0.07108357158182839,-4.50687396434608,-2.7539210110016556,-0.007816245545367483,-0.0469521726765822,-2.3438840087371564,0.47074687728478176,0.254629044224962,-2.736325752569957,-0.5387780742698909,-0.16202236952040644,-0.007015063233739127,2.962609522301122,2.910468502247255,0.6307168435403199,-2.297205925790875,1.9418292283506493,-0.19019509287601247,0
1160,5.143746989997442,-2.348428008016554,-1.0277378657545573,0.20247098003234984,1.1644389317000778,-1.1776871404679974,-0.3737825430218644,0.07325434294522926,0.6003218087532245,-1.726831552526291,-0.6644430923772658,-1.0610142891295151,-0.11586744019467776,0.8260502885473069,1.013912754631826,2.0156166153807105,0.362773815477511,-1.4362184794096378,1.6098857665583772,0.7557232919767637,0
1625,10.840479726665416,-5.577740251733069,0.06320762987907969,0.8336264263896075,4.717924527659974,-1.0843249135476347,-0.04208037000459568,-3.5302125919156127,-0.4799039116058215,2.8678245828065108,-2.757079045793368,-0.976078468798364,0.9460292931432751,1.203501869273044,5.737217794613848,1.1346669895847972,0.6218798576311115,-2.6101917792599414,0.4884762811039768,-0.4161451043857447,0
511,1.6606509429592748,0.6379305852022247,-0.16115577370608924,-3.3783938937013955,-1.236415313646206,2.5601733235783892,0.7144075710375623,0.9984364749513832,2.4892662294050716,-0.45891759303842694,2.509796203814736,1.1640691247102652,-1.5566658485360438,0.17185165402423896,0.5771598420121298,0.4920556362237034,0.39510568191062734,1.4369440872861272,4.598608951309132,-0.6981018578551785,1
17,7.346022510521173,-2.825382351704768,1.5174705545926332,-2.117831877992179,-1.8701075794673818,-3.4041627185264485,1.252680536409103,-2.475756872233847,-0.019941815422163802,-1.0881293573256279,2.204139202219214,-1.2350544245521615,-1.1971129734249666,1.363661518051623,-3.925653940621297,2.6542940233407695,-2.83629922964373,1.4929629078861064,1.7112101479797093,-0.1961083499949852,0
879,-2.1905428496040944,1.3849087653607266,1.0455020644503865,-1.8412981153648778,-0.7384910745994187,0.6102032640488818,0.37805880072522663,1.1977460630297618,-0.6955938730819377,0.6922061957110365,-3.5932074586810727,0.21815128627557914,-0.998395427360505,0.5527933002314731,4.373414600582577,1.5230542848798474,3.5934394669652843,-3.8071747786599954,0.7046403634530529,0.04766637277792563,0
992,1.5832025176233997,-0.21827592888304714,-0.10624545187549155,-2.2169236222542743,-2.61787357124778,0.3364074199706302,0.22657531673529463,-0.9844677299291222,0.07675459455772354,0.9993072969553011,-0.1769141699044221,-0.8340099112353823,1.421403741220176,0.31983521173569696,0.10417404131020094,1.1810483466489246,-0.5262063069527143,-1.1214839717230043,1.6474920376248305,0.2132743743809403,0
1493,0.4080914138889341,1.4468817004447279,-0.06990032312976587,-1.6925517876097174,-3.7206287741615687,-4.305528849775534,-0.3068324442976542,0.25284922729149595,0.9373645563875377,0.35151735157406766,2.5466417624246085,0.06522229739262142,0.20478825070738374,3.1569127175650196,-7.548385880807979,1.3651833874156225,-2.2675544634393505,2.8795263311568284,-0.2657596295577407,-0.9990872006983378,0
563,1.8613061468502203,-1.2913079700976136,0.287486647514722,0.02218224593615272,1.1269261878440031,-1.740192997508065,1.1819957646033,1.2959416412387852,-0.012433043456533514,-0.49474039075929094,-0.9300335910670557,-1.9838168168016015,0.26198961964352574,2.1802848304062032,1.4635426573207169,0.9104749795860074,2.6778425103530994,-2.037333586293772,0.15147396237318655,-1.1018880377596225,0
1441,1.1440199738196912,0.9904364510062922,1.5404300590516977,0.6217597540061757,1.188239919818799,-1.904965326997381,-0.4348101698477079,-1.1832870537190057,-0.7180030024100535,-1.5380854443549146,-2.5639506009544157,-0.22796110969851266,-1.922010737697628,2.3270994368792066,0.24433087277582205,-0.057724020249693364,-0.27471893296041094,0.1204973355171961,-2.0431810684120664,-0.5414514935863571,1
973,-3.902721497983568,1.0049150852368494,3.164358569113602,-2.871591547532995,-1.9560921685911028,-0.5068514108116153,0.47566609481282945,0.14876080962972915,0.18122424570581078,0.11482460840042306,5.871362856944994,1.1953173949517601,0.4639490101522055,0.8961811079216591,-4.185740130577038,-2.8883925101959402,0.4245816888112808,4.601421732810323,-0.6389712747639829,0.8584228165199738,1
266,-7.400723687850938,4.514007594331414,0.980318856936416,1.9120330659261533,-0.374466532719002,0.06392917958131394,0.4787712550698108,-0.14900411474226094,0.5649490619519695,1.226229423330053,-7.77424552387324,-0.528642853819519,1.0973781358726955,0.49572946353220004,3.6267060517188834,-0.5125012406277407,1.592726855340903,-4.163391899222478,-4.851378145608791,0.3393010560689711,1
463,4.716706646478084,-2.3549739680146518,0.7971431010819551,-3.2721323697579714,-0.36137794472349005,0.7744795029024457,1.2298371243274588,-2.1966544932690697,-0.36005445973179,-0.7841183126667262,-0.22841041654775124,-0.001770800985444335,0.08596838190919157,-0.8795933003974763,3.395419990897296,1.8774143464721593,0.6461120826071749,-1.2895491960154901,2.797952393057202,-0.20874258570474943,0
1266,-2.733485567834792,1.3940744681954194,-0.5735483854123273,1.8036604460078893,2.3969561752815682,0.826619177376354,0.8190599852988086,0.5411543073110741,0.03705598377007174,-0.35240408770816006,-0.9252756719613751,0.3942261536842558,-0.4079860208207233,-0.8247381694802439,1.093071555351973,-1.4042403855310859,0.3940736839987904,0.9734860107830459,-1.6378392060355358,1.7141478601190412,1
63,-0.1844862290156965,0.8862884504489418,-0.8428704329016367,-0.8079960484614951,1.662864287508147,0.5195372676296266,1.4012737952593326,0.043857442478082764,0.4621012436709312,1.5667976411906908,1.605975299251089,0.12518426369870658,0.9580655072798491,0.3241392603019402,-0.007206986260272546,-1.192430841633495,0.26605122627582256,2.938526887892869,0.33419650513287946,-1.4764623864995103,1
826,-0.46624225971144895,-0.7285211118480861,0.5292687515270861,2.675031493489996,0.11577076886262372,0.009263477363677736,0.7143698904488204,0.45192071089471486,-0.8908639971900504,-0.07518045504801754,-3.7875455236719517,-2.5872574524061687,0.5399352220237064,-1.7805548409632181,1.8721482040989463,1.7885107229873556,-0.003278117222976107,-4.112308704245823,-0.8692564526655941,2.612017068990808,1
1606,-2.6516336294096683,-1.7714410466354917,-0.26986929282940203,10.539029814077823,2.0776932720879335,-0.9231544850588864,1.0015204931838548,2.116079912742489,-0.7992440563895893,0.9230398260372813,0.07202381208027202,1.4775648263977779,0.41698498206054396,-2.719084050327665,-5.6179470766608315,-2.001700025924656,-4.397499072201329,-0.7238567038853896,-4.947220093710991,-0.23293276701319895,1
1113,4.615996583726317,-1.881274659242465,1.497037936107266,0.5919479642470782,-1.14831461663979,-0.6529338740101804,1.334072971328786,-1.5395738379672006,-0.06172737496149528,0.4023842858859419,-3.6610684704393646,2.5546555684127044,1.0053885263209532,-1.1626442489843472,1.400593997185049,3.6813592849599166,-1.7244052743832472,-3.8476968873568334,1.2115550980200693,0.11039954563726521,0
329,-3.913652603649284,0.9145009424413542,-0.4417415323898213,2.053018806604883,-0.21145267019946867,-1.4727617684146994,-1.565138942579334,1.9807018853449279,-3.0355398657151964,-0.8092721740538555,-1.6747426962168794,0.9481626529266273,-1.4141477724052156,-0.20336385021279302,-0.8200063774387265,0.5672422592650171,1.1601508452433529,-1.8612462122662892,-2.0886679124805365,1.3699541755439066,1
1461,0.7857800684482936,1.500157103432217,-1.1563889113894583,1.0338876356871538,1.0205058402696858,-0.9403700010314094,-0.42358655047426547,1.0792357131058379,0.10431587744865695,-1.9513203619513981,-1.1310132715302266,1.0518716757243265,-0.6755576448104559,0.6861181120475162,-1.2616147868050192,1.3355217631448983,-0.9402353736548538,1.0207531843310296,0.3998911817561648,0.6420904320433665,1
438,-1.5607247092435745,0.08691772130668007,1.1026457395440168,-2.44067226381541,3.0262019234164925,-1.837917138566595,0.17265314045594157,-1.1315703566584694,0.014135552870106845,1.1701954788409632,-3.348902959750923,0.6953704336681974,-0.33472793679203994,1.358522951737921,6.161974895579425,-0.05186984630739899,5.5454293667886265,-1.7197143475755783,-2.499115411385634,0.10949556004698963,0
982,-3.3125588074254932,-0.8351497589001802,0.043110254956860196,3.9219478143301574,-0.2060196419869651,-4.195197693667011,0.023483516139475694,4.229775226868554,-1.6165873284630154,1.1369082742564467,2.6561687263373988,-0.6261442019288855,-0.10153829974407987,-0.057128527628371506,-6.645175370157964,0.9536512427210155,0.14642741310101126,0.37116099273083414,-2.099146097282154,1.5887396150768844,1
1770,4.2703903396925,-3.1130320562308906,-0.666120989277845,0.5721671361519827,-0.70958174175432,-0.091908081562585,0.5580433830973859,-0.07083490907260859,-1.2484580323486276,-1.2112569352684337,3.6984813653089303,0.3557710374240703,1.5289082351765488,1.0352389430146247,-2.571121497959451,-0.8878980433357704,-1.4178834379105176,0.6069867387858727,1.4196483966010882,0.03800831291355942,0
22,0.04332335234424724,1.5587833877729507,2.4951185200077948,-2.2778062781444475,-2.842751278158069,0.1390816734850657,1.7368788549678593,-0.20248055485331873,0.41284795439080946,0.5923539160298078,0.2105423516440796,-0.8278132443255539,-0.1977583821542768,0.9797430321211776,-1.4389919180423596,0.8961674114416672,-0.914050020014792,0.3762956293838513,1.5039531041569592,0.37935334941998067,0
975,7.978556768706833,-1.307192943432652,0.06351447672993729,-4.992758375755319,1.2212160383559107,0.8161495743936092,-0.6158417328209408,-4.1047903693923535,0.7702649305690487,2.0487485714067453,-4.13216013909954,0.2624741263934396,-1.1626184601806708,1.295753637824456,7.633432796001353,2.6614063007024447,1.5519527946783966,-2.146883460363436,3.1778803489826144,-0.2928609358130726,0
297,-4.082980659720299,1.5501668742629024,-1.4419663251577788,-3.7890385015994834,-1.6105636593298125,-0.8942125295831826,0.3873105440324931,0.634331616255325,1.4853048498674337,-2.2121289410582827,-0.7630327781701414,-0.0242321215633928,-0.44999453406445433,1.1422629552151364,2.1332624201671027,0.41500686980050594,4.168611290247695,-1.3619868914378395,-0.40765029875101266,-1.4081782896962396,0
925,-0.5963092086609251,-0.4785391647009918,1.4542678066578536,2.7269214644198136,-0.32375321527048095,-2.394697595000244,-0.46221371944595047,-0.6989961043471702,-0.4418396192727373,0.10571961525962346,1.3991428669752453,0.3586697771775759,0.9538369308660662,0.672431001690986,-4.780660676821171,-1.4005524590627185,-2.576682760042755,1.6762755451316729,-3.1854735384628023,0.3473657039184363,1
1228,-1.5263900986080958,1.547114711128765,-0.7256478578586268,-1.676983718995759,-0.8221097218328914,-0.27110892255359187,-0.0038138405426266287,-1.0286173928721425,0.45375547927629256,-1.2031908412418937,0.7078656439964254,-0.47620230177536604,-0.8588863323813986,0.3826086949931249,-1.0492880704990153,-0.6818975370653824,-0.4689213217083613,2.041296476869839,-0.6203631118551605,-0.0004133345473330164,1
724,2.573620636303889,-0.8603267429169102,0.468949888662101,-0.6854831710321155,0.5075341418794855,-0.8812450259068895,-0.017907202852416537,-0.04426589157065264,-0.800154762987673,-0.11475877374569039,-0.2561948762567828,0.30237120888292246,1.4789457514209985,2.123065962622416,0.8844344719968787,0.18876803286424826,1.1195040748510101,-0.6618876260817774,0.4664570651973877,2.1264245291141504,0
380,4.156435354106124,-0.40678348162818834,-0.9590090980323178,-3.2419860411937647,-6.225431757771099,-4.0814455685888,1.6548847006709053,-1.7792867992901882,0.3310147687073802,-1.2851517786273698,3.433937329780743,-0.18032286921611979,1.5220703812627,3.3115387022535305,-8.263581826219173,2.0561446786126094,-4.060806617535835,2.1090121924103356,1.2692740039831438,-0.10099480015176736,0
1321,-4.857283803801901,-0.43101827375117563,-1.3579453290183756,6.683425717431316,0.6966859549360119,-1.2121523558104323,0.6174988941791526,2.4918895382072224,0.07357340201158445,0.6931727130289639,2.0193141113745354,1.2164211655355013,-0.06284730069269719,-1.6264999858672915,-5.723355309268576,-2.304977323029254,-2.211873306388672,0.818716599539505,-4.111683744338144,1.0374873751836553,1
959,-4.781924143127039,-2.3328575707311043,0.8269377697589539,-1.9899767748181778,1.4560834165484131,-6.255114328351146,-0.7090454739560409,2.0310447893561188,0.014936206644762168,-0.16679976953254724,4.093690972148599,-0.5971993098552095,0.23629091621316367,-3.6734376593708498,-3.0014193999749645,3.278048873367019,4.376390569136231,2.2065501968206576,-1.9479326235275987,-0.8740958276015159,1
278,3.4026121672971463,-1.8006361155088344,0.7353646574400586,-0.3612194041165279,0.6341316164094666,-1.1957018344423667,-0.38285194916988013,-0.6721178010889044,-1.2357670318609264,-1.3424995841017082,-0.9791861873602699,-0.4717665943811711,0.06056770414094429,0.23028693400081568,1.217384524165803,1.702424957006846,0.4503531688184219,-1.3427934405216557,0.6637052332628646,0.21910074395984058,0
993,-0.7522361898463797,2.0150249050427695,-0.11260034162470756,-3.8655008814861547,0.2452687360459631,2.5295916065154724,-0.836974923933522,0.06264734977350239,-1.6683781477969086,0.5299040486150026,-0.6018822207204861,1.1443312357571855,0.4670784500051249,0.12013425691826085,4.126918210868848,0.10964870049823405,2.374816456754665,0.4701961459995141,2.578148564829893,-0.16180787515843695,1
426,2.208954758161562,-2.134941309578394,-1.6341207539333462,3.3847714177238415,2.9949203462267047,-1.6535772486501583,-0.8212183830144016,1.0997495436800198,-0.7185248633798625,0.7051867502114558,0.981352599321789,0.8620291909164041,0.39816324923307733,0.03283601680971571,-1.4732971272407618,-0.10551445547213212,-0.3701206530940018,0.6538713711826016,-0.9456897900864878,-0.835937679528984,0
1960,1.5863989754085124,-0.5002842819182076,-1.7326695368548355,-3.894947553573687,1.798574710847205,0.39281197473426427,-0.21485667595719501,-1.5246331498231318,0.18724592845196864,-1.1034072793702252,-1.758291062700062,-0.6699708553076856,-1.397179520950376,-1.5527691339831051,5.586735131848913,2.1810752611303648,2.9304604502790648,-0.5683968600898048,1.7810866467661626,-0.59904595478459,0
1815,4.647888241381448,-2.281779887303446,0.532376267336209,-2.0897792213885436,-4.792990596207257,-5.7357698904153605,-0.2461694041911729,-1.7287432235106985,-0.21821506049850095,-2.109654248079652,7.1396187149013635,-0.8713226911826785,0.3506873445011795,3.3885345812377285,-11.255560288588269,0.5013904202799302,-4.463719502075513,4.83691778860135,-0.06407972670645701,0.14270856413346825,0
963,-3.1703771974567774,-1.285090915310822,-0.9104634337541628,0.005897672565381945,3.1654268797263185,-4.166137487250205,-0.7993291573838373,-0.4828152254819449,0.12304477656554812,1.4134985194069976,-3.2124368851871283,2.3627283262556102,-0.3359525431895706,-3.917826537202927,2.991967453269857,3.5457734192702004,3.5810587925429362,-1.6808736123341999,-3.312960873129469,0.287450882347511,1
1550,-3.2849701816814463,1.6443066058247016,0.2469272867512074,-1.0964924140065564,0.5892327414014535,1.21161065154791,0.9359274940065342,1.405678002428798,-1.3581958954194773,2.0361981601498416,2.3884324590781394,0.44723390766663784,-0.09532964148906281,-2.692067841853846,-0.9346518868147421,0.21354112233046152,0.15618432871380095,3.152606810951528,1.3381057766527622,0.6487702401773169,1
190,3.0577366572828435,-0.07280977743166883,-1.5790868334840444,-3.842758555691948,-2.7813512936091285,-2.604389354929891,-0.9135972999324742,-1.3830215491256097,0.3026697340110624,0.19689228264318823,0.6335675253730281,0.7519130396833912,0.3297235230323381,1.7239710001623876,-2.1027239473044745,2.6129743548163202,-0.58529698109353,0.6899886708313001,1.5867079008274354,-0.15256926584345054,0
362,-1.4150007104254494,-2.370223400048954,0.9758699487101394,13.311224522467983,2.0379104103741614,-1.069591141290663,0.3424158535428982,3.6745511465111336,1.5900857270299,0.43537963233803706,1.611116422379493,-0.9725832595901767,-0.7372199413191804,-3.1752053075845943,-9.13661159115011,-1.6515547942042081,-6.795186100745509,0.08016075277249213,-4.2262844151058525,-0.42845015009973264,1
897,-2.2713271014462744,-0.5647700340958035,-0.6894399296496821,8.579100148114234,3.999733383917992,-1.5624914005649393,0.04002707641268431,1.9092247372020863,0.29310273213838633,0.08971359777664877,-0.6980161819211274,-1.0805090331404372,-0.3743238534166992,-2.568089505580042,-3.8598729745849565,-0.9145346096501721,-3.0163043267772354,0.9123834386313519,-4.327229574117583,0.9815940974874705,1
1028,1.1723786515443755,2.6525131377147875,-0.5952222667556385,-8.04534645249165,-2.2857668645855274,-0.6946299519156577,0.10039551739623492,-3.916799045430974,-0.8661195895360354,0.3972105658703835,-1.5498467692843216,-0.8781614800928033,-0.18735098482435633,2.12981509672864,2.909724990883003,1.4858217997244434,1.399047002199426,1.5719032359117575,1.4183936156876258,-0.8008947837266611,0
1774,-0.11931944447030718,0.2475003447865407,-0.1318024916420788,-2.5459090607706423,1.8407591434581563,0.31489226447214963,1.3792204827773806,-1.7044500922550498,-0.07017981621537302,1.0752290764603052,-2.443385232818347,0.89232739564793,-0.42410329920082135,0.406600036373582,5.4204649850413125,-0.2077877182295067,3.152410656544974,-0.9689059187286062,-0.6195667248347392,1.0614161470949428,0
1791,5.9583181212239475,0.5110387066119253,0.6173685465001808,0.41157316165559155,-2.4150722372895768,-3.1116253739927684,-0.8523833327824799,-1.0698200022502729,1.0615898579352718,-0.9561747534926203,-0.4655372925592129,1.44129072027418,-0.938818979911122,4.560214885729218,-5.41591842395219,1.5148084725553432,-4.232217358042549,1.0010897025014391,0.4988164230779474,0.7856902049225464,0
1499,5.286488229642165,-2.9259402510236283,0.0607273691637023,-2.3651095232170216,0.30395577871806423,-0.9939653564976322,0.686456667266722,-1.6436388878477917,-0.19163106601350746,0.38304338243997116,1.6569913454785312,-0.9299664760745389,-0.23541508605386469,-0.01132373007359222,0.6323653136076768,1.5067540552137124,0.14709962162890422,0.4683305453421629,2.056042205042222,1.7129328346417825,0
1310,5.319895665071169,-0.6415568217432956,1.5269324073367914,-2.467747059652498,0.31969083161850387,-1.7898625721716128,0.4236088197794781,-2.311780845217597,0.35833361069993497,-0.5627659030973724,-1.3044857639738154,-1.5164432816527764,-1.8095846053224756,1.4265268631341823,0.8879781173062494,2.2770881996935333,-0.5692938017049709,0.4792749434495659,1.263059848623585,-1.4795565161276616,0
227,-4.162456461818035,0.4917658270827633,2.1313618896288737,7.243613785464341,1.7184518541596356,0.30036769326943663,-0.1778711744821962,2.7490069100314902,-1.6746130093893203,1.513091193804665,-1.3032999347899736,-0.6094389928147709,0.16210625344478052,-2.3100396697249996,-2.5246127175140347,-1.0324892432504142,-1.9683443265352598,-1.057229954752311,-3.078055731358347,-0.6342529316975478,1
1652,3.4805268239357057,-0.6231457740441915,0.012587158625943515,-3.0153209004301074,2.107422279540855,0.18466968220682667,0.4645012078920707,-0.6257391476973132,-0.35532627328177774,-1.1263079725634595,-1.5578480099162295,1.2424823825556153,2.0548470670723833,2.7110965425769997,5.359117538503537,0.1813503352775081,3.7095493741745966,-1.146155792160238,1.5027203976188184,0.6485162694151074,0
213,1.5646692869241856,0.5053348833949918,1.5169362021393469,-5.708822661010739,1.384785580007276,1.9779018482317106,0.19702342328347386,-1.9054324643042606,-1.1526100992963038,0.0443625651016996,-4.288955589026022,0.5747386163486068,1.089853182648343,1.7806096970224283,10.108869050005772,0.5380582154923504,5.784292757290413,-3.282267255171963,1.821827295422037,-1.2763366824071405,0
40,2.38434964186039,-2.190826646272321,-1.5799823555375099,-0.4662151658256145,-3.4604443909811815,-3.472279481544264,0.9280501853615457,-0.6788449339541539,-0.6356670441196108,0.2328181369456737,6.30147336845375,-0.5060583517008841,-0.11342421856736508,1.9363631651236997,-8.691356017460835,-0.7168197640942358,-3.304766194635914,3.4927229360839833,-0.3636983516997967,1.0714268693508657,0
1043,1.1515000449092179,-2.361341239778981,-1.413779134781636,2.8370827340415947,-0.2994372821203797,-0.8115806241120402,0.34025182762792205,2.3711165211368987,-0.7914471989720622,-0.5636225524519176,0.8112469011632448,-0.5014436364043311,0.7865588950609824,-1.1088277690101425,-1.9827329053820348,1.6013694558682183,-0.3829310052485342,-2.1196254846834144,0.8378916740251847,-1.2721107166363328,0
1605,-0.603894013007887,0.7444639193958069,0.3654113980330402,-4.927423026957551,-2.6352191654051786,-0.32700137649162375,1.1946249254534778,-0.9655855818973886,-1.1458710848023441,-0.34040210384185443,-2.8222746052889067,1.0085722097090581,-0.845322461924803,0.9443384357680363,4.072157145414279,2.241612548621349,3.3442736264373707,-3.368948778350168,1.2131003894795267,-0.6328372848969507,0
1994,1.5986637249618705,-1.281661224822437,0.5562567345097298,-1.721349598390954,1.7088171326769248,-2.650269540233608,0.4768443989831462,-0.14005877324765703,-0.378422884385093,1.3731213357279286,1.5907611423261452,-0.7223656257751746,-0.6653237913447682,2.528617732248202,0.23443230859806072,-0.4629125398867555,2.650917931704779,1.2810163823350504,-0.7259997814501411,0.5296383353760487,0
964,-8.207147540542937,3.843637334492983,-0.43489623772655905,-1.7761881938023116,1.5964421798740234,4.349810088154439,0.4983921264296472,1.456867770886746,-1.4143348463312237,0.8674220100243203,0.9093166399336851,0.8549975612810576,-0.45668809317852693,-3.170760783116347,3.5180778828959904,-2.5648949099443894,2.714293576356523,2.5749273198944325,0.1852077396210441,-1.4967935579772282,1
1763,7.020049166735099,-2.340061320928162,0.6453213788340357,-2.133269590209714,-4.806537903475651,-0.6692203196778407,-0.7914769526994675,-2.2403593769755616,-0.13266907590999974,0.6848600586022573,3.0879289213182086,-0.04903128529950392,-0.5849231270957621,3.0862472687604083,-4.413765101609365,0.32673267940834716,-3.7736265019330224,0.2409468295180479,2.6677114716537913,-0.16370734378043422,0
884,-10.747381210403931,4.002744576787941,0.5295444117898711,-3.2386931586437298,-3.366736729747958,-2.051855130386762,-1.6032628202999424,2.8989054935461542,0.7959886953272844,1.1671760820361503,1.5191833157721117,-1.7337790338744195,-0.01307018319607199,0.25233561318438236,-2.5484654311961115,-0.20085120853311667,3.9777291752901185,0.814544094163488,-2.1039267235193044,1.5276230531742567,1
67,-6.866116800928843,2.5847874388615186,-0.25204483808819933,-2.7620345562235564,-2.1976318770129994,-1.6009189186551374,0.16879214301103346,1.4206523066177104,-1.9849888814801102,-1.1042597338972644,1.307810012358562,0.06906733087126397,-1.4214668860921555,-0.758580572930686,-1.9385373406419233,0.5592598546838118,2.2149175746809693,1.2825680030555584,-1.0814074210065865,1.0692424510294107,1
590,-6.136813658679426,2.432590812435516,1.1671843661091943,-3.375290308834035,-4.1324194890657555,-1.7016044528106757,-0.4750907656247506,0.8060736923449643,-1.0466386935577854,0.515979366748394,1.1240085638610362,0.11700148426117646,-1.0639361811750623,-1.2674942368361006,-2.9282599114323293,1.7127197138144403,0.9488278138307076,0.6318917103943926,-0.3580678447321912,1.2535422833090304,1
62,5.3045945305304505,-0.5385313286959276,0.03953158546721831,-5.233182221651118,-0.794416067760664,-2.226013098945157,-0.9980725771216696,-2.8963820303090237,-1.275025365940996,-0.39336509545783027,-0.056135884886714886,-0.078231388066068,0.39045253043624906,2.0932971180882474,0.8649076913327673,2.3948452618578697,0.3813625367924127,1.2736530142169018,1.9553740402939503,-1.1199197136196004,0
9,-6.03069318246811,0.3590944370357432,1.108563874643532,5.50583567806048,2.3964807722945842,2.72914299119248,-0.3936801828810823,2.7536673089400923,-1.3002012279764616,-0.20542154207828814,3.0002974364706345,-0.07252949606961738,1.138021073176701,-3.434754594632875,-2.22364374219946,-3.8910791943734915,-1.1042116877112143,2.1465316221923203,-2.173289308594775,-0.5929126637975917,1
160,-0.850162487310379,-1.046752588107576,1.345811938292515,1.449021452189689,-0.24192866182286976,-3.3569041325118802,0.03640247693054744,0.954797119943452,-1.8070628282597216,-1.4605413720728988,4.635309092077767,-2.5571934832973904,0.9197246816878429,1.6413636188240335,-6.390701772158321,-1.6667189980844217,-0.9474027642325473,3.2787432934487555,-2.2205692260314276,0.08137642496902035,1
1497,1.8414056667377368,-0.12156683433443027,0.918642085914333,-0.5435710017317664,2.1544378281260608,-0.7080530946328681,1.1737271025617988,-1.4956380664716393,-0.37532519806799597,-0.44440846603445566,-2.4954796399615984,-0.08065670074844497,0.7615064693213116,-0.06371830797486977,2.8984148613101843,1.01919152461455,0.7354189250164357,-0.29543444070066727,-0.48123692938481777,0.5098117266134067,0
1874,2.6706327473128684,-0.9066329176737167,0.21019479963216461,-3.7783089743966207,-1.9447358860779538,-0.38301322170012586,-0.4977610784346867,-0.321084549111866,0.9672111035045431,0.4155846469368956,-0.8461159583060568,-1.4773570588328875,-0.5006132410199041,0.7201854865357133,2.2768019042234253,2.7266820885186585,1.9110968750794681,-2.362230993331428,2.810673411308656,0.011844950026337033,0
417,2.890819935167751,-1.6974389517101844,-0.06896841739296483,0.35019016652941887,1.2455851558794586,-0.3330411001232803,0.24402490378446415,-0.07544318458133636,0.6197191128065991,-0.25722251482055486,0.2857258632201655,1.3588827651071487,-1.2791580656521355,0.31135304689183807,0.7441103868721106,0.38828576832579287,0.300615915371778,-0.33138858903991775,0.7051692464552608,-0.728329589750698,0
348,8.183038864733083,-4.8073692869462015,-0.0620049155463232,-1.7862596261624464,0.5224238487242701,-1.8881750487129088,0.10857091059422029,-1.4207540897373017,0.2934729523319192,-0.6052021564298303,3.4380227887919137,-0.26701975937024836,0.1353026475010136,-0.4933337411142811,-1.2705608406186026,2.5396369018640645,-0.9912652529604393,1.1574346104777926,3.1933107500908453,-0.25840658034749847,0
595,9.911553484812151,-2.1201116251743803,1.2553034513985204,-3.905985486369835,0.9948049670073775,0.9450678702802551,0.06256319597358366,-4.665660975866874,-1.9129142824286642,-0.6500878219995389,-1.3144906716092406,-0.32727407753440574,0.7226908807149122,1.40695349980096,4.271720026241829,1.4651079714695379,-1.2465604887894535,0.3408720900510689,3.4210398169719,-0.5701720958304132,0
404,7.800331236499095,-2.381466440894381,0.5440321338382232,-1.8022468744894202,0.24895883152693576,0.6648878353061066,0.34799122163506924,0.47330244042502323,-0.22301094696912124,0.2052540233053719,0.5089346910872716,-1.546314085743925,-1.9499076519288492,1.6118857633251888,1.7600970088392716,2.4051657344466904,0.32603692795392025,-1.1911167876895337,4.998360279831101,0.7319653648231981,0
122,3.218655183275438,-1.1571517267293405,0.17500813182847186,-1.0067549157654714,-2.0571067173944364,0.7192317294608401,2.739426609671537,-0.7390912888164931,0.12378055404259153,1.5694915225667418,1.083068910487643,-0.1382359182677607,-1.6137260559397677,1.0019458730315862,-0.7838927367419652,0.13884947055845487,-1.2982138474186535,-0.5913814081034034,1.8889409762436231,1.4848165747733668,0
650,1.2564602693221372,0.25344829767422916,-0.03387951769751784,-4.148523766419874,-1.6034137679174831,0.3474030576145333,1.3980096090599607,-2.0691164005355316,1.2372646277959893,-1.4040786358652153,-0.6056772016878343,-1.7293200739848937,-0.47907769988089133,-0.4330110504101994,2.066038854755117,1.5498137753783947,0.5196988907507785,-0.15679398952573886,1.7061623321300727,0.5637395120002561,0
292,-0.22811004016650618,-0.0630739248867851,-0.08346701133793157,-0.8938174518633608,-2.147256180651645,1.4180432044235256,-1.3211677558016015,0.7914731206010167,0.29438193783596717,-1.695094915171714,0.8849508954887416,0.9601988824949291,-1.4932003030250691,-0.8368058196767386,-0.38576501221686843,0.6904671134494882,-0.3135970142845437,-0.9014064502622298,2.0549975756717727,0.901772838067318,1
984,0.4588802748861406,-0.6343349698256411,-1.1692487583151376,5.172844950745562,2.1499170596892903,-2.5821111647938833,0.39412395870689476,1.8466332606546676,0.5932676478591766,-0.6688983279814762,0.8396715660602084,0.7838752636065969,-0.2008668950178809,1.4781431745361777,-4.463986167494207,-1.0013432602573524,-1.713668076504919,1.241070893890368,-2.601305988795638,1.7422669210456565,1
1409,3.2621714618672337,-2.718905151665292,-0.7620160959047446,0.8304786605053978,0.04555199970306978,-1.9064250711677158,-1.7097152229860546,0.008330759806588262,-0.36011199193500065,-0.36194929258642344,3.766348827683771,-1.3311259064673864,-0.7922739596370187,0.5062103293480045,-3.926763772563878,-0.12483965336902458,-1.4922023435663472,1.8542654446829738,0.2890273806800464,0.5784082386959685,0
726,3.271654662395763,-1.5010593373088401,-1.3632787776153534,-2.598892123523726,-1.8925122109107382,-1.5701755997745255,-0.5771910699476277,-0.9201031530105772,0.2487377919984685,0.6837942400908247,2.1282759104572975,1.1704866998220107,0.5066328210666361,1.4885067016878395,-1.7654309270213882,0.989742628587081,-0.23069632357928715,0.5838804326789508,1.4851412693665988,0.6148950755540218,0
1541,0.9755319321940252,3.7778211980773646,1.0392839008134764,-3.9248270405018233,-2.8141901831075886,7.321054301142523,0.7029846990724001,-1.7167015197669175,-1.0640000389915496,-0.2537664585927077,-7.816377480932444,-0.027979764227965234,0.890568923151617,0.9835988885118769,10.261901683922822,0.6140460678423553,1.2441742864393799,-6.160594067470128,4.310805427169924,1.9007984846775485,0
1651,-7.213079474939684,3.0648664288110985,0.6087937043650876,-2.5737676670946144,-1.8883411831765122,-0.05224570222766942,0.24812934587028834,1.2923668172642124,-1.8612964320254275,1.2620904806106352,-0.7390465324323706,0.1972543089702004,0.7316819579443251,-0.17449692721782006,0.9833689675433983,-0.21675558590912725,3.2163465611413256,-0.6049671350864185,-1.1958621142367551,1.543141624053807,1
554,3.532475100438529,-0.6482880299549657,-0.29887582595583545,-0.1442842685113373,-2.9823244922867174,-4.199131624627742,1.059790273651185,0.03350105484845867,-1.4788783703895598,0.26189858250050885,2.204637333724745,0.8545725063278381,-2.020485717643795,3.5292836352456685,-6.869015174851393,1.3624906846217872,-2.670009178212707,1.3641209184345304,0.022287078082756984,1.4842471293501198,0
1126,-3.8592021843672764,0.5802922307510061,0.058147968191026994,5.1374145743807045,1.1308717597987186,0.16970800512341572,-1.5874658401665709,2.493007092138305,1.7958368272837808,0.5478759260241016,1.7404003365926257,0.07570323105207682,-0.015622594619894318,-2.127447701548343,-4.28295084318099,-1.4490812103956636,-2.232130036028888,1.710346821068069,-1.9787058646245959,0.9814778474575502,1
1296,1.6205430429910186,1.5812749929958123,-0.7615456609920183,-1.5698312390040907,-4.154462356668462,-2.9752605698038876,1.1157440381466806,-0.04579997020515825,-1.5731456905162233,0.0577001496833417,0.005715334738036786,1.1548012124097382,1.5027213821320877,2.5236878382541335,-5.288589292307998,2.6222061708874014,-2.5918869556867152,0.5917735557793188,0.8868212252449591,-0.31363124223173394,0
1384,3.3918932425182087,0.5159617108455767,0.7393613543569532,-2.2012408769821388,-1.1655072257633436,0.4692394164804831,0.8030246338888366,-1.9116430656569277,-2.3257883375002244,1.7297197284399748,-2.261193763878037,0.9667406385649141,1.2597502362289597,1.3755294805597085,1.9146871930960536,1.276235323483302,-0.6848822960949863,-1.0445017659003901,1.548214867376545,1.1408759874852012,0
1819,2.1064344737920537,1.725210032945025,0.3768227676748954,-3.8402221177621207,-1.922552941274185,2.674293040914167,-0.6740183783430284,-2.6732805173219654,-0.11512784998779041,-0.1737511762006548,-3.949147257194603,0.34356126296838724,0.36136203115675397,0.3471389194163481,4.93192100840815,1.3702348139396965,-0.08153727611704897,-2.159037764917138,2.415022472523166,0.3126640887795773,0
302,6.284793536306227,-2.5222015451866335,0.1409211046697218,0.6377937275690078,1.6734815730073613,-1.6799156596798983,-0.14648666425655646,0.09641134611756241,0.8797604725594987,0.34826962145666457,1.7388217946704643,0.09155798645286414,0.5191757499054134,2.0958165566991767,-1.4743834583850006,0.6555913520068148,-0.750252773270472,1.0953792654468848,1.4660925570156733,-0.8868376090805808,0
201,1.7964026056421496,-2.105913174612314,-0.2003267931099988,-1.546354954809003,3.387722547294209,3.247802236093368,-0.5322269688028785,-1.2935125729092953,1.9462510735289373,-0.7157821262220602,0.5558192380804741,1.0081556740520154,-0.040492171366160956,-1.915467515602412,6.322334910465611,-1.4757770756353303,2.589867112357675,-0.061270621070663056,1.5288677873093017,0.6804618353849959,0
1201,-2.4713669156691105,1.9352596143646612,-1.6842033216121688,-4.152043379812339,0.6090892388158965,-1.6267783774495932,0.9474107554744855,-2.7746435940575402,-0.821742615025371,1.361920631460233,-3.003692369818904,1.1152209841322633,-0.29646789392307366,0.9792103774876388,4.060019054237515,0.1159277048455124,3.166971774981863,0.09407326356586077,-2.3934332601464012,-0.5632707644670137,0
1263,4.76043665364589,-1.9967382592458713,0.27294912367289675,-2.62786906910242,-0.8180482032717925,-2.2395343140457618,0.8747546447702945,-1.731231753809782,1.0046428593232557,-0.6385070234063666,1.832413387952442,-0.06313936966355857,-0.38111113860757667,1.1121733341583009,-1.4873227499135164,1.6063897092612565,-0.6038502066559811,1.22136668693291,1.3919482981031062,-0.18841350078271327,0
447,-9.452791392638773,1.9352978941085093,0.2886602762362232,-3.3535429403532597,-4.02506212543766,-2.3921296000791723,-0.3763095363336512,2.4290683575026035,0.11155929594040213,-1.079192276118096,3.4453917040767683,1.3180770241473083,-0.5152855582175128,-1.414977012560169,-3.8286842122297173,0.49848282360293983,3.1338155850182963,0.9995909284808315,-1.41943796277961,-0.6959614440110609,1
1275,-4.1005291350673305,-0.015195707714157791,-0.15935699145029233,5.5355158433421305,1.7864774132399894,-2.9857609849449074,-0.30639329891197387,1.516887375648968,0.7425807148271509,-0.6770253956503806,-0.26271423106134967,2.0762473581685588,0.13718668228827632,0.6063441647023449,-3.6299282946140847,-2.059717468960162,-0.33915172193977283,0.09942768422713211,-5.471089091165557,-1.6273743499690736,1
137,3.8059909338221236,-1.9945305238881816,1.7810202765172773,-0.6833764571103461,2.032878964620167,-0.41669504895685444,-0.5318194408771079,-0.6786768819736707,-0.18223878586526496,-0.6309480416053749,0.6678604244709175,0.2534779931842511,1.9446683740781894,1.214881549691437,1.8021237633018026,-0.24513753960477058,1.1922086656097104,0.25661389463564266,0.7242853279172894,-0.23673671652130399,0
1002,4.462408557965943,-1.058198357784232,-0.061937066346219954,-3.735999866375752,0.8757014109796011,6.462269506727477,0.4281793231088253,-2.156104270062372,0.14237755700337326,1.3957045511355466,-3.1829656076540243,-0.9261136919726543,-1.1227069506185967,-1.3512658007991196,10.490073764290408,0.21468970060441084,2.3177607454005065,-3.8011515399720945,4.947537565833372,0.914065463386796,0
187,-3.074579406452553,1.7768378263825744,-0.8063419423783393,0.5629017263568473,-3.260973160876001,0.27755604686130336,1.5862406528197524,0.7024000414276546,-0.3575776427697404,0.05953418840363034,-0.5825456946955531,0.43649744496796256,-1.0308547395990129,-0.6254866168035671,-2.597347585020146,0.5430373274788183,-1.7034812225364009,-0.8984869699321136,-0.29485075768026103,-0.30861123482284236,1
165,2.2536612946195422,-0.3941418109715342,-0.6527240813339826,1.7437403117755472,1.6967763436270467,-2.600917871757562,-0.6562472356277353,-1.1789800702464257,0.4136540123879616,-0.7235965626625325,-1.657312453703151,-0.5515509661975446,-0.12634453657510047,2.3270765109124634,-0.7311365647367623,-0.31908722449130633,-0.677992513587431,0.20963370409072613,-2.4971209022099212,-0.27766256243778126,1
1834,1.8837683318024456,-1.7954706403792096,0.7861287157147634,1.1959977353336093,-1.3407808760645255,-2.1541172155606367,-1.729006027092398,4.054160124471707,-1.661221790450829,0.4767767658040146,2.2179207810680173,1.900435070054419,-1.532349832298178,2.2183537430070825,-3.5174986798188907,1.755645525002997,1.1109651606313662,-1.6934608856889537,2.005145564051808,1.082503966906892,0
631,-5.863782200339754,3.4290108689512526,-0.36392822762414223,-3.220487529843863,0.27531746043907246,0.7709923992395921,-0.04785173529524825,-0.2668354745851056,-0.6368720952520411,-0.8945451985996589,-3.8525228349595215,-1.8609028812604693,1.7029443492082061,-0.24344679286261472,5.432141417701963,0.04202687755969159,4.259900064429328,-1.483920373726731,-1.3705255041428401,2.8315736437140266,1
1996,5.472720017780873,-3.060348158555483,-0.5872203162551135,-3.0575298605728025,-1.2109208425324318,-1.851646204833324,0.31599974886190624,-1.693630002437115,1.3082406853361348,-3.265556429787292,3.4503438489520017,-1.0863136926998502,-1.4689131707704572,0.08811934858269366,-2.0417365997836106,1.8559460180949992,-0.9120599018988368,1.6153981508176043,2.4387546459779657,-0.17747994434053505,0
1383,2.3361004019393836,-2.0835823835137752,-0.8416435542288115,-1.3365898090917476,-4.162148153576947,-6.008040607086426,-0.32807517988144597,-1.2634542467356347,-1.0269500514498766,-1.8848010625962912,5.929889251230024,0.41873625224776345,-1.2432364373082216,0.8040277038035055,-10.547864514805756,1.8305639870492472,-4.0130578891409,4.123200664117613,-0.7372199373382593,2.217621925805044,0
303,0.624140022432904,-2.6500208004083543,-1.7537076894839851,2.487701446043912,-2.4198818567735554,-4.81015626303005,0.6596075595291205,2.0791028147716473,-0.11855286361375651,0.3094207250944566,7.99600676932124,0.5835574403346854,0.2896961528009836,2.15044268014677,-11.57747458853605,-1.2856606749788893,-2.948516987979603,3.985827627416923,-1.4785408842989654,-0.5827490747806692,0
1264,-5.963217785119949,0.6824996786738725,2.1516771040867697,2.257325129514239,0.7600701657245827,1.185604350033406,-0.926189353051401,0.9384523128689833,-0.5292850340134826,1.2491552558678851,3.3243829297945138,1.5165079434539794,1.9059257906199778,-2.1026270006340857,-2.4457143221198923,-3.6557148379496587,-0.4278807878810954,2.790139234241724,-2.6450983505145516,0.7304884137507646,1
1890,-0.57865938383657,3.8020288684410666,-1.5933435395435105,-0.7601283464607037,-3.383081092286598,-2.3754211122205615,-1.7768015616816684,-0.41743111173298963,0.30817729466765553,1.2629921433765874,-0.957775523011729,0.7625774234852665,-0.39078994068719797,3.918801895442958,-5.147649293835572,0.36110464407045517,-2.8847373028196452,1.7948098662596967,-1.0544033023336334,-1.4607068952451088,0
1896,-1.5644640617259904,-0.11363283398531077,-0.5230513741716221,7.015572356899353,3.768901341088065,-0.6402000804462477,1.9472586768256182,2.3163950405954132,-0.24154389163914786,1.1045242235986295,-1.6500186714125813,-1.2372907749699995,-1.5759076974946609,-1.7393490764599007,-1.6084529331154738,-0.3531039618443299,-1.5788811705070402,-0.22651561843331813,-2.758754242731463,-0.8857163056077421,1
658,-5.3413278793813825,2.4007962148547444,-0.27281482675879,1.642656653698609,-0.871098422801009,-1.3612291762629904,-0.994882451250787,4.199964134553476,-1.2053068680364265,0.972763518137506,1.402092109834955,-0.6544574570653648,1.418949690371532,1.9106511751342077,-3.8377845200422707,-0.9185570668770509,1.3838364265162095,0.6134239516715729,-1.2364445873372745,0.17848273485677035,1
422,1.0448635562453714,-0.8289996461883259,-0.033768575818925076,0.32078588165618904,0.07577496633027025,-3.0825830047352483,0.8275774777791337,0.6153415118473522,0.034790347435739506,-0.7614363779458483,2.4602556503447306,0.8423282289790539,-0.4246132239775545,0.6703880440670942,-4.201977756306936,0.8647465483486486,-0.8029606515756418,2.216617733070601,-0.43947267390476474,0.03816388449761509,0
126,2.1697208791742173,-0.820382339495894,0.07000740597594589,-0.22423010148604028,0.9792388424156986,2.266912570286335,0.5296301731073827,-0.013567865076905328,-0.41858640096439637,0.3466351223600972,-1.8990616556940432,0.0257580274550074,-0.5056036579790486,-0.5166481363965503,4.267901987399795,0.5530644245133408,1.1192823943917705,-2.3920018361879025,1.921835797592414,-0.9720797942395005,0
1151,4.021897150680517,-1.0655980821260655,0.7035644586293713,-2.478591029257512,0.8376657001310113,-0.13497020833131515,0.6926512680783403,-2.444040056899592,-1.465580450279177,0.7577063023580902,-4.373416002617803,0.012839374683603955,-1.8632249216116146,1.1951469603939229,6.090038441645825,1.7669564412874865,2.2318355145599855,-3.465897524240868,0.6761466777581706,-1.5600911368240398,0
1447,3.4797673760136276,-0.21305177027842126,-0.03439811545378505,-0.0931764925361364,-4.009731716077921,4.142002382281621,1.7542397838277708,-0.6190997409182227,-0.6778421890620199,-1.5192008374041224,-0.5674204068611101,-0.40713473256344324,-0.8833219976875157,1.8543655277344435,0.637613379983935,-1.1482396440801677,-2.534752779230407,-3.0404184647888526,3.081519462065851,-0.3754987545620358,0
229,11.735526651038915,-3.8593914247019216,0.41320244622608115,-1.858179005537225,6.118790922839185,2.2078619043886762,0.3958766197812488,-4.696746076595501,0.25032628054444883,-1.2067298088598524,-2.5020218391510953,-0.809368256660146,-0.7924722407895025,2.9838733459927433,9.5370670562234,-1.5069196717563353,1.7315552743956837,-0.6399370661376915,2.028260912748655,1.8967822127510647,0
1346,3.28972952590487,-1.921306868632083,1.0436632729360542,1.296995729861561,-1.163947148180882,-5.015301721918946,0.4493267699820545,0.045264663992161225,0.1147569479036348,1.2171584699505,3.8089883191768212,-1.20787084822221,0.2842195676132373,1.3958756905547367,-8.129869095064732,1.3729480931655411,-3.2667047595870993,3.0469783651695916,-0.834985166911179,-0.8507017477524716,0
941,1.0135161167164828,0.047593389050203605,-1.6022123124026826,-0.2763463402808957,1.6644658576448372,0.41100570588629765,1.6741902789358514,-1.6997000342668218,1.5499748842040018,0.3534472577355563,-5.105972804521803,0.8201335683996345,1.6288825829520317,0.1898037692557204,5.768773498555428,0.776175313859514,1.8509569295593833,-3.316828349475087,-0.967079121297912,0.9837033303681456,0
987,7.376921421940421,-2.9405905213700194,0.31168564639487545,-1.5318288499416621,7.912180479346164,1.6936153873587927,-1.0203017379373744,-3.7468039100363,0.7901316309986359,1.104504905507184,-1.9665599127320288,0.7368203684262945,-1.1870386828720798,3.3771840032230624,10.336233936990643,-3.6508746171204702,4.39109363689899,0.29197471675747955,-0.48679880546786847,-0.8946661346330649,0
960,4.847241030135188,0.21035808203984763,-0.19025502518212764,-4.411026960971132,0.1768271700333981,3.2485947828990906,-0.5166868959884539,-3.1402934206816577,-0.5518862496017765,-0.571202761849557,-3.4133253751238413,-0.21301276026515242,-0.5480770930793597,0.9767840718346013,7.368706607245802,0.7077829402445621,1.227341807659899,-1.9543605833202387,3.2424022426301575,-1.0585706812786917,0
1631,-0.2545927727989027,1.3575773823105548,-1.981974722890907,0.24014703455133357,-1.0011038345427987,-0.7474891081703435,0.35467806297539234,-0.2582764285005831,0.5033159795782358,-0.10693970938392681,-0.6450131294212427,-0.1590693895227515,-0.603018954686761,1.7026933671547968,-1.672574092556199,-0.3529711755547278,-1.0958424618072444,0.43178439905707433,-0.8486645853896189,0.3935127468799287,0
125,-1.2019141567926153,1.6757222221742036,0.4582173296188285,0.8797561039818517,-0.4065553714903696,1.7702811419986852,1.4448985143970337,1.0515127139231337,-0.6966473803504336,0.49577327214422773,-3.0317916080236964,-0.8967902348943135,1.1612680414611998,0.5640590849406162,2.237097266887638,0.0888574533257892,0.509955739409766,-2.5150169257897144,0.3976480128105546,-0.34538759816058817,1
634,-0.2154977817859562,-0.8462401869880544,-1.2107738388687799,1.6069745924991694,0.420581726461277,-3.5858114118197366,-1.775368663605509,3.2445598709717354,0.7315659814602741,0.7012348401111459,3.7373902897075326,0.0703968815367634,-0.00043080578742525595,1.2871176234766675,-5.695835449161603,0.711268224913859,0.22344432351846255,2.1860270534775066,-0.23592209538558873,0.41427850349874096,0
1649,-8.381101205372703,1.6947707569599406,-0.8068286084387194,-1.9613767658432846,-0.7013216584594415,-3.746650803431426,-0.7774710897496449,-2.3915415465112595,0.6837578822817936,0.3928810044069617,-4.769642448565898,-1.9827631291746852,0.4236497630965889,-4.298391395569558,2.3475579807407057,2.772932266473539,2.721754251053076,-2.0723916983361392,-5.414872004558432,1.4281883307783807,1
1489,2.0957504337422943,0.742581507125188,0.29065393271966666,-5.128984219477987,0.900551718351928,2.021267087028534,-0.8887143236259676,-2.435563804828644,0.9709492940474975,-0.9772915971357476,-1.9380966505684414,0.7130738128417113,0.6376159447107538,0.018354827544707297,6.35379563280843,0.7821608014095515,2.4123707324702783,-0.10298759364283061,2.4053941327962027,-0.20827190606055068,0
607,-5.798788223099562,0.8555697775410134,-1.7760994450692025,1.1055118541073463,0.2893189407909542,-2.1930838125143506,0.9356999525174146,0.9287389678439903,-1.1958549098085245,-0.7460659906915339,-3.219991768682671,0.38191679995582317,-0.8022110728468099,-2.059357956874659,1.2184036218100565,1.5312399638756495,2.48655177661495,-2.657609023069737,-3.3426601623528835,-1.1978117891969309,1
657,4.69993575978119,-3.1249213867913603,0.6542535910762275,0.2767419396908379,3.584021215965083,-0.8355042687498639,-0.44093647681408443,-2.1258909992181705,-1.1852345521628695,1.0853918932268243,-3.9072312089771777,-0.1834372929698439,-0.888922177118122,0.57184725142155,6.365024393233987,0.8317271704477107,2.648838003899051,-3.549410033406808,-0.9116031940104241,1.2581506810625112,0
727,-0.3019341306187089,-2.543529576078673,-0.8472310766281008,0.3071740341514432,-2.7512582090833098,-3.7317820285365104,0.13360594237271367,0.21161424184426503,-0.3262313168005455,-0.490887365425914,6.225785702143105,1.131495994574176,-0.5134180745458367,-0.8624651409292594,-8.329796138246236,0.22730433053756605,-2.4218382907377354,3.026206088244361,-0.9775484706396793,0.8325771505145528,0
654,0.8397518932655198,-0.8869760291285731,-0.7334262480646049,1.2912174148659323,2.472625151563803,-2.565775434297499,1.6597105508211447,-1.67742347865909,-1.0100298899379447,0.09058517072808218,-3.0965821068047563,0.6420616009826351,0.7521304137414896,0.8077007485536691,1.9902730268653033,0.1666570276838123,1.055251193904875,-1.2559449856391023,-3.292478962183992,-1.6497124610294145,0
163,7.9431868199488855,-1.1046215649747875,-0.010008561766819066,-3.4185112111834894,1.0480393235843788,3.157244759969738,-1.5104937512103147,-1.7248897661169238,2.211637299756546,1.6401003634123092,-1.24792428131213,-0.0012527874219861697,-1.994001605465819,2.1096943763425875,5.762506099362254,0.6266833127720952,0.7431972636397084,-1.014779299538551,4.92562113225369,-0.11024457617592653,0
620,3.571684161345218,-1.3525604961680078,-0.1821230224001866,-1.2655267029164912,1.1721225754428841,-3.3622817938844194,-1.457812246467391,-0.2951670389821388,-1.4794461027904844,0.11227016619568488,1.8086202139724374,1.3072177301530536,-1.0660297519447592,3.185831904627277,-1.681598530160327,0.23045592889889455,0.9697968945832353,1.8510606920863961,-0.22478439700082742,0.07473952326033063,0
141,2.0051019370329586,-0.4528819677022493,2.1677265975087865,-1.649247333724158,2.433249221769567,0.6889734661275809,-2.6320163131145717,-0.4424011865096996,-0.3845241577197884,0.7058228785358934,0.08993207620683558,0.7581471360484966,-0.23931213466350376,2.534021500694987,3.7018572054259034,-1.773341922625364,2.8028265058968875,0.37528340331174026,0.4016205044996186,0.8718162421616183,0
1257,2.480795568502258,-1.092410813433082,-0.030620206561027243,-2.3071978235564123,-1.4775617671518724,0.9121133127979302,-1.3734692772455837,-1.5226190268221713,2.207798258470238,-1.0963312756845154,-2.6013935363171514,0.19179689531897137,0.5885713267367311,-1.3122223841650276,3.666403985436527,2.664964103787262,0.5771398137927031,-3.3234692503750143,2.1056900787291633,0.2713872900048557,0
259,-1.1105981492809593,0.4873464870771804,0.09753434605461415,0.7589842321607028,1.2306641324682532,-1.3929250030514064,0.48723543708588496,-0.12055261110470905,-0.025033770689237997,-2.318098715219641,1.0084655463277612,-0.10787542499830699,-1.0646186874865093,1.080358427197503,-1.6445473460184972,-1.503803832174511,-0.033099332298167194,2.1054407602942984,-2.044572518330919,-1.0336875578755065,1
1052,1.9706378114932166,0.029717881563266157,-0.8020255947204762,-1.8108635960267627,-2.0230466643168485,-3.0822975788509335,-2.4608464853619307,-1.847648268589361,-1.4220054657482892,-0.20218100002901326,1.49775470201603,-1.677986183431167,0.9067261813595573,1.4552308646365197,-4.214467559483718,1.0294650320564949,-2.154493930380121,2.3421948951562928,-0.4889372646524379,1.8489732120821576,0
235,-6.341607758241505,-2.6952862005815947,-0.2735516349901385,-0.9598487921515715,-3.062480832140132,-7.432941208931523,-1.3366493598555278,2.6488830546455095,1.017852492346478,-0.3742072803690101,6.808506625714954,-1.4375190422930246,0.615045187201397,-4.291852034835795,-9.419983424678863,3.6635443045272456,1.223470849088615,2.36043405255957,-2.2421274873646238,0.5106225755574066,1
759,3.904602451535026,-2.225800401620903,0.44826811001856204,0.4460091963193483,3.189887788987221,-1.0296076106541125,0.17218052415516252,-0.6738904800025941,-0.3031969481805869,-0.04740537849495215,-0.06236744957600735,-0.810384076411382,0.056201475450123474,0.7052552799483007,1.9198143842905353,0.09196804744032827,1.0582340086409572,0.224020447543114,-0.039458924901684345,0.23146438808972353,0
796,-6.915999693227896,3.821065454483493,-0.7707619197308254,-3.8229293025888618,-1.0162159950467042,0.9367266803045607,0.08047173279373414,0.9810746360304851,0.3042661526384518,0.7617910967224648,-1.4578544489642031,0.6011613463125268,-0.1149243019569152,0.2982322501790402,3.244857429045144,-0.5115575753552184,4.230419179474202,-0.35186709936978655,-0.5196825071488426,0.44490718908365084,1
929,2.0173708710110105,1.349966520689406,0.1899603506243601,4.9488226778475175,2.7597863585593623,0.9596986976367843,3.3596462946970136,-0.8014033990920428,-0.5261462085642462,-0.6433854139414523,-7.574822269726384,0.23816942791059406,-0.3616182977907735,0.3499944144158329,3.6087450731085458,0.6935487951604167,-1.9644934842673352,-3.523316428129126,-1.8926148286647524,3.2243813494854443,1
1861,0.8093950882291896,1.7468890518029356,-2.4446495784385744,-3.357789491766459,1.0457267167657778,0.33809575696109934,0.7172445533173291,-2.806071978872273,1.0925332984883054,-1.3574602284471444,-4.8910750186814544,-0.5860363574673668,-1.0987006107396402,0.8943287392512629,6.0534823449866035,1.017322814796269,2.0624448280947214,-1.4007674156624632,-0.26463453151520433,1.4703347054421734,0
1258,6.423158372053409,-2.250616602724201,-0.15399232464442136,-0.9520886589860889,-2.319325533620407,-0.972315405237173,-0.3619733840889841,-0.4674315547967891,0.7313034643632335,-0.17104589217450009,1.1159673364372176,0.8272114152664385,-0.13087602988249988,1.3526170706914833,-2.2757813411005174,2.403094885944977,-2.1374122322621396,-0.8474233526987345,3.1217107460418623,1.6244118563642365,0
767,1.2507058788945564,-1.7903767411547906,-0.19223013711097067,-5.198507252306773,-3.240767292201104,-4.850212749818793,1.0431186692346417,-2.294322303273801,0.8203477417900442,-0.3618245545539499,5.857645755036654,0.22171054750933922,-1.586720289726351,-0.31172811582746696,-6.206558572533601,1.9532639714341133,-0.9829201576468121,4.509110808224335,0.27619480603030133,0.23811088940330383,0
353,-1.1190189499081233,2.3031509228593676,0.5884159977177724,-6.042190386154151,-0.5090198939353043,1.8557690542831196,-1.254942239091605,-2.327820643476327,0.08841782292410091,-0.12139597383166857,-3.6620234532728686,-1.86351941688899,0.7016472368573382,0.16723987576398747,7.208395425834271,0.9779658522222467,3.6014074864211327,-1.5136158591699704,1.3732478984342527,1.7405837294868653,0
174,2.786463060607439,-0.6942024444080983,-0.7402695159277718,-0.9266085660523155,1.2351571939448456,-0.11911471288642503,-1.6076149971996347,1.2185302880959359,0.8499404016572026,0.3971590304865724,-2.143219637904443,2.8601167071064957,0.7558698914001164,2.2203485570651904,3.7925327429043656,1.29859304526138,3.0893904322378902,-2.7896616672694208,1.704086811204591,1.3574748484908772,0
462,8.000823218402804,-0.882195253170215,0.7338221704234815,-6.659883964416546,-1.5010367949598393,0.01371271647609804,-0.10442975306892677,-3.4333945408038784,-1.6823160924777465,-0.25612226204312916,-2.1002182743106013,-0.5375421618054959,0.08266161015977966,1.6707099539296961,4.421048135889139,3.8435053720606445,0.6500603439642096,-1.2053073276167954,4.727369897609085,-0.3285284204934532,0
1175,-0.19681734847231885,-0.2104327818828744,0.36536656295513975,-0.10502641387634172,1.4908831545439665,-3.204536960827657,0.3950382891167355,2.060961482228902,0.009809480810676516,1.0492240620877165,2.15292985577325,-0.04674318422522677,-0.4898333935100287,2.9629477217627844,-2.2243777238134785,-0.4042816196258392,2.33590601158287,1.7370390008635486,-0.9303430774449737,-0.9318550866639033,0
512,5.112107948125012,-0.48528668209211734,0.3656559822913192,-1.0505144148922494,0.6309048272495317,1.498218482834194,-0.6577392139353165,-0.9773448181446556,-0.27840397658429766,1.5698799191290043,-5.119931634826437,0.11272323643499807,-0.4502562201281396,1.677208127356633,6.146510099733802,1.9830860804561892,1.3476146773230462,-4.453438501008864,2.326098561742118,0.31484245221021284,0
679,-4.436094145696671,3.834060378924975,0.5871649205031787,-0.6844434420405637,-0.6962304224082756,1.3947647553811051,1.3084209996212557,-0.7708485428467517,-1.0722443177525307,-1.1977203445605928,-4.826629670606186,1.275076375798564,1.1911196947511171,0.20721994018178425,3.3670084457635068,-0.36883743189614404,0.8979832849648441,-1.8034966485488684,-1.7382763059401714,-1.8106665715874544,1
720,0.6040287941538867,-0.372685753033716,-0.3183845904046024,7.259877949700199,1.1079590932162802,-0.1993191274270689,0.577008341708682,2.064582153420419,-0.5580812068075192,0.7501745971909806,-0.7766101003454208,-1.0506628816061483,-0.1505263097735163,-2.035048403106715,-4.57369277116063,0.7338675241317272,-4.728065489960791,-0.21766448632982294,-1.0086717211824276,-1.0232456834342907,1
1735,-0.9400234171765077,-0.0019766000726815225,-1.0663680159888185,4.6243450937963395,2.7879691636621518,-1.0394946420522253,0.2155668857157826,1.3891929693307556,1.3879881407341097,1.4526160731046778,-5.500528482647113,-1.7824726766871475,1.0593799218369861,-0.6680103906234731,2.660436713719809,1.4488660514675396,0.9881589694453874,-4.0542973154964015,-2.4802391828185097,1.0649449555396053,1
164,3.2240791803330993,-1.4165568474683505,0.06395100607747692,-0.2972339722765331,-0.33217173930491317,0.13332781268655117,0.13313099826401215,0.8750761997807557,-0.16341656084464273,1.6786507737055483,2.696340440218183,0.4429228022816629,-1.394394692135894,-0.9475155933530033,-2.1911008855920624,1.5588782003051391,-1.4635012844130357,1.3670339002627059,3.000683130448646,-0.11157036242403652,1
531,-1.4409872201320844,0.5977518661655308,0.8764534133561829,6.078463595595231,1.5991068382672582,3.1722509011219366,0.2594428002592664,2.975640507877198,-0.845779014766742,-1.2849584621854118,1.2977478580355624,0.29596808431167815,0.15116846608077864,-1.5818059254236645,-2.583191414263652,-2.304878319208565,-3.084297007134471,0.9806540979909361,0.16251948943127825,0.2827377737282988,1
301,-2.8168567207345787,0.7286384970239335,0.6992359288853283,8.659062743279733,0.5034410592412732,2.127089886239045,-0.8459330919937205,2.6836834214015424,0.43638728903792096,0.5558561263631251,-4.188573445758281,0.8518536577754355,0.9321765130321583,-2.817412678636174,-1.1841012606489532,-0.006204447771751442,-3.520702347450278,-4.0135270434255395,-1.9817802781146592,0.12095842191302456,1
1773,1.2184372358110427,0.09645531943430785,1.4952058979501457,2.0674091277068105,-0.06353543899210723,2.4823032333811206,0.18702237438510003,0.20206872444117674,-0.7100612848923435,-1.1425061871652635,-2.2447489388171906,-0.14382154488123922,-0.8104695305254553,0.5100316940666239,1.9700836469645353,-0.8102314278223557,-0.880480592628385,-2.5078721882521013,0.5533579658722045,1.277191371172913,0
613,-5.310127518714845,-0.9663070405274323,0.24522872970151574,-2.049189243937706,-2.2040372721607255,-4.890897153044896,-0.8478217195097633,1.4787846245240583,-2.4045355151445547,-2.0079223079719175,4.410279729629291,-0.3306677699212158,0.5054403185027095,-3.137772840356563,-5.6324869013747065,2.6578093139487304,1.4572754809652557,2.102064754960177,-1.3841451814127017,-0.017129769804714725,1
453,6.056065665347412,-1.4149805509614448,0.2781009254844409,-0.7838221855489512,1.5979750155396788,0.43967305879334945,1.1156627221376667,0.057776515539811335,-1.864073725061878,0.8582404818477981,-0.7153027177953452,0.4028148774717102,0.824501552311375,2.235846713788433,2.5516863411398307,0.9642988415697102,0.7810688048269159,-0.8747010642687951,2.7871480598558493,0.26958521816554365,0
1223,0.3089118183176059,0.7050448134102743,-0.03662988002237835,-1.762251301990023,2.415189436618861,0.5677521643837438,1.1412388599234318,-2.596595292764625,-0.8415960311447129,-0.10595776291858398,-2.8694823664032914,0.32159863501456026,0.8786028741024392,0.4757274009481133,5.119300094390714,-0.8934197608497079,1.8491896276416042,-0.08017553063787597,-1.3270160843866,-1.1434301027319564,0
1026,-6.540358072189948,-0.3035847253012651,-0.48313300772894746,-0.5068381618586956,-0.06076023577658596,-5.638361302524463,0.17965787646909914,0.3895349289062032,0.07735438690014221,0.12823991627302178,0.04080539238610263,1.241848839960877,0.5515897900907384,-3.3635100600740184,-2.4418586057969023,2.7846283020669853,2.451174279049428,0.2071727973608548,-4.239724062481868,0.025924876106665676,1
254,0.7979331720346999,-1.291215387823621,-0.04661630279389454,0.02162324020362862,0.14359117270148314,-1.4116095152410844,-0.22048178744501176,-1.0564207850055285,1.961202104588693,0.009293424451442088,-2.224371918076146,-1.49796632330492,-0.011188391702462134,-0.3249001725295553,1.7572567787266293,1.3070270696716895,0.9289395438190285,-2.4153054918211216,-1.113208520168861,0.4658229578227075,0
262,-3.596637275519888,2.766634623824117,-1.5974693397060653,-1.2378192844890996,-0.8529748431024817,3.768298117984039,-2.5483699564355495,1.5645023905481241,0.6099349011365085,-0.3947440522185744,1.4581322331300022,2.186269709644212,0.6046720929713696,-1.059849716590342,0.5324379404817187,-1.441022277783608,0.1399961325839314,1.6350642549214625,2.0880333362776864,-0.9571848618945878,1
1449,-0.8509657588101982,0.18760892362136194,-1.479610484646514,11.429158774603389,4.015179757942482,1.6428316107909864,1.2126333934446543,3.3326619025266413,-2.01161684537975,0.9403900880552464,-5.133122891403945,0.5403610482933943,-0.004367514987541093,-3.3584100125942813,-0.7745322528763754,0.4776307557001924,-4.085197517238459,-3.273174405246773,-2.307815083921736,-0.17464121160819324,1
1823,-1.206246397266175,0.05221047331295803,0.6631274232237336,2.3185878859031814,-0.4529850092913743,0.8074539408013475,0.2181390819267524,1.4317211070008287,-1.8557354666382608,0.25206994501131774,-2.891393518984084,-0.537905888043247,-1.0660461010742472,-0.8950624656638607,1.4112638247642562,1.0326346534489348,0.3081351392355167,-3.7000172603269497,-0.1501422104603759,1.3150259405607276,1
1084,-5.236486713588461,3.495160971606304,0.07789181269805343,-6.4455396554744935,0.2217407427554383,3.234435471197959,0.37671739641382357,2.750819136467093,-0.9865679498557073,-1.6295855021381196,5.4389997892502,-0.9543776599218237,-0.02944597324841154,-1.0835754884570705,1.2840063418147412,-1.1231205563677116,4.005589062822674,5.457796609603986,4.317801274695464,-1.7338663841175865,1
795,7.071811478871799,-2.7083517650342923,0.5717109847072328,1.2737943765764195,4.768620442350787,1.541286562704912,-0.6363050793277923,-1.525332460611145,-1.0324228866315868,0.6026029149717308,-2.4912636866658504,-0.2842930050167624,0.8940594269686067,-0.31107230146387654,5.619512877691568,0.5884093321984037,0.29081128186140337,-1.2471407410013176,1.6342118337347262,-0.41400693011362716,0
1526,9.490011638730484,-0.8471589471855745,0.7498859097083421,-5.643391321861119,2.2891337894146395,2.3744511049533195,0.2240966238750408,-4.948994399949353,-2.1347785094485925,-0.4002314163663729,-4.215213485503783,-0.8781625395619586,0.4072461268677138,3.6167822163589647,9.694044598514566,0.352207337978399,2.0824807343394536,-1.5088238213771545,3.359843403735808,0.693434390732932,0
1660,-5.970365158675815,1.3949089227222915,1.4258450478332576,2.490099192516496,0.25545299486428974,2.3770937726917034,1.2670487064368317,2.7463647167014207,-1.28601604887773,-1.9417271547947692,3.3487769372793297,-0.46449946717323015,0.45139517624234693,-1.7510372383006074,-2.450093793688278,-3.218480090575742,-0.24798498255550405,2.1715793984975793,-0.855542582966181,0.09140272306835588,1
1820,-3.2706624922797483,-0.038454043712788044,-1.152800574454529,-2.2464011452013755,-2.3330824947199993,-0.6979358351163698,1.1383068126694746,0.8590790442932907,0.8858782005366258,0.4640601375918707,1.372676826297997,0.5084748790715975,-0.3173488384074904,-2.0379127303862425,-0.8517679679742386,1.62276172449947,1.4437904638314687,-0.5240463380813085,0.6305342351133829,-1.404867739172212,1
315,-0.0132365224338851,-0.8070411975964724,-0.0755592157608146,0.40878269413030516,-0.09442392439583736,-1.5492880345019049,-0.08669038332081683,0.7031252203676162,1.1610122224651909,0.7873620663691953,3.270133932233178,-0.03634491334811268,1.2087836740956954,-0.46829487401389014,-3.8464299175706844,0.045879692265662575,-1.0060137870551253,2.4657307024726594,-0.0574611020026341,1.0207813633539184,0
396,0.9153245028778778,1.5556890118607436,-1.4868360904669509,0.053324615277827676,-0.44483374718767754,3.40682825115642,-0.6714189202392107,0.17622469243417105,0.22143027402171805,-1.3754885332134177,-3.1810199398069874,0.1094499778931792,-1.1987942357971675,0.9688417947759235,3.711231305169654,-0.3285883349115939,0.01171171229305501,-2.5377199803077928,1.7956411638101923,-0.4473287311689448,0
553,3.974824850311781,-1.1244782202575192,0.7624509623629044,-1.9569260959700772,1.9139641621950814,0.5937654495589626,-0.8527396670902228,-2.597437591248224,0.9278896183873225,-0.5142242826285304,-1.1107049867168297,-0.3794173709312061,0.17571315123899467,-0.026249833799989686,3.7652193514307997,0.3403642487247628,0.46520387167591826,0.28247136239926496,0.9274316025858871,-0.07883577521073472,0
1609,3.853458474696649,-1.774333176754802,-1.8750478542282003,-1.5225404853563558,-0.5987920483808364,-2.585281139050037,-1.1746744062895724,0.20284568028321304,1.145513326418713,-0.1731764989469134,-0.5335492106234647,-0.39245479488463014,-0.0609202503381646,0.6648800891748735,-0.16193479656905885,3.5088937569283614,0.81449829595559,-1.5286574256863603,1.743861159029278,-0.5003081972559315,0
1414,-3.3745878828220626,-1.537218385601216,0.3642637029886231,-0.8984031125834013,-2.1476627365149183,-3.4380522041582644,0.6621987199561369,3.307449766938714,-0.06794416631147855,0.9041609624644916,6.287506507080714,0.41385599361851255,0.3261639615886515,-1.871890396916705,-6.670368974886651,1.7338010540663786,0.9664836782866361,2.320999850352007,0.6130486902172119,-0.029963771509213154,1
835,3.2060213084798272,-2.7866643076518365,-3.049978665316579,2.5724206338465043,3.563621804282967,-2.4851092293345443,0.510475127333085,1.1462248761164733,1.4256712131952922,0.23186029790118667,1.9530015078580938,-1.4358055111684904,1.0392653133697018,1.5898703561372114,-1.3266963936569132,-0.6786733716150728,0.8466520598968056,1.116149525941518,-1.0063998337238278,-1.5037318327357783,0
1131,0.2540982308819565,2.018713406081236,-0.08800502989449695,-0.11972097208200055,-0.11596010942345325,3.8330034130854473,-1.387506165301942,0.5212121472376012,1.0807599398914187,-0.3077622511633826,-0.4349153889258374,0.4880095807085238,-0.8336675843701046,-1.6965189849614506,1.0822718913099754,0.2697688381348575,-1.9005672598676413,0.9490810197714551,3.0312767054624272,0.615346206899943,1
4,3.68445064139479,1.6816216782589972,-0.2654974524909822,-2.0405258816503222,-2.86337703143901,-1.8810481293440866,1.7843094487317601,-0.600707251536694,1.9501596808640225,0.15684521388567357,-0.9055137664845669,0.4402096556943643,-1.383858095535005,4.748191546113635,-2.6726352162072304,1.2427454181650224,-1.6245553661327468,0.28589384559343145,1.2580793175793383,-1.8433041633916436,0
433,-2.2100895170252866,3.2336426848919344,0.6559268227509374,-1.999913894200108,-1.360615148053621,4.032677635834213,0.6919230682054021,0.5911867645719739,-1.1404116880009056,1.6064286935775056,-2.596903266111789,-0.9953993498872197,0.18565182988851994,1.2714577549968702,4.248158444554864,-1.1048623733382477,1.5403862229906242,-1.8665476635030953,1.8175875086202846,-0.3508623501067028,1
1814,-1.2677420027429847,1.1574322006267677,-0.2118133198315335,0.6290215117022045,-0.7958116266853219,-0.6449576686905792,0.5033696013007083,0.7330115107616417,-1.4902639247276608,0.31623139578479087,2.468673976466442,0.22442387504487205,-0.7240659532794941,-0.5262578293977753,-4.500047431302193,-0.12388867743876775,-2.309898460431469,3.113181406402738,0.0011662726274289659,0.19619579353974492,0
273,3.3354270006256934,-2.0840596397931,1.0837063984687911,-0.2877558298872608,2.815686188442821,-1.6445932482006351,-2.0078132933678194,-0.5611961477707701,-1.5877421093133746,0.8713807933918154,-3.8837377786914455,-2.021932289300362,0.9955058955327634,1.2950178777102175,5.441728037386715,1.721266282375729,3.5815083173988134,-3.710392020060737,-0.46397686549292794,-0.1084192186539081,0
120,1.7378853734111837,0.43134974329208076,0.820885496743759,-0.13091261935453266,0.24852610398933317,-2.3039026617969918,1.4829378235587491,-0.28917997088693204,0.04602183995127586,0.873543272864011,0.26797425277298886,1.5001479877826358,-0.4444209191470564,2.6671586038674233,-2.1618837452756763,0.009525508345716638,-0.5585131669493931,1.4968209571730164,-0.7717758036501674,-0.9347612035978775,1
1524,3.8449872363686732,-1.6107013278442754,1.088771182959559,-1.7042987741134672,-0.8237269664682962,4.048325117634981,1.297734083922547,-1.3459560947665188,0.8498926066629238,0.390487245022498,-0.5724113674809597,1.0769446225147885,-1.1743307548027848,-0.25403321296901016,4.566323619522004,-0.4421857250270642,0.20889342751119844,-2.5127572979013157,3.3151064639184162,0.3505126258835586,0
361,-3.2935314445178143,0.7708124576154896,-0.5933801434665491,0.0840286161830178,-0.7390031724138146,-1.4966277764016984,1.104071741019602,4.299012308282965,0.016681581653078443,1.3759306315369217,3.8869496052137453,0.8013912228810336,1.2889389853121271,1.4780069684016317,-4.110569763543307,-0.3406304317491471,1.9121940450869679,1.6229666591850562,0.5992136526436495,0.5347464928755716,0
410,-1.1639200259996016,-0.912689618696208,1.2278193303596057,-2.023038260575127,-0.799153850543483,0.5530568879515246,-0.06751717399888572,-0.37898598513999127,0.4102880823281537,2.113514686936762,3.4781199353624612,-1.1944795957673113,2.2128983108407785,-0.4213243073909283,-0.5436173297900542,-1.5753473462798677,0.9378710855207963,1.5641597656954653,0.3223153929920656,0.5627586027891829,1
1326,4.569955542636839,-2.804187595066039,0.25692326281921624,0.9572094056309947,2.9447668276237606,-2.1943430657353438,-0.0717631992599104,0.33809698608791283,-1.058412573320723,0.9815239522336842,1.4466910140658993,0.4764352029065177,0.45334233514691724,1.4971303520814865,-0.31189527333077144,0.29723030359558533,0.8359246091604484,0.8174253410579124,0.1787896138087386,0.518946772079507,0
1094,-4.875182619648427,1.021496272060389,-0.7031237846615576,-4.505715739515412,-0.5162967772037441,-0.7354195370966988,0.9594722307406575,-0.20885792662979563,1.8458713614707025,-0.4483553649408714,-0.33124661625360663,-0.43101917516016,-0.21501002534694982,-2.426348797566365,2.9728624385075424,1.68075208751517,4.0432278505542065,-0.19317975033660917,-0.14275436220653093,-0.010087026588906586,1
1628,12.532060015611217,-4.437382640293389,-1.1664672206999405,-0.6908156775346014,3.472148658203765,1.4361349142662057,0.10466727096437757,-2.267065813002652,-0.569202855406666,1.9264997204634098,-2.7173912208767783,-0.3534094511803734,-0.8903901623226548,2.1435892513085633,6.781998635906132,1.7643754931913445,0.5636179921396779,-3.0706298487595487,4.187002458048246,-0.2777997837235173,0
1531,0.8744620119367975,-1.2391487247165607,-0.7658180111367293,4.909421049367571,1.1237880365051058,-0.5879182146916127,0.6729940056022418,1.5499422395461036,0.164481112843979,1.2236953978378151,-3.2892309142287925,0.2813893259484557,1.8151017184370781,-0.7768022858130965,0.24644834708221708,1.4225643290099144,-0.7856226208644841,-3.7749327104825077,-1.0897458459065936,0.5178226457824482,1
109,-4.770374181162221,0.5933100259372912,2.051396361251764,3.4983421766093845,0.8468247509505723,0.6366368891120647,1.740066592971302,1.3352461833002167,-0.19244813263703123,-1.000973495389269,1.3162433144450383,-0.7571182055149941,-0.15453727361381092,-1.9655003402769704,-2.214347807354342,-2.238464431554614,-0.8837199979252082,1.1523366915013442,-2.5344869042829243,0.8132523393366411,1
696,-3.7891270785901616,2.2448145985761236,0.8473389616674046,-1.9449759908462867,-2.881335202731849,4.335938800610255,0.22918268884509263,1.1784374665485648,0.15480021720080672,-1.3867648810010937,3.8735541810159524,0.8079928441950526,-2.642617296252451,-2.6468322989895,-1.8585803764329176,-1.2751914050122428,-1.6161459706658405,2.736442428322393,3.117779491081012,0.26673039592602205,1
1100,-1.8483523359240146,0.18412903962295735,0.9601672589558847,-2.096447547850006,0.7427286874898883,-1.109816392541885,1.3557575579792833,-0.3681895413119939,0.7989376546455825,-0.7195254420400086,-1.0216973601324049,-1.2910820023039176,-0.00624936606595889,-0.2469832779199923,2.5369423542303755,0.6282893298990748,2.955989948035411,-0.5853458474998886,-0.8833639858158844,1.7348010116442234,0
474,2.3954936172913723,-0.9872134560939324,-1.3907399559260527,-1.6199733490675874,1.24722339336997,0.6212459193638088,-0.5264724944269781,-0.8697723862957003,-1.7021775082888027,-0.7011215145854196,-1.4008086664433343,-0.22849093512640567,-1.1401249952843668,-1.0171944439535063,3.672530942308264,1.5899088948051314,1.2978621456373483,-1.0796975055729838,1.613083507479271,-1.263048478736905,0
344,0.21213819319054408,0.7099678745835336,-0.3435763529914752,1.1354405931453546,0.6099458253406105,2.080848745285001,-1.3490569487738164,0.38541629962341584,0.47937660085071854,0.9215556697897577,0.08877538303015164,-1.005358718819478,1.5610098375775925,2.443267978442388,0.9522629017557408,-3.0540815075401024,0.08544909306108295,0.004113286121190107,-0.22355163849463544,0.48262419959393765,0
545,5.988821330875652,-1.6816458333781275,0.3589934317789833,-0.19250724233367714,3.620492892644753,-1.688688836907089,-0.43859837659965406,-0.5318215421076057,-0.027658363112127153,0.992960820306898,-0.2204952120566908,-0.6504940793068412,-0.09355872053104039,3.5740761086371244,1.8327765880174203,-0.21409652895716125,1.4184922040752368,0.8200857093058413,0.4133534090688151,0.048560712373647154,0
619,-5.026972419161982,3.373308409898627,-0.955863811703717,6.074035031365863,0.3509903816931421,-1.9218991729209614,1.2338126270441947,0.0699248670537681,2.8512672572014357,-0.014227100193179956,-7.645852687671651,-0.7196715280185464,-0.600115650329566,0.6848909662445093,-0.4953337694878352,-0.11067102007874507,-1.7438349291789286,-3.57253917546073,-6.257504489108221,-1.2299078678313693,1
536,0.4568230724133223,0.10103134377511847,-1.5795653130730998,-0.16669492489165288,0.5974316733919254,-1.0371477869789318,-0.3234329224246057,-0.6602926390283012,-0.0009064990913069557,-0.631049084640797,-0.16080017109187397,-1.0991013850165723,-0.1947403712275819,0.3929823601097968,-0.36428880851912926,0.09861823274137582,-0.17737293810730825,0.8434191779831396,-0.7219842256207021,-0.8364604878384745,0
919,-0.5226997467459779,-2.323300723540224,-0.6576024016155074,-3.2821184552537765,-3.1027043282903706,-1.678015453967665,-0.7236314261562113,2.5476925782708615,1.0854152976241467,1.9330914428376593,7.831329887324826,0.21424906684378445,-1.6568071643752793,-2.1648478433223817,-5.781520565414947,2.123351495320014,0.5310883004272535,2.851727344418297,3.6287388956690716,-0.07468905535470755,1
869,0.9108443298906921,2.8547762361576017,0.2657778964837826,-1.8849322311797767,-4.538206273995632,-0.07938781701741883,-1.3365125223418275,-0.5210416024425997,0.07299421377542109,1.0897907739146115,-1.1624558584081977,0.5764511712202687,1.2548668192566272,3.7327261683817015,-2.679318412712924,0.39483063766404825,-2.253740474915257,-0.3430397179277491,1.1016699299311674,-0.7705389981517071,0
721,8.804607582885692,-0.2501337923687804,0.5272154071044909,-3.6691209782248153,-0.8789382048142202,3.138015375662955,1.5485049353427296,-2.10164808512844,1.4727061074903827,-0.3162706638482922,-2.4968777673422022,0.5366144988313598,1.040598522795527,1.5312570690750342,4.533061705371313,2.5601577969363047,-1.298608577857208,-1.569304037592855,6.002792928797081,1.7670833748759625,0
400,-6.821134197563285,3.8747271961948977,1.6604680282894915,-2.7519581689841486,-2.472954706766839,-0.27097411394991233,1.3699873197875676,2.588038336666095,-1.1963807321047035,1.9942801856906494,1.3415376510338766,-0.8909489139452196,0.7064246476111191,-0.24229363677224391,-2.104497803910257,0.5628286811387413,1.8131845746670538,1.6566774143699163,0.4505915672180555,0.31555276704797247,0
1577,-2.238873502184029,1.910083787272089,-0.6521496445219644,2.5931139847465214,0.7171392363533567,2.7584220827519736,0.6726270887380302,1.2182894409363778,-0.6453206994428684,0.43765264389881325,-2.394260268361867,-0.21712017011052753,-0.08286669682613707,-1.1275556423324702,1.5593235498622335,-0.7104653859937439,-0.7673774798816889,-1.191326097650045,-0.050846815261577416,0.9739091006874105,1
1091,3.8123846036355014,-1.1742242835691659,0.9022700215398033,-0.6527279385576139,0.7398191355563203,0.30262688435159274,0.9233940885264975,-0.9591105199380192,-1.4317407009574559,0.3625732825079259,-3.027750139078642,-0.47609736231781297,-0.25248055171582323,-0.21545599560270623,3.6920353963333135,2.2499924449365123,0.6070924637702431,-2.6869750075315753,1.5522627215664822,-0.6988871919357563,0
98,-1.942871393895421,0.6402954981682738,0.9900810403661717,-1.292752521095546,-2.044348838436452,-0.8371401482188522,2.7115968549706038,1.9752161344564834,0.2451044754350255,-1.563550191803761,-0.6395185601855446,-0.2454467121381244,0.14570872013170416,1.8357478172649557,0.26740800608753995,0.8020379697807013,2.6171873237139085,-2.490060904374814,0.4074097597283699,0.43945129501539093,0
154,-3.8588166194284037,1.6151608647193418,0.7555826577655904,-0.3807171680622227,-2.64256100496709,-0.8684645335291805,-0.3722617238105338,0.14589707756538495,0.08275884377089958,-0.7849482786059004,-1.850114368226092,-0.8897142724226006,1.142352304735314,-0.8482403553470237,-0.8949736713325404,1.2438929810772272,-0.010765364562200563,-1.6964727596251659,-1.2809384519175775,0.04858608800997567,0
493,-6.257426718209526,1.819093191674392,-0.5183574156675294,-1.2745213197002856,-1.3265108408947057,-0.39179149561833093,-1.2577645504719235,2.8041104532337875,-0.5557274414693423,0.8367019228146565,0.23755479562993229,0.26900614935347306,0.7661549780330467,0.15790249231588727,0.2731697005592169,-0.10199750290710563,3.6711636877305636,-1.1674957420869632,-0.6683388269940407,0.22059610990096062,0
1252,-1.3282495225227764,1.3654255096133536,0.19210147204516037,-2.1285032328336833,-1.726362611120055,-0.016166604404730448,-1.1280642997684307,-1.6907576825510104,0.4225663058979245,0.6749410074204822,-0.8301217910564654,0.9805148799945349,0.5618813606377286,0.14350162334950944,0.2875654151131426,-0.012569597066777738,-0.27731326753456054,0.2323815333826481,-0.566213645950349,-0.8884557584995496,1
1679,2.4677673459892624,1.2561954825867954,1.315692813954424,-1.7720464800345073,0.7754771285586077,0.014213644138531921,0.3470278954520132,-1.356605663639145,-1.1864193061265451,1.9246281124533717,-3.313387037105198,0.48094917691331157,1.4440421202758105,0.7677801729973242,2.969867180162111,1.83981565104538,0.2112784937541563,-0.5269235163771966,1.0612796173277128,0.7963815469530283,0
557,3.052523619510503,-2.4542132404154664,0.7851380623895188,1.9647994630808334,5.218685570488709,-3.083155114902716,-1.227705961337196,-0.17757781189447797,-0.12439047146803692,0.819478042123465,-2.6254843099584737,-0.4641648874697487,1.5050403856021188,2.3655903868110064,3.7185154466806547,-0.1314115817318673,3.47230238766911,-1.7022508591272594,-2.7228146924316343,0.8127936171870854,0
1551,9.976945158233512,-1.5115288043976285,0.9012421267438498,-6.61178926265802,1.1385747811881095,0.44449202002997484,-0.09941297829424704,-7.030648267983284,1.3679417518582733,-0.5303982828694098,-3.8921549119641456,0.16726338260214674,0.4427589007768955,3.76553054608279,8.175741181796019,0.5833128250218477,1.1587910787788425,-0.9479765940257198,1.8857049463859201,0.7339488587114069,0
434,-2.817302605315342,3.3294483968435493,-1.2925093683493762,-5.451181260649692,-1.4706801429905263,0.9718101360950031,0.7422587715337585,-1.472051720936801,-0.7540845519290621,-0.08587531509217208,-2.5451764777015162,-0.35282437126009475,-0.5405570031787259,0.10940054459067716,4.058896611306043,1.076980170443917,2.45680221937468,-0.14398498705580354,0.9016248647468426,0.03561052898409804,0
1622,-3.9410991284284513,3.8691902198843215,-0.5137882178609733,-2.48642949137818,-0.43178901663414115,3.9963595433275576,0.6325463836521593,0.8449481790690284,0.927858437925001,0.4721874830213521,-1.171794281946274,1.6041117811941952,-0.6585740877511048,-1.8549317130701901,3.16735863297396,0.031013341056417953,0.8985573969754852,0.7836096836996919,2.357915600421738,-0.4247569613149255,1
550,0.983254246786795,-1.1609069246541148,1.5274021322946212,0.39685634239330697,-0.281869951548969,-1.5499226863349078,-1.2407418542292432,0.2722600666845105,-0.6964819727023845,-1.143764027697847,2.1651494198138423,-0.24576437005020213,0.9404780966082206,0.08771536373826339,-2.8629088362695287,0.26990395916812293,-0.8274713425838414,1.2223952766643513,-0.06918274640111544,-0.5781173289156679,0
1556,-3.393386408678129,0.921160487527384,2.158858441998053,-2.3056099606056653,-0.6598130351287173,-2.1469895348648746,1.0541196172845482,0.2882037539022422,0.7719399408148856,-0.16160913448264638,-0.86009985510726,0.5510214810134574,-1.0400415851296216,1.0019689929006623,0.9910000081070388,0.49530576937287807,3.3033109880855744,-0.8801574987010605,-1.6174739660180952,0.3946181093777456,0
1405,-2.7731967139297553,-5.512636059228406,1.9675634999995348,5.132238342091781,0.06731046283208375,-9.209974320054217,-0.13411524453280138,1.9196146721475813,-0.46935986843364963,-0.3699820811909307,3.0346101920074444,-0.7409907707751222,-1.4921685510406109,-5.365923397587941,-8.976956479271882,4.757525758837176,-0.8540911229516035,-0.5624765875088198,-4.983691626052838,-1.3045488821860718,1
1372,-1.9766801351481254,-1.0354523488612353,0.005636417269148992,2.38296248235635,-5.135633118665988,-5.765658528351524,1.2301860435534093,2.296694899251886,0.11799915854221826,0.7240898459777609,9.260962376085985,0.13993449153937024,-0.8812062354638905,2.0290678460743514,-15.867106018008982,-1.1869846131761062,-4.9539353246187465,5.45082177511458,-2.202151745518638,-0.9624180039240978,0
655,1.4745308253114355,0.4964718719211987,2.433739693762524,-3.6228176845986284,0.9230692581768336,0.48283642386228404,-2.463653094810861,-2.211895021871598,-0.7069741769722742,0.1280134319305629,-1.1005833780773464,-0.5288552270406816,-0.2876928203855192,0.24787403643908346,3.7245122637861416,0.41004097789044547,1.4729171788944584,0.7326972478329523,0.8741466708080503,-0.6906897260275668,0
1181,-5.031723890090224,-0.5222382533476604,-1.0331752586147616,-1.846191697280037,-3.7140966382366156,-2.653154039796692,-0.6286752047759055,4.676454662547532,0.4962691013967874,2.3392039192668728,7.68058869273583,0.3612669543167462,0.948149199961312,-0.7446287743322682,-7.606562598917204,0.9123616431705001,1.6540588987238172,2.525761351997225,1.491852323537779,1.3798540851876673,1
956,0.019102682776459948,-1.7666778459648222,-1.1253975954312672,5.208248281957194,0.817068510704345,-4.499614042068049,-0.40406924995373483,0.2185615422930841,-0.7786413672730816,0.20760134061158494,2.22123453035961,-0.8382752974542944,-0.43322699598088693,1.3258917300635846,-7.122107969589393,-1.564832171331692,-2.894173069768275,1.9313877919222642,-4.68532578607742,1.1865393070704584,1
119,4.24478544559438,-0.03969331181904767,0.7804915574503068,-4.231993462162197,1.359498033151322,0.1066786220328744,0.8982724038771366,-1.934970688019539,-0.024807721665985886,0.5193794161061708,-2.1180710501448656,0.4687578569521238,-1.2364484761678698,2.2371066960510273,5.219070386901865,1.0954722902856557,2.5817094780277445,-0.5314959091584657,1.9492599116552745,0.03098446201962158,0
279,-1.5698490151619968,0.5500174797707867,1.8452542473815037,-6.950543615908914,-0.3961803604875075,1.3932268174566014,1.410498554967138,-0.8843875733003055,0.7717977158569115,0.432477508955537,1.1824032472885173,1.9848692001277255,-0.7064820912938649,-2.1792911662841163,4.629232478094786,1.5720307891986274,3.9836927330431333,0.9811816456660465,3.0528379456995474,0.6425331626652188,1
1590,0.69218260822715,-1.5996166142968784,2.19042949677813,1.093087480109249,-0.053668915333655476,-1.6952380110213072,-2.1865900164827394,0.7232954005221031,0.7315158749289051,-0.45923099462379796,0.4329777735166945,1.9348421873183423,-1.9405422948269684,-2.0426482091132856,-1.7594551391155944,2.3751629599832755,-0.6253038266615545,-0.549662401526575,0.28564291840025424,0.745315294654244,1
1279,1.0129024052817845,-1.360651235830673,1.1585281943234584,1.5142939408582283,0.3513748202049565,-1.8731991218089508,1.2551550131839746,1.9687657825525071,-0.8329727045452343,0.2829342192685644,-1.0446629648743728,-0.09497969485892273,0.8533791380873441,1.0347412548118804,-0.08820710321064104,1.5688458818804467,1.5304625544171093,-2.6355448222019398,-0.04796478538838822,-1.3984411671411854,0
1241,-3.483186100538118,0.3598825260596681,-0.2454533961793208,8.282284901069461,2.92812489037229,2.0918508796329927,1.2727592154544864,2.585040550420382,0.2237301758197281,-1.0345518556769149,-0.8802613882260757,0.03270013744275223,-3.460641333917097,-2.5709324422561552,-1.6952496114628204,-2.500952991777106,-2.635036189589746,-0.38079492924997393,-2.7838199634172636,-1.7918587957766492,1
405,0.7383748571725371,0.1964094028254919,0.8698333975171569,6.914581564833502,0.6214564207961424,0.10898897257258314,-0.13389191749684687,2.5373362300399975,-1.9208211444738355,-0.8433113347040951,-4.2444637637916705,0.7907295769705387,0.2594858887389035,0.9140400724231836,-1.0580897512531182,0.5301972244652025,-2.189859787192121,-4.1210123888253944,-1.3224271913719656,0.25306383257211995,1
1892,4.729378085811143,-1.8806551378109482,0.49782760359531003,-1.7829093714654696,2.7328814017854324,0.4494482113002125,-1.335731791176379,-2.456206193978356,0.7482056737296281,-0.6146334903730555,-3.6301810751521177,-0.2714017744924839,0.0861885563314626,1.1045226310425758,7.095096150003331,0.6161185252363368,2.7286447388743715,-2.7598713573925924,0.5061907613578412,1.2362857426457978,0
486,2.0901817701476144,-1.0307030793486822,1.7306259966412578,4.912169926343862,1.9045127903315398,-5.898056591029513,1.2413963830774837,1.0256577593738403,0.7940318372235807,1.7011423949966928,-0.29874065960137086,0.6762203835009748,-0.4084097998146337,0.91230963765053,-6.384928955108954,2.1268051841006996,-2.7897007819276958,1.4371395389302477,-3.1056265280090782,1.5154141767463523,1
1801,-0.6837774199963599,0.5717202584507841,-1.4040766092950177,0.8308266347084282,-1.3886314808104996,0.60256863965514,0.7595553507134084,1.6924508527614488,-1.34004810456708,-0.7528028710821215,0.22428588269948613,-0.11571500333538147,1.993755160284273,0.11924132585769853,-1.416691034339348,0.4439028198454601,-0.5612310778066179,-0.8009917059405021,1.0336953172562526,0.4143096090213449,1
1972,5.681424779249455,-1.7782387614859476,0.5679825669604123,-1.4779278235421789,3.045810092862174,0.12235618868928885,0.3690689480630422,-1.97382995098717,0.6011420276789554,-1.46294659718469,-1.082633918107098,0.431608897736208,0.9516316116569744,2.3118127258339425,4.4195659815913695,-0.4918014647305635,1.6505537208489813,-0.16510786357196594,0.8424978727958563,-1.1639106230397045,0
579,-3.3488747454800545,1.0943185292223798,-1.1963819484831324,3.4527940497982095,-0.778673564022556,0.582864695416079,0.44545967196915537,2.5738921755817534,-0.30455862065340783,-0.8575145417170863,-3.316957569860672,-0.10432388913568906,-0.657971279085503,0.4783682690598996,0.6788684522349084,-0.06828002924741083,0.8421849420410872,-4.239369118448657,-1.412487332071493,0.31146108879328915,1
1664,-0.6920986454116618,-0.8544846098697256,0.5651804703499996,-0.46073312923682674,0.2116001168339815,-2.765485647024723,0.025701914003424663,0.0074413747284989284,1.1028658242260525,0.9291634525329421,-1.1765865486352673,-0.539568554182456,-1.5419215157448858,0.5521631507192721,0.5629573192773413,1.199293892187923,2.1551114729036724,-1.5848852853073705,-1.654252631910785,-0.06455648903844444,0
1083,3.1584360079551304,-2.3226621583563984,1.5872398043600717,1.728316377142817,-0.5964573260173418,0.22523089374694424,0.31273966161185035,-0.09427038812620414,-1.162386543597546,0.9129240413837098,1.749608448271767,0.6283616740738179,-1.6299388351758821,0.34277293072347426,-1.9396066700255221,-0.5678317246628817,-1.8719476167531224,-0.393287140573086,0.6470462419211324,-0.191676301740201,0
793,-7.097118316464642,2.931935927638788,-0.439425917811649,-3.9839660823304754,-0.09262861637252584,3.446160230275486,-0.0989117808102906,0.46543548838546833,0.7778718985433736,-1.2084314686240671,4.324802269708169,-1.6944245300057232,0.004122737898728674,-0.8093311953512876,1.295655945352234,-4.299567734953883,2.7866254398284798,4.320090092766022,0.17388165060365002,0.4563737326469428,1
1954,2.524921668368626,-3.2910574187094146,-1.1662181676861894,-2.1823685089511056,2.0428735893252066,4.239633629350694,0.6537958305048839,-1.320068918278212,0.042030238629617474,0.8347311450891824,1.1205872974626634,-0.070095617850443,0.04860219440657601,-2.3291277868307794,6.983412486688305,-1.3449446225188622,2.8437260922080667,-1.5521960588907286,2.7036033074365085,1.0674310874944157,0
1413,-5.139748963352521,2.305354633137837,-0.5307942201152831,-1.9514349881320165,-3.4269820450994772,0.1475693163600165,-0.23239504575560627,0.7947296439575571,-0.32870079846789924,0.26632102085785603,0.017456462877317933,0.9173401712157482,-0.6905252221609536,-0.5832928378586748,-1.168877094434187,0.38946548091731714,0.7113381626051681,-0.5743919577761252,-0.2326418487448103,-0.4278495394477778,1
26,0.4641103526119389,-0.9980931980474139,-0.5597925003058055,1.0860591623056894,0.3265832086484093,-2.143473796953726,-0.8871226463179275,2.2491498362775513,0.58861797915774,1.6505472749762367,1.3622126807266755,-0.27792504807169266,-0.016605102377168137,1.3465640818638667,-2.2223678826749724,0.6643504087998651,1.0329686362825754,-0.19454335772740716,0.012006077059092513,0.5936746253476455,0
1156,1.3263180977380769,-0.7493463157048736,-1.7107867488366435,-1.2086617612167023,-2.8057925100731778,-2.086328951240507,-0.5376049032830773,-0.5396384011807255,0.045927615787024034,-0.23009322281571326,0.8426415746730012,1.3716423179794104,-0.2065483209667448,-0.2052474241836597,-3.143670267304162,2.2812184930152353,-1.4905507083356455,-0.16555887430682592,0.6880553692675679,-0.04479155002448921,0
306,6.031349039803004,-4.596040787742719,-0.7246590697536638,0.03896628941870327,-1.8581585975956059,-3.866614854583805,-0.05213359392981436,-0.548258563031587,-0.3119966238675896,-0.5982542236530832,5.539098639214587,1.7219365865136818,0.14293950898787572,0.994345200424075,-6.791674987433985,1.2536159839663417,-2.669832535523692,1.890116419037782,1.0479473099000418,0.6880269862424828,0
427,0.5369352230323987,1.3281875652675155,-1.1087200920381983,1.7514693593166137,2.3980354567103164,0.8922416217376278,0.6784783782166314,-0.6560392233755212,0.7800862092152995,0.45504653009618723,-3.3755409897955673,-0.6464954672917703,-0.6913588036197391,0.2759870925275696,2.5347315136332105,-0.3917990223170069,-0.48013936849567107,-0.37622202890913403,-1.0011471724334677,-0.979521218558667,1
238,7.590290832333166,-2.418235812298717,-0.9735104515469504,-3.239832131096024,-3.266412808457375,-0.40041082405997996,-1.9201257959133369,-2.508914017944921,0.74825984253961,-1.7863593742327495,2.26171343191494,-0.2851807072703676,-1.1385766748918948,2.752085092940624,-1.7835636462515951,0.8236190503979683,-2.242439762923145,0.16936134634129618,3.2011220574963857,-1.5822089405356599,0
136,-2.867142923098968,2.774091713806049,0.2795014049870775,-1.409229449801306,-2.5923281269436798,3.0218795294454597,-1.0138607094611727,0.9203008204260366,0.017307881911545878,0.2607235757761771,-1.5809633861534664,0.3181886007615777,1.1846739199141227,0.8703118250228208,1.838671381417952,-0.7505665290268779,0.7012208854566933,-1.821659887050378,1.3491843075730894,1.2769744150933653,1
666,-0.7999879344644552,-0.8382196148462475,0.9261208068342732,-1.5596262621285053,-1.3181916551479327,-0.5513322103276254,1.9184551860092056,-0.9726109456233516,1.3511514188033928,0.39812814612010444,2.6094388918352336,-2.7309416724814843,-0.8454944162148544,-0.9372221303930335,-1.7097587459646049,-0.4109983139606048,-0.30696526885534214,1.4420551403161452,-0.21589065004727148,-1.779471126109275,0
574,-0.027770078520979728,-0.7103010197289981,1.0535574761173276,0.2026486615065139,-2.076846131615439,-2.271237481975082,-0.22127834048179465,3.1661760077197814,-0.4523206687854503,-0.905825515836596,3.9355114812729095,0.8700770293543969,0.7998580741025155,0.42094593022476634,-5.789965025860314,1.7222337494426814,-0.5095960995909268,1.1905107165117328,1.7133875753985428,0.715455284416352,0
1562,-4.900104462169904,3.507412739380738,0.005541885099231027,-2.2010600691951874,0.3543761082348311,8.350419810639394,-0.8057207291198012,1.1816950545875278,-0.3452420705386252,-0.8357130280416946,1.9818335176625566,-0.402786409622063,-0.11816485187591907,-3.2316792916168455,4.394471569823183,-3.378085681764615,0.6911965934569879,2.4323094724589005,3.7719026998265965,-1.3536209376115629,1
216,-4.332851495050085,0.004410069024471719,-0.6552134034194045,1.6265173680072376,-0.9459238566123178,-2.4934393339184733,1.8159966080466399,2.389133633343021,0.297432735860448,-1.1817493510871635,0.38793584217784516,1.5255655561021686,-0.3243748814289892,-1.1548352219676148,-2.832689200958964,1.1864922689910433,1.0507603456581482,-1.065530744466598,-1.8463155908164373,-1.5275297074902843,1
1639,2.977859795785976,-0.842875621247886,-0.4403703801662493,-2.360963784759998,2.663221037521323,-0.08767884595461459,1.2998116800479858,-0.06676814901697581,1.0147623655581517,-0.49866439307089155,1.563852247974345,0.31769904957617634,-0.5885861861229608,2.8616182319379333,2.6301101535364872,-1.350542851546043,2.9482786586859424,1.5979372018305957,1.1492018279091998,-1.8802640025418436,0
1336,-0.512987734374424,1.3445615528833739,-1.1290542658889342,3.151545677910926,0.784746549341842,0.32005974909668056,-1.52735601643857,-0.6557232987998756,0.7590451642968389,1.5160532249324046,-4.509750161003244,0.9392813642244507,0.9935026785487411,-0.7259854332988727,1.0327397896052626,0.559638906651299,-1.8763073653667994,-1.8801166493835866,-1.8616650229913543,-1.647687421270132,1
1482,-5.898114273667049,2.1659563447138055,-0.6429554948654668,0.8633834649595034,0.2933683370396354,2.737921170190472,0.48803030185185275,2.042952432331168,1.591838269530011,1.8816259304055385,2.0275922463751295,-0.23885917195815157,-0.8632903898303056,-2.2166611134542364,-0.5961782354900157,-2.2307540587956503,0.30806372384806036,1.9785104864922445,-0.17881730658085726,0.9460152690287696,1
1176,0.3742911814193005,-0.7401084526325457,-0.7282820988088721,-1.8948568898693707,-1.3823281107159624,-2.8917879123276466,2.237535190862834,-0.32966133212285964,0.5603199295533617,1.2300480839380812,3.4235968191302937,0.02588405233881187,0.778168707400947,0.9914326767415899,-4.022973662555316,0.33198365005899866,-0.24696028415984728,2.5246108639283804,-0.2864963174408255,0.24709291142365025,0
1517,7.685655757618084,-4.3134890806013955,-0.8852521878400338,-0.6396699715379961,2.830394391014064,-1.4378817355658744,0.9109427752111554,0.21221427388456693,1.0562753676615069,-1.555852158622074,1.515548912658212,0.3967701679443262,0.2496009527824305,1.8725762278712956,1.882377923050352,1.2413250152589461,1.9388938357120562,-0.5622804183567517,2.49346888766114,1.0647205472049956,0
711,3.4771088100236187,-0.37390691598612136,-1.1574884117493396,1.3447213352072969,2.884130875724066,-0.31546946296989076,-1.2580027271123966,0.13575782500826383,0.6091725840674662,-0.2737529926665966,-2.230190742096411,0.09782322799009721,0.005865390414000554,0.8912719761037097,2.05354485522229,0.9620718398519572,0.17478034517145513,-0.49656897453677584,0.49419860169032404,0.7284606552108102,0
454,-5.070108493068249,1.1489923932985047,0.18513572041263296,3.51156250377956,0.42348209225906486,2.1568595203232537,0.7272015844308973,0.8292375128171761,-1.3832661527682162,2.3443255343318494,0.6811187221962608,-0.7734819204066851,1.416990125560622,-2.2939664558890422,-1.287483676293384,-2.8441045967075844,-1.4614067192789215,0.789255776570494,-2.2833726322212096,-0.2431147995378853,1
1427,-5.194332742143242,2.1082585020333227,1.7005427113304292,0.6561765100748179,0.938802667621464,3.7320498116101715,-0.6109396148067305,1.7777977134251457,-1.7032093513968691,0.9967304354890613,1.2134285319595663,-0.6749191240123152,-1.6414841789269263,-2.095843406765972,1.3404261312204298,-2.4898841424451943,0.8397420901462984,1.3619377016582863,0.2751130149797465,-0.17036597537906137,1
894,5.311491059735848,-2.6809200442504224,-0.24345955141548833,0.08387993973392649,-4.665101235971222,-2.731904417934736,-0.372810528574212,0.22131449783901447,-0.1923693763795993,0.5425671882662523,6.459463723486983,-0.6582001626974565,0.45156469014871936,3.5884206668293652,-9.496058689480899,-0.37117384792372277,-4.288101323579035,2.3262800327769044,1.6103386174292105,0.20827648778794988,0
1737,1.6530274832466083,0.6932842015793323,0.23872140171326375,-3.091498669212047,-0.7643816112414066,0.7477857187238359,-1.8753016296499225,-0.08968129156934368,-1.3358332981447727,-1.6276595849101891,-0.5796138434510967,-1.0498352199202559,0.2852071107593432,1.9119561465258144,2.2966899359509614,0.5794349198315691,1.6421017498578647,-0.6181314996994629,2.186268044274396,-0.5766890520471925,0
82,-1.7767052766087432,0.4776672123495467,-1.084341351808163,6.6505776187201056,2.2612989152008285,-1.8861605970581188,1.102695298189827,0.5969031167524329,-0.0921438199646398,1.618727872637745,-7.610918527923783,0.48999790284436556,-1.581856701940882,-1.0208333641940428,1.6190441811225216,1.6872324579806735,-0.7107549315917061,-5.067559731709813,-4.542098697447031,-0.569844025560965,1
878,-6.975881719142521,-0.2958120441644396,0.08304033592296432,0.9265583315318723,-1.8209145503463013,-5.652319210195294,1.338380619256348,2.2823327445533987,-0.3413184899972024,-0.20716843068844437,2.3569105134782506,-0.7678201278378561,0.5494145035398679,-2.5085397486733694,-6.314169181123094,2.196994459992891,1.0727442731479655,0.6622949126971689,-3.638494328238143,0.2257708570146027,1
901,-5.279971358493983,2.7576343175198463,0.4961876719145966,-5.3894454966505325,-5.2856703510618575,0.7522093743982916,1.0784218844348383,3.5400600892522447,-1.510479697361221,1.7860777611084913,8.268986068576885,1.1293053915524947,-0.5925071524127788,1.3419860451381638,-6.337083920702305,-1.2644143850640743,1.0744702010624834,4.844993997955425,3.600457387141404,-1.5215580089675966,1
1249,6.92859588418856,-2.70093421773484,1.1970249229932832,1.5536247519198492,2.713380303700609,0.15232266212452666,-0.42595283119911775,-1.4641899439260382,1.8573032700055387,1.7520247595271343,-4.756224257732726,-0.3468607939945708,0.2670801299309606,0.08869419469588247,5.143660869822468,2.414290892144252,0.12837445418770566,-4.052394734507631,1.1211044630375286,0.6737124732992575,0
490,2.4383991334458326,-0.2516786970251961,0.3216316878016714,-2.558320350506566,0.07115330689729105,-0.34689844376802614,-1.6650308275755201,-0.31686326938324827,1.5483657312909767,-0.004545757438166818,-0.16411336729940884,0.9522953480653286,-1.3959227638729914,0.8117300039454375,1.5356559906180574,1.4722816578054225,1.183073472430709,-0.01742974350714921,1.927567139076674,0.0715418449713885,0
359,-0.7258215842781839,1.3475759671546839,-1.3080848085788248,-5.379750797976056,-1.1805647912390889,-0.39563961558120236,1.1063909202454112,-2.56974891512927,0.7430155799660627,0.23626014546426752,-4.527971334961978,-0.8470607166685824,-1.4999093964131418,1.8779359973547005,6.415557150201643,1.1067838135210781,4.1680029132193654,-3.2081348132543592,-0.41453168404799756,-2.0245516683378,0
1754,-4.751643287816822,-0.9950080990822712,0.5309137186720948,-0.41244945179047554,-2.0989532720365354,-3.843381087521997,0.43858186904518504,4.842780231193428,-0.535226336817728,2.1228918286651277,6.699249562849761,-0.041537324173595284,2.487714138141209,-0.5651629607120658,-7.302255942525832,1.0847341104915715,2.0805997968095857,2.183026189215917,0.21993229431401873,-0.8554849052465426,1
813,-4.393975258928839,1.066739871985309,-0.31625238675134815,1.9213511385372453,0.81971424064245,-3.0806196770899152,-1.2636319271191965,3.3626902061237662,-0.3449505530249914,-0.960306909903892,0.4977011930983154,0.5153937110826459,-0.6575109950201843,0.04094115976366841,-3.059691805960236,0.8930834721906743,1.672181581775498,0.5118278930374425,-1.973208028281207,-0.9097923318748687,1
1761,2.8529331365638173,-3.2899552192647743,0.7166427300325061,2.9472232682217903,-2.518400051828733,-9.241636067941297,1.0377386493068312,1.9737976797703571,-1.1452350727422882,-0.5796921218925345,9.814870954154204,-2.4163037987788605,-0.34686866430247737,4.104825698831019,-16.819732004974938,-0.1638049148140195,-4.538705221661534,6.476160184409698,-2.6691516100672175,0.2831767604728241,0
561,2.2742421378107363,-1.2250515803639899,1.292475798053432,0.29457836980098434,-4.949193882808453,-5.232221578737331,0.14604397387022308,-0.23326849489240575,0.5713159330860511,0.4658563382726498,5.00838371724955,-0.46385304401502814,0.15377959508324526,1.9013012306513652,-11.330734540577057,1.4425087439833848,-4.977090005296157,3.0840250403533047,-0.5686203255589708,-0.0361530484972168,0
1521,-6.487632877548948,0.3593726533077257,-1.2566626911193608,9.665186644884647,1.5217532057314447,3.049732679533103,1.1022407247132426,5.652345739764648,-0.30229014106057467,-0.05393756043164666,3.242497238489425,1.6872594380194217,-0.0319804152615507,-6.955001148952434,-6.452548045992172,-1.1036983097415842,-4.649429529006687,1.6854417746345152,-0.5868711067189101,1.1375828123561507,1
74,-1.8478141945837923,1.025884549913012,0.7398153388733106,-4.3947262956070094,1.7971273994411376,-0.7981781720303557,-0.5875808181995139,-0.9784604588032084,0.7278643653375869,-0.5468374774051742,-0.8797470037378248,-0.3371529371847607,0.42791674399449353,-2.316976234378421,3.8057235563234735,2.2466874994430297,3.2404285912399664,1.4163678248125513,0.5989335785318302,0.8658264733946127,1
1977,8.883089727931893,-1.6350938060415752,0.3031328064538662,-1.2563806828024928,2.245071004726817,0.47407130222633964,1.182851921844929,-2.7527890123925776,2.6215867263947317,0.7543064441263989,-3.4380597971897213,1.0314177018888504,-0.27903295096724434,1.9970948972083398,4.781067664841724,1.7706638857457653,-0.42014677164297454,-1.4734207270760156,2.4474233267395737,0.8975218319579606,0
180,1.5576611409779653,-1.104056963170323,0.9307002934930889,-0.9270346506862588,0.2201357403381281,-1.884717624933215,1.4495701315374858,-1.9446632662319663,-0.5213427884089749,-0.6215206372428556,-1.5872515113811427,-1.2410698635925161,-2.22693863177561,0.00964097939187658,1.166997859706727,1.2295742294871015,0.4248191661634505,-0.9782633212152811,-1.1026668825869623,-0.7841065014428583,0
377,-1.6607603933898545,-0.17220142677379902,0.6887420535216762,5.230207300803914,-1.0734703017442255,-0.06431325582744087,0.9215707854097699,1.1939992018192676,0.31347034062936346,-0.07635839760999326,0.01731861670698734,0.9835644817963676,-0.11608301381331537,-2.0595534706447,-4.563853227130092,-0.04370209423822824,-3.9348751787072116,-0.5802147270860614,-1.6093130794822776,-0.2946158936897403,1
325,4.5147586253045695,-1.8790393760504598,0.3516753639072152,1.2523541075393005,2.2934939169098048,-0.9473079250954217,1.4222487803349941,-1.3079649171635488,-1.8593275232005226,0.7521158658667227,-1.2901218177828042,1.8785076048187215,1.8657514303189464,-0.5824672260116213,0.9657201586809258,1.4404831340336526,-1.1339375784611514,-0.14915696964809966,0.19486296246013002,-1.2002298140124497,0
1575,-6.521615618018965,2.5452166884933938,0.246591369308174,-1.6132246058308204,-1.8323667386498395,2.6264761069347973,-1.7237643057403194,0.006005104869832856,-0.6845402567831591,-0.47128304939266225,2.2328379986808273,1.5662922528632792,-1.766426542010068,-1.890672417184108,-0.6030305178170227,-2.63387743300499,0.09551523613107316,2.1792636874284494,-0.6418680574459104,-0.4909034060475726,1
1962,0.98515587932285,-0.2125799588942603,-0.1067762713414025,-0.803952115334511,-3.570072048988213,-0.5281882584409999,1.389552937852936,1.0364249209366285,-0.06669404243898776,-0.6800706152441015,1.2882050441951942,0.26460128316760123,0.5194291151220088,0.24688062341649264,-3.270993156908867,1.911207662480147,-1.448298493769196,-0.7818186368434679,2.1268325813323328,-0.9796745072799887,0
1191,0.4729966691454601,3.209190747681708,1.867593619322115,-7.917740219680129,1.6014380020288548,0.02962804492385442,1.4643016723001028,-2.1413423286885873,0.2236278928280064,-0.6916145866597334,-0.7230718031482449,1.2570110311277805,-0.14210812043429905,2.2175764013176362,5.1044518593892265,0.5476680176982935,3.9127067453842246,3.4979644566185186,1.9493143800710677,-0.9287627571814111,1
1558,1.5780168440675342,2.9982477146566002,0.2813139157899458,-4.191985359644401,1.0267923331190638,1.3347315059221514,1.0573584074729339,-1.9703979012433812,-0.14716159600927364,-0.5251460109133029,-5.8280383918629335,-0.7730188922724672,-1.4116772953624148,0.7672729325352574,6.94969426208094,2.4422044578289768,2.0132110946293764,-1.4096377318388078,1.8752286533837195,0.6587381394424493,0
608,4.444014541423402,-0.021943743069561816,1.097112185735952,-1.2395747691547268,-0.08212159411408948,0.7879305665819366,-0.025179111312616482,-2.62227767493162,0.12648719605376313,-1.0990377893357015,-2.4287579353605806,-0.257696596529841,-0.31807650662326403,1.4283243292384113,2.377664566217658,0.4524973202897602,-1.2578460045288002,-0.7675315235011204,0.9796462213230316,0.8704441641323432,0
1676,4.259530884371137,-1.542404742748027,0.6251741402907975,-1.1392691970404047,0.8366719321483221,0.26472978100463346,0.32785945137403805,-1.4003638950004746,1.7412414958467193,0.4336848523069174,-0.5878996680299942,-0.24883775345983614,0.8672065577371616,1.4016203180052396,2.4413268133688377,0.07378071410506148,0.5504240256481499,-0.7984770999355073,1.103999443753181,1.3057328785180295,0
1922,-7.842299993772967,2.366900348087958,0.17501077944881135,-1.2616274593503674,-3.198037639397954,-0.9512295782002996,0.6473779305864601,2.4077780600280208,-1.0983777538767026,-1.4869586303718854,0.4239497705098538,-1.2578880715087248,-0.4886048603950901,-0.7092444415530732,-1.827875774577264,0.351113249290533,2.308978355937446,-1.0150123561067568,-1.3361857053057093,1.5520506766609803,1
762,-0.9421610600330065,-0.19149847797722508,-0.12184347752049778,8.04413483956382,0.8132414459919677,-1.6456412920033976,0.24852331693742338,1.833186076762255,-0.07015824587795927,-0.8939110702623245,-1.5554339164116902,0.8387280684759507,-0.8744613032228697,-0.5726873197142976,-5.151873728575965,-0.2776034035651961,-4.125335677835279,-0.9969026248954014,-3.457017880831113,-0.10762008807788179,1
700,-4.760515158087573,0.5027063097512859,0.9272543718783705,6.807624911101096,1.8315901963532761,2.0543420812495414,1.7284336698968616,3.864903311165362,1.0281963245244985,-0.24614706006176298,3.1472656620001374,0.22092122247461,-0.4532094227348435,-2.855215042501606,-4.592878723141401,-2.8957441502386048,-2.571231851994789,2.2145603372006457,-1.4421125656989056,-0.3234900091134478,1
1769,-4.7989101117525905,2.078266022963756,-0.5699579947971619,3.4509544259429386,0.1683738488806905,-1.5675759634104578,-0.42493252008477955,3.0845183467764095,0.2904568224231773,-1.383965038624043,-2.3018761993554517,1.236907150748267,-0.07171332780641439,0.7829052115367785,-1.637028167086491,0.1259887619075497,0.9110116910567763,-1.733596647368052,-2.6407466759067724,0.5495956879476305,1
1572,8.968633067977075,-3.521605857320325,0.36741335838382544,-1.5029117053244965,-0.2039287950482198,-3.0099485812464537,0.20169297617554283,-2.6126750568639996,1.9232577758925835,-0.027733250444962478,3.526003846252544,-2.3787980812263787,1.2378509585581556,2.4976482992045295,-3.8162125772354067,0.9665061092231633,-2.8345718714603274,2.854325856392548,1.6290365674784812,1.4479621069677555,0
520,-5.709911351541298,2.2285047639372446,-1.1926389575692844,2.9769265934430282,0.2531757429606435,4.627766958154089,1.8418133816721642,2.00632118175418,0.5408701955295103,1.0670681592632398,0.044825280384481504,0.24951887940272913,-0.6759155420864776,-2.1016392781100213,0.9016910660123781,-3.2167904220170302,-0.474436207736067,-0.1823502565238826,-0.5169520707358697,-2.022674591663985,1
1719,0.9191737204407655,0.12680823060762458,0.9059510702392086,1.010834106840405,1.2894205406259749,-3.093487941229384,0.514271009182628,0.2532205449173899,0.7161594972713982,-0.0956057303607435,2.7235748333635694,1.0807435183059415,-1.2245504092264659,2.214975726312146,-4.719896597166104,-0.9910534510649072,-1.2518525943763548,3.9780161788060044,-1.6431484774873133,0.2792384346703757,0
812,1.578420624633128,-0.7366783995663657,0.6163304275068053,2.4483979430680907,1.83259400860065,-0.2361769543995716,-0.4643064765100874,1.117620422391505,1.739223590067173,0.19411341914479044,2.1575940700336362,-1.0445750041662134,1.4816906495760696,0.2508775970356719,-2.514522327685413,-0.896803661709074,-1.457621444843031,2.1838407274150513,0.11177538305768209,0.5409369859519771,0
94,-5.459171011265045,2.6694721858980186,-1.6595281119269294,1.8306051236574785,-0.19560178837977082,-0.7508431731129909,-0.6510295964728868,0.9917853604196348,0.8312182592752,-0.2205183564770988,-3.9629221285294225,-0.6925892402567622,-0.09085773945386609,0.390507356768512,0.9032917589969658,-0.2717231076914748,1.2929765033674392,-2.327109488342457,-3.323266150224224,0.6843683137480508,1
1923,1.5028475058157027,-1.214552609461319,-0.2652903144685898,-3.9925309250505165,-1.8511019065133199,0.6075372984036911,1.2438774816899345,-0.40945472892876644,0.7363863763447174,1.30994075623018,2.1397808189230356,0.37800867450757136,-0.13476413212203697,0.07880780189153713,1.0931980513566204,0.7529049243226151,1.5760969638223976,-0.20247921578869832,2.7277161213126293,-0.9251042803684859,0
1072,0.10686395856848586,2.8182758205485845,-0.15572964934167224,-3.1881143798888276,-4.633331245320221,-0.45273358907835637,0.8258618230190732,-1.2060148494579337,-0.17933709132298373,-1.9880913298816725,-1.3023668269411106,-0.22104218651709767,-0.6518216198896375,2.0633396835513906,-2.052707716389821,1.5145145560528883,-1.864497417786048,-0.09245882609919742,1.1746598542208035,-0.6635224775101992,0
1337,1.4646200593359053,1.1363157461137803,-0.8322896328435937,-2.3255138037371714,-0.07224951488440867,-1.7687944581323725,0.5040331419184754,-0.6467349489462544,0.7206180008804053,0.5239712612462203,-1.7799116969578428,0.10851919363504405,0.5195206218691037,0.2902425089186028,0.45130080244871246,2.927590500928162,0.2271390900505308,0.44170728070794296,0.9900449035646192,-0.7806535036745232,0
609,-1.756436838959742,0.6901363882729867,2.145376825460203,-1.2694607179623802,0.4563971710360635,-0.7805521374803553,1.3127404488517507,-0.0760442584356944,-1.1785750893845401,0.6522874724108997,-0.9266172255547057,0.06840137429845145,-0.5173362892483959,-1.2177172298115697,1.1549048811672462,1.275083937654025,1.3186404904561821,0.0717018168393384,-0.32921446166599755,-0.7938599497979925,1
1006,1.3068798470486516,0.582517810793334,-0.5422911326537225,-4.67564355934613,-0.4570646884940255,-2.122754865462656,0.7848458105888969,0.1295248791673016,-0.31736728231652783,-1.6620805524033233,-0.201836717155269,-1.840807821631585,-0.2216649754942259,4.119083760224218,1.9169729789225796,0.8328634115990817,3.992728258190858,-0.2653135831018649,1.0040352242439283,0.39274180722991225,0
1357,-1.464732469099482,1.373741272925536,-0.10287660960673566,2.1714015656619936,1.7400336224769033,0.3894083803502462,-1.4147976966370557,1.0663309864803547,0.9785896138438974,-0.8872772992089013,-1.6281451213007618,-0.8686889557516966,1.7647977278067317,-0.8666648173286478,0.3048279094095038,0.18075191134541724,-0.4077898953602701,0.23148938178244804,-0.676066798127515,-1.3148950830128372,1
476,-6.075554485866819,-0.05620127865576552,-0.1110405862033485,7.620482223293491,1.7584567462372596,1.5384638899127476,0.8781725321756113,1.2081334572081135,1.9718433001254878,-1.262341080172731,0.14892380819843642,-0.6608211365113139,0.46952498575401624,-3.728602263353844,-2.4836550906405654,-3.5090222736264827,-2.62432411851856,-0.029855971177591645,-4.726407502998519,0.38840800534968856,1
181,3.8995553255272846,-0.828637098356589,1.0803632795125553,0.46047020423338275,-1.0783197421875244,-1.8142373793762294,0.7561402875014145,1.5618066865257605,0.030032997960325367,1.816824313868684,1.6075310139696108,0.4340804321024787,1.4099487299091964,1.7525392030777283,-3.8892513029117346,1.9799541323668346,-1.5878745860907344,0.5547394863930892,2.1691583620118777,0.047494224561099405,0
580,0.42894272000978656,-3.3006412101170977,-1.017004027354708,4.217019850541399,-1.7579518661023326,-2.9399321293149647,0.12062925208768965,3.6528443498939,-1.7519533528283098,0.6698920787170874,3.6129690297843347,-0.4298357835852066,-1.4953442019000642,-1.7722902397379974,-7.156675717730942,2.3230225545720034,-1.9597102068405574,-0.988828106961693,0.4050057165969325,0.6987616524310121,1
798,3.9770112118651855,-0.2543743717420124,-0.8956062630663898,-3.255870591440596,-1.0081555769978336,-0.2935120581699267,0.1368545585333979,-1.2530847560582514,-0.9844939997188433,0.0072110929080868025,-0.5414746794045919,1.0973136960402388,-0.09501378783904728,1.4962287127187228,1.3205579316928104,1.7734439869798129,0.2628180855659825,-0.28136185260350177,2.433489408164224,1.424043454094251,0
166,-1.2712958818169584,-0.4787078710239472,-0.061574589533616775,5.720306208205858,1.1097646039766247,0.028652773678256804,-1.1953229357444126,0.8891182068387838,0.03070712652955259,0.44944736259075707,-0.8476278213001739,-0.33768141107260785,-0.6198116490302931,-1.4197553587245006,-2.364462751136839,-1.0318006444663934,-2.6383549388352487,-0.703607094607271,-2.5326064772337666,0.056701936778754077,1
1023,-2.026263816305852,-0.360237287878443,-0.17947383107373363,2.8172004367511407,-1.2798364753334672,-1.1920083981417606,1.4470475612176874,-1.3461561550103545,0.09207487134708969,0.21713284730365684,-5.170782851301731,-0.30187942784550925,0.13161071854444656,-3.181496326882577,0.7932827023842534,2.5372171755599773,-1.4935896014990706,-4.498627711151693,-2.85086825325398,-0.29794313686866036,1
1747,3.092193100034714,-5.66098137888237,-0.15879948130055258,1.4425759248384977,-1.8127951216697786,-8.720064744610033,0.9017764140034529,0.3631079737386753,-0.8928917593484605,0.6717459321939222,11.179503509637295,-0.8170860004177449,-0.4896441705971422,0.5160989067019057,-14.855189298603959,0.4674556360368928,-3.8105019094604806,6.663984511954565,-2.2082890720770942,0.41797421266223095,0
772,7.420247945993049,-2.8288881867930447,-0.40482672502772626,-1.2260940255986146,1.720546964301339,1.0623776239001008,-1.0891370397097064,-3.1827311250655526,2.4966163394818244,-0.4554663741943195,-4.979446524647865,1.9258687294335084,1.2670401023180649,1.0531363163140428,7.6163363031492075,1.5743596051488555,1.3809529743822686,-4.71075044776794,1.481597602364136,-0.7844392959335439,0
779,-5.046453029344876,0.6722878954038545,-0.21007668686595998,5.233446878263442,3.8904083251728996,2.483975071844176,0.23306548048855372,1.8647483500748026,-0.19315894829544333,1.3174509478188334,0.955009504909915,-0.25328289228595285,-0.9937011195512507,-3.3248810195180227,-0.0443010023458071,-3.300946670014111,-0.5824031824182248,1.860403991602714,-2.511942225692702,-0.6572815041117869,1
81,-0.3608008023885157,0.25409873837118147,-0.9880945049364014,7.541461807682089,2.5847470313403607,2.771513158540043,0.2778184566537818,1.504137632241393,-1.5654666014265897,-0.940680712313935,-3.273161643619905,0.05816128717435119,-1.0380014601154495,-0.7571117889784449,0.7640983505289516,-2.0793259997591074,-2.568077514659386,-2.3805689161381327,-1.8414604778081873,-0.6875584223745896,1
583,-4.9860961754680515,0.6507235593153884,-1.3796608465452547,1.1458444233291747,0.49204824706827455,-2.6821797249771206,0.7489701167860747,3.046973734888207,-0.6775680105001388,-0.3108071925091398,-0.08658056059412207,1.7460573490560565,-0.4898178969781749,-0.4588985117089911,-1.382926072123387,1.015086675639618,2.785716090920791,-0.7702651246278035,-1.9765498877196448,0.07858211309962304,1
360,-4.528501236014483,2.0589880992576552,0.6143180902067709,-1.387979288657565,0.2610888151315728,0.3713807999592301,0.7699297524612134,2.168401408421582,-0.3928138404684135,2.038657990735858,3.0950337474159744,1.9054053707099052,1.29079402427634,-1.1674689867662802,-1.7620951431554712,-0.568357237335404,1.2324868109644775,3.3768695469313434,0.6213975389996957,-0.35578862326753696,1
499,-8.703068317532491,3.497501338231333,-0.8773600169823746,-5.961635558390777,-0.652691933831439,-2.242426334234563,0.7887318801004222,-0.07229896689600368,-1.2870183669766349,0.20280695679380634,0.33712131639194204,2.426244834518652,1.549064300084925,-1.6891336896197626,1.3491740560619896,1.0307475730688909,4.839608868226234,2.3758708974148317,-1.8503487582445202,0.9610954060879003,1
1799,-4.070769033023143,-1.7490213100968943,2.9993894554903098,-3.443470629410268,-2.212679627387814,-1.9723523761049198,0.1522853060639206,1.8489282527185025,0.2178333795075098,-0.5872175314336967,3.6495221308451513,0.019589440557552972,-1.0872483990094008,-3.5520493462282863,-1.2784732346605063,2.7423682614934477,3.363188104236884,-0.32614415455151946,1.200009666582376,-0.10508613789690711,1
533,2.149121851596886,-0.9016924793579861,1.778974799287893,-3.8910003701188707,-0.9966903136758494,2.1369362695587637,0.9224750759336843,-1.7666045216155133,-0.8060171989642826,1.5211451042599695,0.039819592245233355,-0.4304443584045832,-0.7626258719018871,-0.9248167100077875,3.79971774603661,0.7403921481993165,1.133797564892649,-0.9151460069702702,2.782161961375531,-0.03342330475234153,0
1607,3.4854410031298664,-1.1830255059403925,0.3646584063053309,-0.9566756634184364,-1.5592994865282312,2.245721225682694,-0.11382503037899636,-1.9618488541668273,0.26270261358880725,-0.2539143239335511,-1.7379569543450835,0.32620701139261254,-0.9337396234340034,-2.4558414353138738,2.2484113666837935,2.1621834670271145,-2.028757225183745,-2.15597026346132,2.6871525256858932,0.5878022766871172,1
1367,9.916765841396273,-3.2946636105705442,0.7075418343351506,-2.5647848924995564,-1.7753691003829992,-0.8264389855045905,1.0882465038945677,-1.078459398249774,-0.3774167786075222,0.6968324688081603,4.514093929564499,-0.6524483437678762,-0.4022672286543072,2.9007083266434686,-3.468754634960251,1.3066504463609427,-2.651399543152003,2.0648474437708595,4.817699306985087,-2.420512032452161,0
1063,-6.643989403954349,1.4668847446696418,-0.8329588790459409,-0.5423933311079334,-1.6637385957068906,-2.9964998188455145,-0.349389849568878,2.8307895697906122,0.10340592880573582,1.783041215822119,2.3682524548815085,1.5603010468706973,-1.444584950435471,-0.39561767658409686,-4.183094494899771,0.515516367259332,1.9911666600829119,1.2031568919166804,-1.8269457931253748,0.174437605204988,1
962,1.2427768052206174,0.38701611651989887,0.5617809759392904,-0.30377979997569593,-1.598364658098676,-0.9541207360658109,-1.7368336133087268,-0.5397738652299564,-0.03406638447862917,-0.4581249079482792,1.820058467013529,0.9112322156920332,1.031815717506984,1.5949012375449334,-3.668794707770627,-0.4806763218123058,-2.174591503147489,1.9663664650346138,0.053451694069196254,0.17945402164895208,0
828,-5.498304544773374,1.7633628876919483,-0.5323999798726824,-0.22633285533016181,-0.8552711302548439,-0.842611177009672,-1.5237796792100484,0.7896974996004924,0.37645271630109506,0.36778460841152844,-2.4457949427917054,0.9601357773116727,-0.1433490435997471,-1.1866016958577281,1.1112599679369923,0.8308778608621247,2.0509454539707392,-1.9468213382083888,-2.0572755794027975,0.9283240583957603,1
822,6.112129680232369,-1.9539848741393313,0.6915690986987862,-0.48753121947721073,3.095905103390823,-0.40883066699864096,0.28464322384563073,-2.54429130574951,-1.8172786999005668,-0.561372657250003,-2.597481068936878,-0.2938397012098301,0.408966743213251,2.513244762407634,4.642151057424454,-0.2666938896613902,1.160840978708401,-1.2275874792796562,-0.14144709149193235,-2.136469559379549,0
3,3.251318849086356,-1.679800896178334,0.5394666688522062,0.4315522418862105,-0.29491150792803755,-2.800983429320765,1.4502282012305427,-0.7564242501915488,-0.8465928930058834,0.46683038560150836,-2.0040311556281134,-0.5769157016596429,-0.02806874047450387,1.284634338166468,-0.1763483346577341,2.1284446436051647,-0.024222449134951418,-2.2856378360011256,-0.6308142319782344,-0.6482658954709473,0
792,5.613905608507608,-0.7939719009396392,2.5131834537076703,-2.3342425504495448,-1.2603692944882106,1.98241446061011,-1.3853279176648245,-0.7965427338114686,-1.3079836971644396,0.49253165329293747,-5.717589235328353,0.9654436618578296,1.0442613314809852,0.8805457348817463,6.78576595207357,3.7577470103410646,1.513681859861006,-6.275477708461598,4.04796606975183,-0.41696431196900496,0
1283,-4.080651700606702,3.557499646456302,-0.5982220705855303,-2.112606217531669,-0.5757380314418963,1.5326100968744887,0.38108170835510935,-0.3028655031403127,-2.227656015229572,-0.15741360351543576,-3.4725131169544077,-1.6092016821048207,0.20516648368954482,0.14177091025060684,3.6289827720438566,-0.08246949661337033,1.8525179462996437,-1.0664340583473642,-0.4814771879698465,-0.7691734672161413,1
